entity_id,artifact_type,material_json,appearance_json,abilities_json,limitations_json,usage_conditions_json,creation_summary,fate_summary
artifact.babylonian.marduk_net,ARTIFACT,[],{},[],[],[],,
artifact.chinese.huntian_ling,ARTIFACT,[],{},[],[],[],,
artifact.chinese.qiankun_quan,ARTIFACT,[],{},[],[],[],,
artifact.egyptian.solar_barque,SHIP,[],{},[],[],[],,
artifact.greek.aegis,ARTIFACT,[],{},[],[],[],,
artifact.greek.caduceus,SCEPTER,[],{},[],[],[],,
artifact.greek.helm_hades,ARMOR,[],{},[],[],[],,
artifact.mesopotamian.tablet_destinies,ARTIFACT,[],{},[],[],[],,
artifact.norse.draupnir,RING,[],{},[],[],[],,
artifact.norse.gleipnir,ARTIFACT,[],{},[],[],[],,
creature.norse.gullinbursti,CRAFTED_DIVINE_BEAST,"[""golden bristles""]","{""form"":""boar"",""bristles"":""golden""}","[""shines in darkness""]",[],[],Produced during the treasure-forging contest in Skáldskaparmál,
weapon.arthurian.excalibur,WEAPON,[],{},[],[],[],,
weapon.babylonian.marduk_bow,WEAPON,[],{},[],[],[],,
weapon.chinese.ruyi_jingu_bang,WEAPON,[],{},[],[],[],,
weapon.chinese.xuanyuan_sword,WEAPON,[],{},[],[],[],,
weapon.greek.apollo_bow,WEAPON,[],{},[],[],[],,
weapon.greek.artemis_bow,WEAPON,[],{},[],[],[],,
weapon.greek.poseidon_trident,WEAPON,[],{},[],[],[],,
weapon.greek.zeus_thunderbolt,WEAPON,[],{},[],[],[],,
weapon.hindu.pashupatastra,WEAPON,[],{},[],[],[],,
weapon.hindu.sudarshana_chakra,WEAPON,[],{},[],[],[],,
weapon.hindu.trishula,WEAPON,[],{},[],[],[],,
weapon.indian.brahmastra,WEAPON,[],{},[],[],[],,
weapon.indian.gandiva,WEAPON,[],{},[],[],[],,
weapon.irish.caladbolg,WEAPON,[],{},[],[],[],,
weapon.irish.fragarach,WEAPON,[],{},[],[],[],,
weapon.irish.gae_bulg,WEAPON,[],{},[],[],[],,
weapon.japanese.amenonuhoko,WEAPON,[],{},[],[],[],,
weapon.japanese.kusanagi,WEAPON,[],{},[],[],[],,
weapon.norse.freyr_sword,WEAPON,[],{},[],[],[],,
weapon.norse.gram,WEAPON,[],{},[],[],[],,
weapon.norse.gungnir,WEAPON,[],{},[],[],[],,
weapon.norse.mjolnir,WEAPON,[],{},[],[],[],,
weapon.norse.tyrfing,WEAPON,[],{},[],[],[],,
weapon.vedic.vajra,WEAPON,[],{},[],[],[],,
