id,target_label,normalized_label,proposed_entity_type,civilization_id,discovered_from_entity_id,discovered_from_claim_id,discovered_from_source_id,discovery_context,priority,status,attempts,last_error,next_action,created_at,updated_at
queue.celtic.newgrange_guardrail,Newgrange later folklore versus Neolithic evidence,newgrange later folklore versus neolithic evidence,CONCEPT,civ.irish,site.ireland.newgrange,,,Layer-separation task,90,NEEDS_REVIEW,0,,Preserve later tradition without back-projecting named gods,2026-08-10T00:00:00Z,2026-08-10T00:00:00Z
queue.china.wuxing_semantic_history,Wuxing semantic development from Hong Fan to Han Shu,wuxing semantic development from hong fan to han shu,CONCEPT,civ.chinese_ancient,concept.chinese.wuxing,claim.wuxing.mentioned_hanshu,source.china.han_shu.wuxing_zhi.ctext,Early formulation and later omen-historical elaboration must remain dated layers,96,SOURCE_FOUND,0,,Add pre-Qin and Han textual layers with chapter-level claims and scholarly dating,2026-08-11T03:05:26Z,2026-08-11T03:05:26Z
queue.china.wuxing_sources,Wuxing primary text source locations,wuxing primary text source locations,CONCEPT,civ.chinese_ancient,concept.chinese.wuxing,,,Native element-system evidence gap,96,PARTIAL,1,,Build dated semantic layers from pre-Qin through Han sources,2026-08-10T00:00:00Z,2026-08-11T03:05:26Z
queue.egypt.amun_ra,Amun-Ra,amun-ra,DEITY,civ.egyptian,deity.egyptian.amun,,,Composite-deity and periodization branch,95,NEW,0,,Do not merge with Amun or Ra; collect dated evidence,2026-08-10T00:00:00Z,2026-08-10T00:00:00Z
queue.egypt.ra_horakhty,Ra-Horakhty,ra-horakhty,DEITY,civ.egyptian,deity.egyptian.ra,,,Composite-deity branch,90,NEW,0,,Collect inscriptions and museum objects by period,2026-08-10T00:00:00Z,2026-08-10T00:00:00Z
queue.greek.hydra,Lernaean Hydra,lernaean hydra,MONSTER,civ.greek,creature.greek.cyclopes_hesiodic,,,Mythic-creature expansion branch,70,DISCOVERED,0,,Find primary textual attestations,2026-08-10T00:00:00Z,2026-08-10T00:00:00Z
queue.greek.metis,Metis,metis,DEITY,civ.greek,deity.greek.zeus,,,Discovered from Zeus genealogy,90,PARTIAL,1,,Add non-Hesiodic genealogy variants as separate claims,2026-08-10T00:00:00Z,2026-08-11T03:05:26Z
queue.greek.olympia_cult,Olympia cult and inscriptions,olympia cult and inscriptions,RITUAL,civ.greek,site.greece.olympia,,,Expand archaeological cult evidence,88,SOURCE_FOUND,0,,"Connect inscriptions, temples and museum objects",2026-08-10T00:00:00Z,2026-08-10T00:00:00Z
queue.greek.typhaon_distinction,Typhaon versus Typhon/Typhoeus witness distinction,typhaon versus typhon/typhoeus witness distinction,MONSTER,civ.greek,creature.greek.typhon,claim.typhon.mentioned_theogony,source.greek.theogony.perseus_eng1,Name and genealogy ambiguity exposed by Hesiodic passages and later mythography,95,CONFLICT,0,,Collate Greek forms and genealogies before creating redirects or mergers,2026-08-11T03:05:26Z,2026-08-11T03:05:26Z
queue.greek.typhon,Typhon,typhon,MONSTER,civ.greek,deity.greek.zeus,,,Discovered while expanding Zeus and the Theogony,96,PARTIAL,1,,Expand later variants without overwriting the Hesiodic baseline,2026-08-10T00:00:00Z,2026-08-11T03:05:26Z
queue.greek.v040.celestial_variants,"Helios, Selene and Eos later genealogies and identifications",helios selene and eos later genealogies and identifications,CONCEPT,civ.greek,deity.greek.helios,claim.v040.helios.sibling_selene,source.greek.theogony.perseus_eng1,The Hesiodic sibling group opens later Apollo/Artemis identifications and variant genealogies that must not be auto-merged.,92,NEEDS_REVIEW,0,,Add dated identity candidates and competing claims from individually registered witnesses,2026-08-14T00:00:00Z,2026-08-14T00:00:00Z
queue.greek.v040.community_feedback_gaps,Greek deity gaps raised by public community feedback,greek deity gaps raised by public community feedback,DEITY,civ.greek,,,,"Public feedback identified Thanatos, Hypnos, Nyx, Hecate, Selene, Helios and Hestia as missing. The comment is a discovery lead only and is not used as scholarly evidence.",98,PARTIAL,1,,Continue comparing community-reported omissions against primary-text and archaeological evidence before adding claims,2026-08-14T00:00:00Z,2026-08-14T00:00:00Z
queue.greek.v040.hecate_later_layers,"Hecate later magic, crossroads and underworld layers",hecate later magic crossroads and underworld layers,DEITY,civ.greek,deity.greek.hecate,claim.v040.hecate.mentioned_theogony,source.greek.theogony.perseus_eng1,The early Hesiodic and Hymn-to-Demeter baseline exposes later historical layers that must be separately dated and sourced.,97,SOURCE_FOUND,0,,"Add dated literary, epigraphic, archaeological and cult layers without projecting them backward into Hesiod",2026-08-14T00:00:00Z,2026-08-14T00:00:00Z
queue.greek.v040.hestia_cult,"Hestia cult, civic hearths and inscriptions",hestia cult civic hearths and inscriptions,RITUAL,civ.greek,deity.greek.hestia,claim.v040.hestia.honors_hymn29,source.greek.homeric_hymn_hestia29.scaife,"The hymn’s libation language requires comparison with inscriptions, civic hearths and archaeological contexts.",93,SOURCE_FOUND,0,,Collect epigraphic and archaeological evidence with place-specific dates and catalogue numbers,2026-08-14T00:00:00Z,2026-08-14T00:00:00Z
queue.greek.v040.nyx_extended_children,Nyx extended Hesiodic genealogy and later variants,nyx extended hesiodic genealogy and later variants,DEITY,civ.greek,deity.greek.nyx,claim.v040.thanatos.child_nyx,source.greek.theogony.perseus_eng1,Thanatos and Hypnos expose the larger catalogue of Nyx’s children and later variants.,94,SOURCE_FOUND,0,,Add the remaining children as separate entities and preserve witness-level variant genealogies,2026-08-14T00:00:00Z,2026-08-14T00:00:00Z
queue.greek.v040.perses_identity,Perses homonym and Hecate genealogy witness audit,perses homonym and hecate genealogy witness audit,DEITY,civ.greek,deity.greek.perses,claim.v040.perses.parent_hecate,source.greek.theogony.perseus_eng1,The Hecate genealogy contains a name shared by multiple Greek figures; automatic merging is unsafe.,99,CONFLICT,0,,"Collate Perses entities, parentage and ancient witnesses before creating any identity relation",2026-08-14T00:00:00Z,2026-08-14T00:00:00Z
queue.greek.v050.eleusis_layers,"Eleusis archaeology, inscriptions and mystery-cult layers",eleusis archaeology inscriptions and mystery cult layers,ARCHAEOLOGICAL_SITE,civ.greek,deity.greek.demeter,claim.v050.h2.demeter_associated_eleusis,source.greek.homeric_hymn_demeter.scaife,The hymn supplies a textual Eleusinian layer but not a complete archaeological or historical ritual dossier.,99,SOURCE_FOUND,0,,"Add Greek Ministry, UNESCO or excavation records, dated inscriptions, museum catalogue numbers and ritual scholarship as separate evidence layers",2026-08-14T00:00:00Z,2026-08-14T00:00:00Z
queue.greek.v050.hades_helm,Hades helm of invisibility witness history,hades helm of invisibility witness history,ARTIFACT,civ.greek,deity.greek.hades,claim.v050.h2.hades_participated,source.greek.homeric_hymn_demeter.scaife,The Hades profile remains incomplete without a separately sourced helm tradition.,95,DISCOVERED,0,,Locate exact archaic/classical textual passages and securely catalogued depictions before asserting ownership or powers,2026-08-14T00:00:00Z,2026-08-14T00:00:00Z
queue.greek.v050.hephaestus_parentage,Hephaestus parentage variants across ancient witnesses,hephaestus parentage variants across ancient witnesses,DEITY,civ.greek,deity.greek.hephaestus,claim.v050.theogony.hephaestus_child_hera,source.greek.theogony.perseus_eng1,"The Hesiodic Hera-alone genealogy exposes other ancient parentage accounts that must be compared, not overwritten.",94,CONFLICT,0,,Register exact Homeric and later witnesses and create an explicit variant group without merging contradictory claims,2026-08-14T00:00:00Z,2026-08-14T00:00:00Z
queue.greek.v050.hermes_caduceus,Hermes staff and caduceus textual/iconographic history,hermes staff and caduceus textual iconographic history,ARTIFACT,civ.greek,deity.greek.hermes,claim.v050.h4.hermes_messenger,source.greek.homeric_hymn_hermes4.scaife,Hymn 4 supports messenger and lyre layers but does not by itself establish every later caduceus form.,96,SOURCE_FOUND,0,,"Collect exact ancient passages, vase catalogues, coins and museum objects; distinguish herald staff from modern medical-symbol reception",2026-08-14T00:00:00Z,2026-08-14T00:00:00Z
queue.greek.v050.olympian_membership,Ancient and later lists of the Olympian gods,ancient and later lists of the olympian gods,CONCEPT,civ.greek,deity.greek.zeus,,source.greek.homeric_hymns.scaife,The core-god profile pass exposes that a fixed modern list of twelve must not be projected onto every Greek source or locality.,98,NEEDS_REVIEW,0,,"Register separately dated literary, epigraphic and cult groupings; preserve changing membership and avoid a universal fixed list",2026-08-14T00:00:00Z,2026-08-14T00:00:00Z
queue.ifa.permission_model,Ifá community permission and restricted-knowledge model,ifá community permission and restricted-knowledge model,ORAL_TRADITION,civ.ifa,text.yoruba.ifa_corpus,,,Living-tradition governance,100,NEEDS_REVIEW,0,,Design lineage-aware access controls before deeper collection,2026-08-10T00:00:00Z,2026-08-10T00:00:00Z
queue.india.weapon_sources,Indian divine-weapon primary text locations,indian divine-weapon primary text locations,WEAPON,civ.hindu,weapon.vedic.vajra,,,Seed artifact evidence gap,92,SOURCE_FOUND,0,,Pin Rigveda and epic chapter/verse references,2026-08-10T00:00:00Z,2026-08-10T00:00:00Z
queue.japan.kusanagi_versions,Kusanagi ownership and transmission variants,kusanagi ownership and transmission variants,WEAPON,civ.japanese_shinto,weapon.japanese.kusanagi,,,Artifact version branch,94,SOURCE_FOUND,0,,"Separate Kojiki, Nihon Shoki and later shrine traditions",2026-08-10T00:00:00Z,2026-08-10T00:00:00Z
queue.maya.hero_twins,Hero Twins narrative episodes,hero twins narrative episodes,EVENT,civ.maya,text.kiche.popol_vuh,,,Popol Vuh expansion,93,SOURCE_FOUND,0,,Pin folios and K'iche' names; retain community context,2026-08-10T00:00:00Z,2026-08-10T00:00:00Z
queue.mesopotamia.anzu,Anzu,anzu,MONSTER,civ.akkadian,artifact.mesopotamian.tablet_destinies,,,Tablet of Destinies narrative branch,94,SOURCE_FOUND,0,,Pin critical text witnesses and line locations,2026-08-10T00:00:00Z,2026-08-10T00:00:00Z
queue.mesopotamia.inanna_ishtar,Inanna–Ishtar identification history,inanna–ishtar identification history,CONCEPT,civ.akkadian,deity.sumerian.inanna,,,Identity-without-merger research task,97,NEEDS_REVIEW,0,,"Build dated, language-specific identification claims",2026-08-10T00:00:00Z,2026-08-10T00:00:00Z
queue.mexica.templo_mayor_objects,Templo Mayor deity and object network,templo mayor deity and object network,MUSEUM_OBJECT,civ.mexica,site.mexico.tenochtitlan,,,Archaeological-object expansion,93,SOURCE_FOUND,0,,"Connect construction layers, objects and catalogue numbers",2026-08-10T00:00:00Z,2026-08-10T00:00:00Z
queue.norse.bestla,Bestla,bestla,GIANT,civ.norse,deity.norse.odin,,,Odin genealogy expansion,88,PARTIAL,1,,Add manuscript/redaction-specific attestations,2026-08-10T00:00:00Z,2026-08-11T03:05:26Z
queue.norse.borr,Borr,borr,DEITY,civ.norse,deity.norse.odin,,,Odin genealogy expansion,88,PARTIAL,1,,Add manuscript/redaction-specific attestations,2026-08-10T00:00:00Z,2026-08-11T03:05:26Z
queue.norse.brokkr_eitri,Brokkr and Eitri/Sindri,brokkr and eitri/sindri,CREATURE,civ.norse,weapon.norse.mjolnir,,,Mjölnir manufacture branch,94,PARTIAL,1,,Resolve Eitri/Sindri at manuscript-witness level; do not auto-merge,2026-08-10T00:00:00Z,2026-08-11T03:05:26Z
queue.norse.creation_triad_variants,Odin–Vili–Vé versus Odin–Hœnir–Lóðurr creation triads,odin–vili–vé versus odin–hœnir–lóðurr creation triads,CONCEPT,civ.norse,deity.norse.vili,claim.vili.cosmogony,source.norse.prose_edda.vsnr,Cross-witness cosmogony comparison without assumed identity,94,NEEDS_REVIEW,0,,Pin Völuspá stanzas and compare without forced equivalence,2026-08-11T03:05:26Z,2026-08-11T03:05:26Z
queue.norse.gullinbursti_variants,Gullinbursti ownership and Baldr funeral variants,gullinbursti ownership and baldr funeral variants,DIVINE_BEAST,civ.norse,creature.norse.gullinbursti,claim.brokkr.creator_gullinbursti,source.norse.skaldskaparmal.vsnr1998,Forged-creature branch from the divine treasures episode,84,DISCOVERED,0,,"Compare Skáldskaparmál, Gylfaginning and Húsdrápa testimony",2026-08-11T03:05:26Z,2026-08-11T03:05:26Z
queue.norse.mimir,Mímir,mímir,CREATURE,civ.norse,deity.norse.odin,,,Wisdom and well narrative branch,86,PARTIAL,1,,Add manuscript/redaction-specific attestations,2026-08-10T00:00:00Z,2026-08-11T03:05:26Z
queue.norse.mimir_head_traditions,Mímir head and counsel traditions,mímir head and counsel traditions,CONCEPT,civ.norse,being.norse.mimir,claim.mimir.owns_well,source.norse.prose_edda.vsnr,Mímir well branch exposes separate severed-head and hostage narratives,91,SOURCE_FOUND,0,,"Add Völuspá, Sigrdrífumál and Ynglinga saga witness-specific claims",2026-08-11T03:05:26Z,2026-08-11T03:05:26Z
queue.norse.sindri_eitri_identity,Sindri–Eitri smith identity by manuscript witness,sindri–eitri smith identity by manuscript witness,DWARF,civ.norse,being.norse.eitri,,source.norse.skaldskaparmal.vsnr1998,Unresolved name/identity candidate created during smith research,97,CONFLICT,0,,"Inspect Codex Regius, Uppsala and Wormian readings and edition apparatus",2026-08-11T03:05:26Z,2026-08-11T03:05:26Z
queue.norse.ve,Vé,vé,DEITY,civ.norse,deity.norse.odin,,,Odin sibling/cosmogony expansion,84,PARTIAL,1,,Add manuscript/redaction-specific attestations,2026-08-10T00:00:00Z,2026-08-11T03:05:26Z
queue.norse.vili,Vili,vili,DEITY,civ.norse,deity.norse.odin,,,Odin sibling/cosmogony expansion,84,PARTIAL,1,,Add manuscript/redaction-specific attestations,2026-08-10T00:00:00Z,2026-08-11T03:05:26Z
queue.polynesia.iwi_variants,Māori iwi/hapū creation variants,māori iwi/hapū creation variants,ORAL_TRADITION,civ.maori,text.maori.creation_traditions,,,Living-tradition variant expansion,98,SOURCE_FOUND,0,,Keep community attribution and permission per claim,2026-08-10T00:00:00Z,2026-08-10T00:00:00Z
queue.slavic.primary_claims,Slavic deity primary-source claim extraction,slavic deity primary-source claim extraction,DEITY,civ.slavic,deity.slavic.perun,,,Sparse-source expansion,95,PARTIAL,1,,"Continue source-biased extraction beyond Perun: regional chronicle witnesses, Polabian sources and modern reconstruction boundaries",2026-08-10T00:00:00Z,2026-08-14T00:00:00Z
queue.ugarit.baal_title,Baal as title versus Ugaritic deity,baal as title versus ugaritic deity,CONCEPT,civ.ugaritic,deity.ugaritic.baal,,,Alias and identity ambiguity,98,PARTIAL,1,,"Extend the title/entity audit to Baal Hammon, Baalshamin, Melqart and biblical Baalim; preserve each regional dossier",2026-08-10T00:00:00Z,2026-08-14T00:00:00Z
queue.v060.chinese.leigong_diachronic,"Leigong from classical texts through Daoist, local and visual traditions",leigong from classical texts through daoist local and visual traditions,DEITY,civ.chinese_folk,deity.chinese.leigong,claim.v060.chinese.leigong_appears_lunheng,source.chinese.lunheng_leixu.ctext,"The first pass deliberately separates Chu Ci, Lunheng and Mogao layers and leaves medieval/local cult development open.",98,PARTIAL,1,,"Add Taiping Guangji, Daoist scriptures, dated temple records and region-specific living traditions with access notes",2026-08-14T00:00:00Z,2026-08-14T00:00:00Z
queue.v060.japanese.raijin_regional,Regional Japanese thunder kami and Raijin traditions,regional japanese thunder kami and raijin traditions,DEITY,civ.japanese_shinto,deity.japanese.raijin,claim.v060.japanese.raijin_thunder_scope,source.japanese.raijin.kokugakuin,The umbrella source names multiple regional thunder-kami traditions that must not be collapsed.,99,SOURCE_FOUND,1,,"Create source-specific dossiers for Kamowakeikazuchi, Karaijin, local rites and the Sotatsu screen object",2026-08-14T00:00:00Z,2026-08-14T00:00:00Z
queue.v060.norse.thor_genealogy_variants,"Thor genealogy across Poetic Edda, Prose Edda and skaldic witnesses",thor genealogy across poetic edda prose edda and skaldic witnesses,DEITY,civ.norse,deity.norse.thor,claim.v060.norse.thor_sibling_meili,source.norse.skaldskaparmal.vsnr1998,The family baseline exposes sparse Meili evidence and inferred Odin half-siblings that should not be presented as directly attested Thor-sibling claims.,99,PARTIAL,1,,Add exact skaldic stanzas and manuscript variants; distinguish directly attested siblings from shared-parent inference,2026-08-14T00:00:00Z,2026-08-14T00:00:00Z
queue.v060.norse.thor_modern_adaptations,"Thor, Loki, Hel/Hela and Angela across Norse, comics and screen layers",thor loki hel hela and angela across norse comics and screen layers,MODERN_WORK,civ.norse,deity.norse.thor,claim.v060.modern.thor_sibling_hela,source.marvel.thor.onscreen,The screen half-sister and adoptive-brother model differs from both Old Norse and Marvel comics genealogies.,96,SOURCE_FOUND,1,,Add official comics continuity sources for Hela as Loki relation and Angela as Thor sister without mixing screen canon,2026-08-14T00:00:00Z,2026-08-14T00:00:00Z
queue.v060.slavic.perun_axe,Perun and early medieval miniature axe pendants,perun and early medieval miniature axe pendants,ARTIFACT,civ.slavic,deity.slavic.perun,,source.slavic.perun.cius,Popular named-weapon claims exceed the registered medieval text evidence; archaeological pendants need object-level study.,96,NEEDS_REVIEW,1,,Add object catalogues and DOI 10.15388/ArchLit.2011.12.5137; retain association as disputed/low confidence,2026-08-14T00:00:00Z,2026-08-14T00:00:00Z
queue.v060.ugaritic.baal_mot_cycle,Baal and Mot conflict across KTU 1.5-1.6,baal and mot conflict across ktu 1 5 1 6,EVENT,civ.ugaritic,deity.ugaritic.baal,,source.ugaritic.baal_corpus.goettingen,The Yamm battle pass leaves the later Mot cycle and Shapshu intervention unmodeled.,95,SOURCE_FOUND,1,,Add tablet-by-tablet event phases and avoid the false summary that Baal permanently kills Death,2026-08-14T00:00:00Z,2026-08-14T00:00:00Z
queue.v060.ugaritic.baal_parentage,Baalu/Haddu parentage variants: Dagan and El expressions,baalu haddu parentage variants dagan and el expressions,DEITY,civ.ugaritic,deity.ugaritic.baal,,source.ugaritic.baal_corpus.goettingen,The title audit exposes multiple Ugaritic genealogy expressions that must coexist by tablet witness.,97,CONFLICT,1,,Register KTU 1.2 I and 1.3 IV line-located claims; do not merge Dagan and El,2026-08-14T00:00:00Z,2026-08-14T00:00:00Z
queue.v060.vedic.vajra_reception,Vedic vajra and later Buddhist/Jain ritual-object reception,vedic vajra and later buddhist jain ritual object reception,ARTIFACT,civ.vedic,weapon.vedic.vajra,claim.v060.vedic.vajra_appears_rigveda,source.vedic.rigveda.1_32.vhp,"The Rigvedic weapon is source-backed, but later iconographic and ritual objects require a reception chain rather than identity by spelling.",97,SOURCE_FOUND,1,,Register dated Buddhist and Jain object types and museum records as reception/variant layers,2026-08-14T00:00:00Z,2026-08-14T00:00:00Z
queue.v060.yoruba.sango_permissions,Sango living-tradition authority and permission register,sango living tradition authority and permission register,RITUAL,civ.yoruba,deity.yoruba.shango,claim.v060.yoruba.sango_thunder_scope,source.yoruba.sango_decision.unesco,UNESCO documents public community consent and initiated-only spaces; future expansion needs explicit community authority fields.,100,NEEDS_REVIEW,1,,Contact or cite authorized Oyo institutions for any non-public layer; never collect secret rites or restricted interior locations,2026-08-14T00:00:00Z,2026-08-14T00:00:00Z
queue.zoroastrian.avesta_witnesses,Avesta work/witness/version graph,avesta work/witness/version graph,MANUSCRIPT,civ.zoroastrian,text.zoroastrian.avesta,,,Version-layer expansion,97,SOURCE_FOUND,0,,Create manuscript witnesses without inventing one original text,2026-08-10T00:00:00Z,2026-08-10T00:00:00Z
