comparison_set_id,entity_id,member_role,native_scope_en,native_scope_zh,distinction_en,distinction_zh,sort_order,claim_id
comparison.thunder_storm_deities,deity.norse.thor,COMPARAND,Hammer-bearing protector and giant-opponent with thunder association in Norse textual and material layers.,古诺斯文本与物质文化层中的锤持有者、保护者和巨人对手，并具雷鸣关联。,"Loki is a narrative companion/adversary, not an Old Norse brother; Thrud is Thor’s daughter.",洛基是叙事同伴／对手，不是古诺斯层兄弟；斯露德是索尔之女。,10,claim.v060.norse.thor_thunder_scope
comparison.thunder_storm_deities,deity.greek.zeus,COMPARAND,"Thunder, lightning, thunderbolt and divine rule in specific Greek witnesses.",具体希腊文本中的雷、闪电、雷霆武器与神王层。,Greek thunderbolt genealogy and Olympian rule do not define every storm tradition.,希腊雷霆来源与奥林匹斯王权不能用来定义其他文明的风暴神。,20,claim.v060.greek.zeus_thunder_scope
comparison.thunder_storm_deities,deity.vedic.indra,COMPARAND,"Rigvedic atmospheric, thunder/lightning, martial and water-release layers with the vajra.",《梨俱吠陀》中的大气、雷电、战斗、放水与金刚杵层。,Later Buddhist Sakra and ritual vajra reception remain separate from the Rigvedic witness.,后世帝释天与佛教法器金刚杵不得覆盖吠陀文本层。,30,claim.v060.vedic.indra_thunder_scope
comparison.thunder_storm_deities,deity.japanese.raijin,UMBRELLA_COMPARAND,A broad Japanese thunder-kami designation with regional and diachronic forms.,日本跨时期、跨地方的“雷神”称谓／神祇复合入口。,Not one fixed ancient personality; the Kojiki eight thunder kami remain separate records.,不是一位固定古典人格；《古事记》八雷神保持独立。,40,claim.v060.japanese.raijin_thunder_scope
comparison.thunder_storm_deities,deity.japanese.takemikazuchi,SECONDARY_COMPARAND,"Primarily a martial heavenly envoy in classical narratives, with secondary thunder association.",古典叙事中主要是武神／天神使者，雷电为次级关联。,Not an alias or automatic equivalent of Raijin.,不是 Raijin 的别名，也不自动等同。,45,claim.v060.japanese.takemikazuchi_thunder_scope
comparison.thunder_storm_deities,deity.chinese.leigong,COMPARAND,"Diachronic Leigong layers in classical poetry, Han criticism and later visual traditions.",古典诗歌、汉代批判记录与后世图像传统中的跨时期雷公层。,Wang Chong records and rejects an image explanation; Leize’s thunder spirit stays distinct.,王充记录后加以反驳；雷泽雷神保持独立。,50,claim.v060.chinese.leigong_thunder_scope
comparison.thunder_storm_deities,deity.chinese.leize_thunder_spirit,TEXTUAL_COMPARAND,Unnamed dragon-bodied thunder spirit of Leize in the Classic of Mountains and Seas.,《山海经》中居于雷泽、龙身人头的无名雷神。,"A separate textual entity, not automatically an early name for later Leigong.",独立文本实体，不能自动当作后世雷公的早期名字。,55,claim.v060.chinese.leize_thunder_scope
comparison.thunder_storm_deities,deity.slavic.perun,COMPARAND,"East Slavic oath and state-cult evidence, with thunder/lightning synthesis in scholarship.",东斯拉夫誓言与国家崇拜见证；雷电领域由学术语境综合。,No securely named medieval axe or hammer; co-invocation with Veles is not direct proof of cosmic enmity.,没有可靠中世纪命名斧／锤；与维列斯共同受誓言援引不等于宇宙敌对。,60,claim.v060.slavic.perun_thunder_scope
comparison.thunder_storm_deities,deity.yoruba.shango,LIVING_TRADITION_COMPARAND,"Thunder, lightning, justice, kingship and ancestor memory in the living Oyo Yoruba tradition.",奥约约鲁巴活态传统中的雷、闪电、正义、王权与祖先记忆。,Public community-backed layers only; initiated-only spaces and knowledge are not collected.,仅收录社群授权的公共层；入门者空间与秘密知识不采集。,70,claim.v060.yoruba.sango_thunder_scope
comparison.thunder_storm_deities,deity.ugaritic.baal,COMPARAND,"Ugaritic storm, rain, warrior, fertility and kingship layers in tablets and iconography.",乌加里特泥板与图像中的风暴、降雨、战士、丰饶与王权层。,"Baal is also a title; other Baal figures are not merged, and weapon forms remain translation-dependent.",“Baal”亦为头衔；其他巴力不合并，武器外形保留译法差异。,80,claim.v060.ugaritic.baal_thunder_scope
