report_id,metric_key,metric_value,denominator,notes
coverage.20260810.baseline,artifact_profiles_with_abilities,1.0,35.0,Populated or evidence-linked records / current records in this registered profile collection.
coverage.20260810.baseline,civilizations,95.0,,Absolute count in the current registered baseline; not a percentage of world mythology.
coverage.20260810.baseline,claims,109.0,,Absolute count in the current registered baseline; not a percentage of world mythology.
coverage.20260810.baseline,collection_queue,31.0,,Absolute count in the current registered baseline; not a percentage of world mythology.
coverage.20260810.baseline,conflicts,2.0,,Absolute count in the current registered baseline; not a percentage of world mythology.
coverage.20260810.baseline,creature_profiles_with_abilities,6.0,14.0,Populated or evidence-linked records / current records in this registered profile collection.
coverage.20260810.baseline,deity_profiles_with_domains,3.0,111.0,Populated or evidence-linked records / current records in this registered profile collection.
coverage.20260810.baseline,entities,430.0,,Absolute count in the current registered baseline; not a percentage of world mythology.
coverage.20260810.baseline,entities_with_claims,58.0,,Absolute count in the current registered baseline; not a percentage of world mythology.
coverage.20260810.baseline,entities_with_evidence,52.0,430.0,Current registered entities with at least one evidenced outgoing claim; not global completeness.
coverage.20260810.baseline,evidence,103.0,,Absolute count in the current registered baseline; not a percentage of world mythology.
coverage.20260810.baseline,evidenced_claims,103.0,109.0,Claims with at least one evidence record / all currently registered claims.
coverage.20260810.baseline,living_tradition_sources,8.0,,Absolute count in the current registered baseline; not a percentage of world mythology.
coverage.20260810.baseline,place_entities_with_evidence,3.0,78.0,Populated or evidence-linked records / current records in this registered profile collection.
coverage.20260810.baseline,place_profiles_with_coordinates,0.0,78.0,Populated or evidence-linked records / current records in this registered profile collection.
coverage.20260810.baseline,priority_civilizations,24.0,,Absolute count in the current registered baseline; not a percentage of world mythology.
coverage.20260810.baseline,queue_new_or_discovered,4.0,,Absolute count in the current registered baseline; not a percentage of world mythology.
coverage.20260810.baseline,queue_source_found,11.0,,Absolute count in the current registered baseline; not a percentage of world mythology.
coverage.20260810.baseline,registered_sources,0.0,,Absolute count in the current registered baseline; not a percentage of world mythology.
coverage.20260810.baseline,relationships,94.0,,Absolute count in the current registered baseline; not a percentage of world mythology.
coverage.20260810.baseline,sources,87.0,,Absolute count in the current registered baseline; not a percentage of world mythology.
coverage.20260810.baseline,sources_needing_review,0.0,,Absolute count in the current registered baseline; not a percentage of world mythology.
coverage.20260810.baseline,text_entities_with_evidence,5.0,104.0,Populated or evidence-linked records / current records in this registered profile collection.
coverage.20260810.baseline,text_profiles_with_summary,3.0,104.0,Populated or evidence-linked records / current records in this registered profile collection.
coverage.20260810.baseline,unverified_or_provisional_claims,36.0,,Absolute count in the current registered baseline; not a percentage of world mythology.
coverage.20260810.baseline,url_syntax_valid_sources,87.0,,Absolute count in the current registered baseline; not a percentage of world mythology.
coverage.20260810.baseline,verified_claims,71.0,,Absolute count in the current registered baseline; not a percentage of world mythology.
coverage.20260810.baseline,web_confirmed_sources,0.0,,Absolute count in the current registered baseline; not a percentage of world mythology.
coverage.release.0.10.0,artifact_profiles_with_abilities,3.0,38.0,Populated or evidence-linked records / current records in this registered profile collection.
coverage.release.0.10.0,canonical_entities,553.0,,Absolute count in the current registered baseline; not a percentage of world mythology.
coverage.release.0.10.0,civilizations,95.0,,Absolute count in the current registered baseline; not a percentage of world mythology.
coverage.release.0.10.0,claims,389.0,,Absolute count in the current registered baseline; not a percentage of world mythology.
coverage.release.0.10.0,collection_queue,75.0,,Absolute count in the current registered baseline; not a percentage of world mythology.
coverage.release.0.10.0,conflicts,15.0,,Absolute count in the current registered baseline; not a percentage of world mythology.
coverage.release.0.10.0,creature_profiles_with_abilities,7.0,16.0,Populated or evidence-linked records / current records in this registered profile collection.
coverage.release.0.10.0,deity_profiles_with_domains,65.0,168.0,Populated or evidence-linked records / current records in this registered profile collection.
coverage.release.0.10.0,entities,558.0,,Absolute count in the current registered baseline; not a percentage of world mythology.
coverage.release.0.10.0,entities_with_claims,171.0,,Absolute count in the current registered baseline; not a percentage of world mythology.
coverage.release.0.10.0,entities_with_evidence,165.0,558.0,Current registered entities with at least one evidenced outgoing claim; not global completeness.
coverage.release.0.10.0,evidence,385.0,,Absolute count in the current registered baseline; not a percentage of world mythology.
coverage.release.0.10.0,evidenced_claims,383.0,389.0,Claims with at least one evidence record / all currently registered claims.
coverage.release.0.10.0,living_tradition_sources,16.0,,Absolute count in the current registered baseline; not a percentage of world mythology.
coverage.release.0.10.0,place_entities_with_evidence,9.0,84.0,Populated or evidence-linked records / current records in this registered profile collection.
coverage.release.0.10.0,place_profiles_with_coordinates,2.0,84.0,Populated or evidence-linked records / current records in this registered profile collection.
coverage.release.0.10.0,priority_civilizations,24.0,,Absolute count in the current registered baseline; not a percentage of world mythology.
coverage.release.0.10.0,queue_new_or_discovered,10.0,,Absolute count in the current registered baseline; not a percentage of world mythology.
coverage.release.0.10.0,queue_source_found,33.0,,Absolute count in the current registered baseline; not a percentage of world mythology.
coverage.release.0.10.0,redirected_duplicate_entities,5.0,,Absolute count in the current registered baseline; not a percentage of world mythology.
coverage.release.0.10.0,registered_sources,0.0,,Absolute count in the current registered baseline; not a percentage of world mythology.
coverage.release.0.10.0,relationships,355.0,,Absolute count in the current registered baseline; not a percentage of world mythology.
coverage.release.0.10.0,sources,160.0,,Absolute count in the current registered baseline; not a percentage of world mythology.
coverage.release.0.10.0,sources_needing_review,0.0,,Absolute count in the current registered baseline; not a percentage of world mythology.
coverage.release.0.10.0,text_entities_with_evidence,15.0,124.0,Populated or evidence-linked records / current records in this registered profile collection.
coverage.release.0.10.0,text_profiles_with_summary,23.0,124.0,Populated or evidence-linked records / current records in this registered profile collection.
coverage.release.0.10.0,unverified_or_provisional_claims,37.0,,Absolute count in the current registered baseline; not a percentage of world mythology.
coverage.release.0.10.0,url_syntax_valid_sources,160.0,,Absolute count in the current registered baseline; not a percentage of world mythology.
coverage.release.0.10.0,verified_claims,350.0,,Absolute count in the current registered baseline; not a percentage of world mythology.
coverage.release.0.10.0,web_confirmed_sources,0.0,,Absolute count in the current registered baseline; not a percentage of world mythology.
coverage.release.0.2.0,artifact_profiles_with_abilities,1.0,35.0,Populated or evidence-linked records / current records in this registered profile collection.
coverage.release.0.2.0,canonical_entities,425.0,,Absolute count in the current registered baseline; not a percentage of world mythology.
coverage.release.0.2.0,civilizations,95.0,,Absolute count in the current registered baseline; not a percentage of world mythology.
coverage.release.0.2.0,claims,109.0,,Absolute count in the current registered baseline; not a percentage of world mythology.
coverage.release.0.2.0,collection_queue,31.0,,Absolute count in the current registered baseline; not a percentage of world mythology.
coverage.release.0.2.0,conflicts,2.0,,Absolute count in the current registered baseline; not a percentage of world mythology.
coverage.release.0.2.0,creature_profiles_with_abilities,6.0,14.0,Populated or evidence-linked records / current records in this registered profile collection.
coverage.release.0.2.0,deity_profiles_with_domains,3.0,111.0,Populated or evidence-linked records / current records in this registered profile collection.
coverage.release.0.2.0,entities,430.0,,Absolute count in the current registered baseline; not a percentage of world mythology.
coverage.release.0.2.0,entities_with_claims,53.0,,Absolute count in the current registered baseline; not a percentage of world mythology.
coverage.release.0.2.0,entities_with_evidence,47.0,430.0,Current registered entities with at least one evidenced outgoing claim; not global completeness.
coverage.release.0.2.0,evidence,103.0,,Absolute count in the current registered baseline; not a percentage of world mythology.
coverage.release.0.2.0,evidenced_claims,103.0,109.0,Claims with at least one evidence record / all currently registered claims.
coverage.release.0.2.0,living_tradition_sources,8.0,,Absolute count in the current registered baseline; not a percentage of world mythology.
coverage.release.0.2.0,place_entities_with_evidence,3.0,78.0,Populated or evidence-linked records / current records in this registered profile collection.
coverage.release.0.2.0,place_profiles_with_coordinates,0.0,78.0,Populated or evidence-linked records / current records in this registered profile collection.
coverage.release.0.2.0,priority_civilizations,24.0,,Absolute count in the current registered baseline; not a percentage of world mythology.
coverage.release.0.2.0,queue_new_or_discovered,4.0,,Absolute count in the current registered baseline; not a percentage of world mythology.
coverage.release.0.2.0,queue_source_found,11.0,,Absolute count in the current registered baseline; not a percentage of world mythology.
coverage.release.0.2.0,redirected_duplicate_entities,5.0,,Absolute count in the current registered baseline; not a percentage of world mythology.
coverage.release.0.2.0,registered_sources,0.0,,Absolute count in the current registered baseline; not a percentage of world mythology.
coverage.release.0.2.0,relationships,94.0,,Absolute count in the current registered baseline; not a percentage of world mythology.
coverage.release.0.2.0,sources,87.0,,Absolute count in the current registered baseline; not a percentage of world mythology.
coverage.release.0.2.0,sources_needing_review,0.0,,Absolute count in the current registered baseline; not a percentage of world mythology.
coverage.release.0.2.0,text_entities_with_evidence,5.0,104.0,Populated or evidence-linked records / current records in this registered profile collection.
coverage.release.0.2.0,text_profiles_with_summary,3.0,104.0,Populated or evidence-linked records / current records in this registered profile collection.
coverage.release.0.2.0,unverified_or_provisional_claims,36.0,,Absolute count in the current registered baseline; not a percentage of world mythology.
coverage.release.0.2.0,url_syntax_valid_sources,87.0,,Absolute count in the current registered baseline; not a percentage of world mythology.
coverage.release.0.2.0,verified_claims,71.0,,Absolute count in the current registered baseline; not a percentage of world mythology.
coverage.release.0.2.0,web_confirmed_sources,0.0,,Absolute count in the current registered baseline; not a percentage of world mythology.
coverage.release.0.4.0,artifact_profiles_with_abilities,1.0,35.0,Populated or evidence-linked records / current records in this registered profile collection.
coverage.release.0.4.0,canonical_entities,448.0,,Absolute count in the current registered baseline; not a percentage of world mythology.
coverage.release.0.4.0,civilizations,95.0,,Absolute count in the current registered baseline; not a percentage of world mythology.
coverage.release.0.4.0,claims,159.0,,Absolute count in the current registered baseline; not a percentage of world mythology.
coverage.release.0.4.0,collection_queue,37.0,,Absolute count in the current registered baseline; not a percentage of world mythology.
coverage.release.0.4.0,conflicts,3.0,,Absolute count in the current registered baseline; not a percentage of world mythology.
coverage.release.0.4.0,creature_profiles_with_abilities,6.0,14.0,Populated or evidence-linked records / current records in this registered profile collection.
coverage.release.0.4.0,deity_profiles_with_domains,19.0,127.0,Populated or evidence-linked records / current records in this registered profile collection.
coverage.release.0.4.0,entities,453.0,,Absolute count in the current registered baseline; not a percentage of world mythology.
coverage.release.0.4.0,entities_with_claims,69.0,,Absolute count in the current registered baseline; not a percentage of world mythology.
coverage.release.0.4.0,entities_with_evidence,63.0,453.0,Current registered entities with at least one evidenced outgoing claim; not global completeness.
coverage.release.0.4.0,evidence,153.0,,Absolute count in the current registered baseline; not a percentage of world mythology.
coverage.release.0.4.0,evidenced_claims,153.0,159.0,Claims with at least one evidence record / all currently registered claims.
coverage.release.0.4.0,living_tradition_sources,8.0,,Absolute count in the current registered baseline; not a percentage of world mythology.
coverage.release.0.4.0,place_entities_with_evidence,3.0,78.0,Populated or evidence-linked records / current records in this registered profile collection.
coverage.release.0.4.0,place_profiles_with_coordinates,0.0,78.0,Populated or evidence-linked records / current records in this registered profile collection.
coverage.release.0.4.0,priority_civilizations,24.0,,Absolute count in the current registered baseline; not a percentage of world mythology.
coverage.release.0.4.0,queue_new_or_discovered,4.0,,Absolute count in the current registered baseline; not a percentage of world mythology.
coverage.release.0.4.0,queue_source_found,14.0,,Absolute count in the current registered baseline; not a percentage of world mythology.
coverage.release.0.4.0,redirected_duplicate_entities,5.0,,Absolute count in the current registered baseline; not a percentage of world mythology.
coverage.release.0.4.0,registered_sources,0.0,,Absolute count in the current registered baseline; not a percentage of world mythology.
coverage.release.0.4.0,relationships,139.0,,Absolute count in the current registered baseline; not a percentage of world mythology.
coverage.release.0.4.0,sources,91.0,,Absolute count in the current registered baseline; not a percentage of world mythology.
coverage.release.0.4.0,sources_needing_review,0.0,,Absolute count in the current registered baseline; not a percentage of world mythology.
coverage.release.0.4.0,text_entities_with_evidence,5.0,108.0,Populated or evidence-linked records / current records in this registered profile collection.
coverage.release.0.4.0,text_profiles_with_summary,7.0,108.0,Populated or evidence-linked records / current records in this registered profile collection.
coverage.release.0.4.0,unverified_or_provisional_claims,36.0,,Absolute count in the current registered baseline; not a percentage of world mythology.
coverage.release.0.4.0,url_syntax_valid_sources,91.0,,Absolute count in the current registered baseline; not a percentage of world mythology.
coverage.release.0.4.0,verified_claims,121.0,,Absolute count in the current registered baseline; not a percentage of world mythology.
coverage.release.0.4.0,web_confirmed_sources,0.0,,Absolute count in the current registered baseline; not a percentage of world mythology.
coverage.release.0.5.0,artifact_profiles_with_abilities,1.0,35.0,Populated or evidence-linked records / current records in this registered profile collection.
coverage.release.0.5.0,canonical_entities,463.0,,Absolute count in the current registered baseline; not a percentage of world mythology.
coverage.release.0.5.0,civilizations,95.0,,Absolute count in the current registered baseline; not a percentage of world mythology.
coverage.release.0.5.0,claims,221.0,,Absolute count in the current registered baseline; not a percentage of world mythology.
coverage.release.0.5.0,collection_queue,42.0,,Absolute count in the current registered baseline; not a percentage of world mythology.
coverage.release.0.5.0,conflicts,4.0,,Absolute count in the current registered baseline; not a percentage of world mythology.
coverage.release.0.5.0,creature_profiles_with_abilities,6.0,14.0,Populated or evidence-linked records / current records in this registered profile collection.
coverage.release.0.5.0,deity_profiles_with_domains,39.0,132.0,Populated or evidence-linked records / current records in this registered profile collection.
coverage.release.0.5.0,entities,468.0,,Absolute count in the current registered baseline; not a percentage of world mythology.
coverage.release.0.5.0,entities_with_claims,100.0,,Absolute count in the current registered baseline; not a percentage of world mythology.
coverage.release.0.5.0,entities_with_evidence,94.0,468.0,Current registered entities with at least one evidenced outgoing claim; not global completeness.
coverage.release.0.5.0,evidence,215.0,,Absolute count in the current registered baseline; not a percentage of world mythology.
coverage.release.0.5.0,evidenced_claims,215.0,221.0,Claims with at least one evidence record / all currently registered claims.
coverage.release.0.5.0,living_tradition_sources,8.0,,Absolute count in the current registered baseline; not a percentage of world mythology.
coverage.release.0.5.0,place_entities_with_evidence,3.0,78.0,Populated or evidence-linked records / current records in this registered profile collection.
coverage.release.0.5.0,place_profiles_with_coordinates,0.0,78.0,Populated or evidence-linked records / current records in this registered profile collection.
coverage.release.0.5.0,priority_civilizations,24.0,,Absolute count in the current registered baseline; not a percentage of world mythology.
coverage.release.0.5.0,queue_new_or_discovered,5.0,,Absolute count in the current registered baseline; not a percentage of world mythology.
coverage.release.0.5.0,queue_source_found,16.0,,Absolute count in the current registered baseline; not a percentage of world mythology.
coverage.release.0.5.0,redirected_duplicate_entities,5.0,,Absolute count in the current registered baseline; not a percentage of world mythology.
coverage.release.0.5.0,registered_sources,0.0,,Absolute count in the current registered baseline; not a percentage of world mythology.
coverage.release.0.5.0,relationships,193.0,,Absolute count in the current registered baseline; not a percentage of world mythology.
coverage.release.0.5.0,sources,100.0,,Absolute count in the current registered baseline; not a percentage of world mythology.
coverage.release.0.5.0,sources_needing_review,0.0,,Absolute count in the current registered baseline; not a percentage of world mythology.
coverage.release.0.5.0,text_entities_with_evidence,14.0,117.0,Populated or evidence-linked records / current records in this registered profile collection.
coverage.release.0.5.0,text_profiles_with_summary,16.0,117.0,Populated or evidence-linked records / current records in this registered profile collection.
coverage.release.0.5.0,unverified_or_provisional_claims,36.0,,Absolute count in the current registered baseline; not a percentage of world mythology.
coverage.release.0.5.0,url_syntax_valid_sources,100.0,,Absolute count in the current registered baseline; not a percentage of world mythology.
coverage.release.0.5.0,verified_claims,183.0,,Absolute count in the current registered baseline; not a percentage of world mythology.
coverage.release.0.5.0,web_confirmed_sources,0.0,,Absolute count in the current registered baseline; not a percentage of world mythology.
coverage.release.0.5.1,artifact_profiles_with_abilities,1.0,35.0,Populated or evidence-linked records / current records in this registered profile collection.
coverage.release.0.5.1,canonical_entities,463.0,,Absolute count in the current registered baseline; not a percentage of world mythology.
coverage.release.0.5.1,civilizations,95.0,,Absolute count in the current registered baseline; not a percentage of world mythology.
coverage.release.0.5.1,claims,221.0,,Absolute count in the current registered baseline; not a percentage of world mythology.
coverage.release.0.5.1,collection_queue,42.0,,Absolute count in the current registered baseline; not a percentage of world mythology.
coverage.release.0.5.1,conflicts,4.0,,Absolute count in the current registered baseline; not a percentage of world mythology.
coverage.release.0.5.1,creature_profiles_with_abilities,6.0,14.0,Populated or evidence-linked records / current records in this registered profile collection.
coverage.release.0.5.1,deity_profiles_with_domains,39.0,132.0,Populated or evidence-linked records / current records in this registered profile collection.
coverage.release.0.5.1,entities,468.0,,Absolute count in the current registered baseline; not a percentage of world mythology.
coverage.release.0.5.1,entities_with_claims,100.0,,Absolute count in the current registered baseline; not a percentage of world mythology.
coverage.release.0.5.1,entities_with_evidence,94.0,468.0,Current registered entities with at least one evidenced outgoing claim; not global completeness.
coverage.release.0.5.1,evidence,215.0,,Absolute count in the current registered baseline; not a percentage of world mythology.
coverage.release.0.5.1,evidenced_claims,215.0,221.0,Claims with at least one evidence record / all currently registered claims.
coverage.release.0.5.1,living_tradition_sources,8.0,,Absolute count in the current registered baseline; not a percentage of world mythology.
coverage.release.0.5.1,place_entities_with_evidence,3.0,78.0,Populated or evidence-linked records / current records in this registered profile collection.
coverage.release.0.5.1,place_profiles_with_coordinates,0.0,78.0,Populated or evidence-linked records / current records in this registered profile collection.
coverage.release.0.5.1,priority_civilizations,24.0,,Absolute count in the current registered baseline; not a percentage of world mythology.
coverage.release.0.5.1,queue_new_or_discovered,5.0,,Absolute count in the current registered baseline; not a percentage of world mythology.
coverage.release.0.5.1,queue_source_found,16.0,,Absolute count in the current registered baseline; not a percentage of world mythology.
coverage.release.0.5.1,redirected_duplicate_entities,5.0,,Absolute count in the current registered baseline; not a percentage of world mythology.
coverage.release.0.5.1,registered_sources,0.0,,Absolute count in the current registered baseline; not a percentage of world mythology.
coverage.release.0.5.1,relationships,193.0,,Absolute count in the current registered baseline; not a percentage of world mythology.
coverage.release.0.5.1,sources,100.0,,Absolute count in the current registered baseline; not a percentage of world mythology.
coverage.release.0.5.1,sources_needing_review,0.0,,Absolute count in the current registered baseline; not a percentage of world mythology.
coverage.release.0.5.1,text_entities_with_evidence,14.0,117.0,Populated or evidence-linked records / current records in this registered profile collection.
coverage.release.0.5.1,text_profiles_with_summary,16.0,117.0,Populated or evidence-linked records / current records in this registered profile collection.
coverage.release.0.5.1,unverified_or_provisional_claims,36.0,,Absolute count in the current registered baseline; not a percentage of world mythology.
coverage.release.0.5.1,url_syntax_valid_sources,100.0,,Absolute count in the current registered baseline; not a percentage of world mythology.
coverage.release.0.5.1,verified_claims,183.0,,Absolute count in the current registered baseline; not a percentage of world mythology.
coverage.release.0.5.1,web_confirmed_sources,0.0,,Absolute count in the current registered baseline; not a percentage of world mythology.
coverage.release.0.6.0,artifact_profiles_with_abilities,3.0,38.0,Populated or evidence-linked records / current records in this registered profile collection.
coverage.release.0.6.0,canonical_entities,501.0,,Absolute count in the current registered baseline; not a percentage of world mythology.
coverage.release.0.6.0,civilizations,95.0,,Absolute count in the current registered baseline; not a percentage of world mythology.
coverage.release.0.6.0,claims,286.0,,Absolute count in the current registered baseline; not a percentage of world mythology.
coverage.release.0.6.0,collection_queue,51.0,,Absolute count in the current registered baseline; not a percentage of world mythology.
coverage.release.0.6.0,conflicts,10.0,,Absolute count in the current registered baseline; not a percentage of world mythology.
coverage.release.0.6.0,creature_profiles_with_abilities,7.0,16.0,Populated or evidence-linked records / current records in this registered profile collection.
coverage.release.0.6.0,deity_profiles_with_domains,58.0,153.0,Populated or evidence-linked records / current records in this registered profile collection.
coverage.release.0.6.0,entities,506.0,,Absolute count in the current registered baseline; not a percentage of world mythology.
coverage.release.0.6.0,entities_with_claims,130.0,,Absolute count in the current registered baseline; not a percentage of world mythology.
coverage.release.0.6.0,entities_with_evidence,124.0,506.0,Current registered entities with at least one evidenced outgoing claim; not global completeness.
coverage.release.0.6.0,evidence,282.0,,Absolute count in the current registered baseline; not a percentage of world mythology.
coverage.release.0.6.0,evidenced_claims,280.0,286.0,Claims with at least one evidence record / all currently registered claims.
coverage.release.0.6.0,living_tradition_sources,13.0,,Absolute count in the current registered baseline; not a percentage of world mythology.
coverage.release.0.6.0,place_entities_with_evidence,3.0,80.0,Populated or evidence-linked records / current records in this registered profile collection.
coverage.release.0.6.0,place_profiles_with_coordinates,0.0,80.0,Populated or evidence-linked records / current records in this registered profile collection.
coverage.release.0.6.0,priority_civilizations,24.0,,Absolute count in the current registered baseline; not a percentage of world mythology.
coverage.release.0.6.0,queue_new_or_discovered,5.0,,Absolute count in the current registered baseline; not a percentage of world mythology.
coverage.release.0.6.0,queue_source_found,19.0,,Absolute count in the current registered baseline; not a percentage of world mythology.
coverage.release.0.6.0,redirected_duplicate_entities,5.0,,Absolute count in the current registered baseline; not a percentage of world mythology.
coverage.release.0.6.0,registered_sources,0.0,,Absolute count in the current registered baseline; not a percentage of world mythology.
coverage.release.0.6.0,relationships,257.0,,Absolute count in the current registered baseline; not a percentage of world mythology.
coverage.release.0.6.0,sources,129.0,,Absolute count in the current registered baseline; not a percentage of world mythology.
coverage.release.0.6.0,sources_needing_review,0.0,,Absolute count in the current registered baseline; not a percentage of world mythology.
coverage.release.0.6.0,text_entities_with_evidence,14.0,119.0,Populated or evidence-linked records / current records in this registered profile collection.
coverage.release.0.6.0,text_profiles_with_summary,18.0,119.0,Populated or evidence-linked records / current records in this registered profile collection.
coverage.release.0.6.0,unverified_or_provisional_claims,37.0,,Absolute count in the current registered baseline; not a percentage of world mythology.
coverage.release.0.6.0,url_syntax_valid_sources,129.0,,Absolute count in the current registered baseline; not a percentage of world mythology.
coverage.release.0.6.0,verified_claims,247.0,,Absolute count in the current registered baseline; not a percentage of world mythology.
coverage.release.0.6.0,web_confirmed_sources,0.0,,Absolute count in the current registered baseline; not a percentage of world mythology.
coverage.release.0.7.0,artifact_profiles_with_abilities,3.0,38.0,Populated or evidence-linked records / current records in this registered profile collection.
coverage.release.0.7.0,canonical_entities,517.0,,Absolute count in the current registered baseline; not a percentage of world mythology.
coverage.release.0.7.0,civilizations,95.0,,Absolute count in the current registered baseline; not a percentage of world mythology.
coverage.release.0.7.0,claims,321.0,,Absolute count in the current registered baseline; not a percentage of world mythology.
coverage.release.0.7.0,collection_queue,57.0,,Absolute count in the current registered baseline; not a percentage of world mythology.
coverage.release.0.7.0,conflicts,13.0,,Absolute count in the current registered baseline; not a percentage of world mythology.
coverage.release.0.7.0,creature_profiles_with_abilities,7.0,16.0,Populated or evidence-linked records / current records in this registered profile collection.
coverage.release.0.7.0,deity_profiles_with_domains,62.0,158.0,Populated or evidence-linked records / current records in this registered profile collection.
coverage.release.0.7.0,entities,522.0,,Absolute count in the current registered baseline; not a percentage of world mythology.
coverage.release.0.7.0,entities_with_claims,147.0,,Absolute count in the current registered baseline; not a percentage of world mythology.
coverage.release.0.7.0,entities_with_evidence,141.0,522.0,Current registered entities with at least one evidenced outgoing claim; not global completeness.
coverage.release.0.7.0,evidence,317.0,,Absolute count in the current registered baseline; not a percentage of world mythology.
coverage.release.0.7.0,evidenced_claims,315.0,321.0,Claims with at least one evidence record / all currently registered claims.
coverage.release.0.7.0,living_tradition_sources,13.0,,Absolute count in the current registered baseline; not a percentage of world mythology.
coverage.release.0.7.0,place_entities_with_evidence,6.0,81.0,Populated or evidence-linked records / current records in this registered profile collection.
coverage.release.0.7.0,place_profiles_with_coordinates,1.0,81.0,Populated or evidence-linked records / current records in this registered profile collection.
coverage.release.0.7.0,priority_civilizations,24.0,,Absolute count in the current registered baseline; not a percentage of world mythology.
coverage.release.0.7.0,queue_new_or_discovered,3.0,,Absolute count in the current registered baseline; not a percentage of world mythology.
coverage.release.0.7.0,queue_source_found,25.0,,Absolute count in the current registered baseline; not a percentage of world mythology.
coverage.release.0.7.0,redirected_duplicate_entities,5.0,,Absolute count in the current registered baseline; not a percentage of world mythology.
coverage.release.0.7.0,registered_sources,0.0,,Absolute count in the current registered baseline; not a percentage of world mythology.
coverage.release.0.7.0,relationships,289.0,,Absolute count in the current registered baseline; not a percentage of world mythology.
coverage.release.0.7.0,sources,143.0,,Absolute count in the current registered baseline; not a percentage of world mythology.
coverage.release.0.7.0,sources_needing_review,0.0,,Absolute count in the current registered baseline; not a percentage of world mythology.
coverage.release.0.7.0,text_entities_with_evidence,14.0,120.0,Populated or evidence-linked records / current records in this registered profile collection.
coverage.release.0.7.0,text_profiles_with_summary,19.0,120.0,Populated or evidence-linked records / current records in this registered profile collection.
coverage.release.0.7.0,unverified_or_provisional_claims,37.0,,Absolute count in the current registered baseline; not a percentage of world mythology.
coverage.release.0.7.0,url_syntax_valid_sources,143.0,,Absolute count in the current registered baseline; not a percentage of world mythology.
coverage.release.0.7.0,verified_claims,282.0,,Absolute count in the current registered baseline; not a percentage of world mythology.
coverage.release.0.7.0,web_confirmed_sources,0.0,,Absolute count in the current registered baseline; not a percentage of world mythology.
coverage.release.0.8.0,artifact_profiles_with_abilities,3.0,38.0,Populated or evidence-linked records / current records in this registered profile collection.
coverage.release.0.8.0,canonical_entities,527.0,,Absolute count in the current registered baseline; not a percentage of world mythology.
coverage.release.0.8.0,civilizations,95.0,,Absolute count in the current registered baseline; not a percentage of world mythology.
coverage.release.0.8.0,claims,346.0,,Absolute count in the current registered baseline; not a percentage of world mythology.
coverage.release.0.8.0,collection_queue,63.0,,Absolute count in the current registered baseline; not a percentage of world mythology.
coverage.release.0.8.0,conflicts,14.0,,Absolute count in the current registered baseline; not a percentage of world mythology.
coverage.release.0.8.0,creature_profiles_with_abilities,7.0,16.0,Populated or evidence-linked records / current records in this registered profile collection.
coverage.release.0.8.0,deity_profiles_with_domains,62.0,158.0,Populated or evidence-linked records / current records in this registered profile collection.
coverage.release.0.8.0,entities,532.0,,Absolute count in the current registered baseline; not a percentage of world mythology.
coverage.release.0.8.0,entities_with_claims,155.0,,Absolute count in the current registered baseline; not a percentage of world mythology.
coverage.release.0.8.0,entities_with_evidence,149.0,532.0,Current registered entities with at least one evidenced outgoing claim; not global completeness.
coverage.release.0.8.0,evidence,342.0,,Absolute count in the current registered baseline; not a percentage of world mythology.
coverage.release.0.8.0,evidenced_claims,340.0,346.0,Claims with at least one evidence record / all currently registered claims.
coverage.release.0.8.0,living_tradition_sources,13.0,,Absolute count in the current registered baseline; not a percentage of world mythology.
coverage.release.0.8.0,place_entities_with_evidence,8.0,83.0,Populated or evidence-linked records / current records in this registered profile collection.
coverage.release.0.8.0,place_profiles_with_coordinates,1.0,83.0,Populated or evidence-linked records / current records in this registered profile collection.
coverage.release.0.8.0,priority_civilizations,24.0,,Absolute count in the current registered baseline; not a percentage of world mythology.
coverage.release.0.8.0,queue_new_or_discovered,4.0,,Absolute count in the current registered baseline; not a percentage of world mythology.
coverage.release.0.8.0,queue_source_found,29.0,,Absolute count in the current registered baseline; not a percentage of world mythology.
coverage.release.0.8.0,redirected_duplicate_entities,5.0,,Absolute count in the current registered baseline; not a percentage of world mythology.
coverage.release.0.8.0,registered_sources,0.0,,Absolute count in the current registered baseline; not a percentage of world mythology.
coverage.release.0.8.0,relationships,314.0,,Absolute count in the current registered baseline; not a percentage of world mythology.
coverage.release.0.8.0,sources,150.0,,Absolute count in the current registered baseline; not a percentage of world mythology.
coverage.release.0.8.0,sources_needing_review,0.0,,Absolute count in the current registered baseline; not a percentage of world mythology.
coverage.release.0.8.0,text_entities_with_evidence,15.0,121.0,Populated or evidence-linked records / current records in this registered profile collection.
coverage.release.0.8.0,text_profiles_with_summary,20.0,121.0,Populated or evidence-linked records / current records in this registered profile collection.
coverage.release.0.8.0,unverified_or_provisional_claims,37.0,,Absolute count in the current registered baseline; not a percentage of world mythology.
coverage.release.0.8.0,url_syntax_valid_sources,150.0,,Absolute count in the current registered baseline; not a percentage of world mythology.
coverage.release.0.8.0,verified_claims,307.0,,Absolute count in the current registered baseline; not a percentage of world mythology.
coverage.release.0.8.0,web_confirmed_sources,0.0,,Absolute count in the current registered baseline; not a percentage of world mythology.
coverage.release.0.9.0,artifact_profiles_with_abilities,3.0,38.0,Populated or evidence-linked records / current records in this registered profile collection.
coverage.release.0.9.0,canonical_entities,542.0,,Absolute count in the current registered baseline; not a percentage of world mythology.
coverage.release.0.9.0,civilizations,95.0,,Absolute count in the current registered baseline; not a percentage of world mythology.
coverage.release.0.9.0,claims,373.0,,Absolute count in the current registered baseline; not a percentage of world mythology.
coverage.release.0.9.0,collection_queue,69.0,,Absolute count in the current registered baseline; not a percentage of world mythology.
coverage.release.0.9.0,conflicts,14.0,,Absolute count in the current registered baseline; not a percentage of world mythology.
coverage.release.0.9.0,creature_profiles_with_abilities,7.0,16.0,Populated or evidence-linked records / current records in this registered profile collection.
coverage.release.0.9.0,deity_profiles_with_domains,62.0,163.0,Populated or evidence-linked records / current records in this registered profile collection.
coverage.release.0.9.0,entities,547.0,,Absolute count in the current registered baseline; not a percentage of world mythology.
coverage.release.0.9.0,entities_with_claims,163.0,,Absolute count in the current registered baseline; not a percentage of world mythology.
coverage.release.0.9.0,entities_with_evidence,157.0,547.0,Current registered entities with at least one evidenced outgoing claim; not global completeness.
coverage.release.0.9.0,evidence,369.0,,Absolute count in the current registered baseline; not a percentage of world mythology.
coverage.release.0.9.0,evidenced_claims,367.0,373.0,Claims with at least one evidence record / all currently registered claims.
coverage.release.0.9.0,living_tradition_sources,13.0,,Absolute count in the current registered baseline; not a percentage of world mythology.
coverage.release.0.9.0,place_entities_with_evidence,8.0,83.0,Populated or evidence-linked records / current records in this registered profile collection.
coverage.release.0.9.0,place_profiles_with_coordinates,1.0,83.0,Populated or evidence-linked records / current records in this registered profile collection.
coverage.release.0.9.0,priority_civilizations,24.0,,Absolute count in the current registered baseline; not a percentage of world mythology.
coverage.release.0.9.0,queue_new_or_discovered,5.0,,Absolute count in the current registered baseline; not a percentage of world mythology.
coverage.release.0.9.0,queue_source_found,34.0,,Absolute count in the current registered baseline; not a percentage of world mythology.
coverage.release.0.9.0,redirected_duplicate_entities,5.0,,Absolute count in the current registered baseline; not a percentage of world mythology.
coverage.release.0.9.0,registered_sources,0.0,,Absolute count in the current registered baseline; not a percentage of world mythology.
coverage.release.0.9.0,relationships,340.0,,Absolute count in the current registered baseline; not a percentage of world mythology.
coverage.release.0.9.0,sources,154.0,,Absolute count in the current registered baseline; not a percentage of world mythology.
coverage.release.0.9.0,sources_needing_review,0.0,,Absolute count in the current registered baseline; not a percentage of world mythology.
coverage.release.0.9.0,text_entities_with_evidence,15.0,124.0,Populated or evidence-linked records / current records in this registered profile collection.
coverage.release.0.9.0,text_profiles_with_summary,23.0,124.0,Populated or evidence-linked records / current records in this registered profile collection.
coverage.release.0.9.0,unverified_or_provisional_claims,37.0,,Absolute count in the current registered baseline; not a percentage of world mythology.
coverage.release.0.9.0,url_syntax_valid_sources,154.0,,Absolute count in the current registered baseline; not a percentage of world mythology.
coverage.release.0.9.0,verified_claims,334.0,,Absolute count in the current registered baseline; not a percentage of world mythology.
coverage.release.0.9.0,web_confirmed_sources,0.0,,Absolute count in the current registered baseline; not a percentage of world mythology.
