entity_id,deity_class,pantheon_or_family,rank_or_status,domains_json,powers_json,limitations_json,appearance_json,symbols_json,cult_summary,final_fate_summary
being.chinese.pangu,PRIMORDIAL_DEITY,,,[],[],[],{},[],,
being.norse.ymir,PRIMORDIAL_DEITY,,,[],[],[],{},[],,
being.zoroastrian.angra_mainyu,DEITY,,,[],[],[],{},[],,
deity.akkadian.ishtar,DEITY,,,[],[],[],{},[],,
deity.assyrian.ashur,DEITY,,,[],[],[],{},[],,
deity.babylonian.marduk,DEITY,,,[],[],[],{},[],,
deity.babylonian.tiamat,PRIMORDIAL_DEITY,,,[],[],[],{},[],,
deity.chinese.fu_xi,DEITY,,,[],[],[],{},[],,
deity.chinese.nezha,DEITY,,,[],[],[],{},[],,
deity.chinese.nu_wa,DEITY,,,[],[],[],{},[],,
deity.egyptian.amun,DEITY,,,[],[],[],{},[],,
deity.egyptian.anubis,DEITY,,,[],[],[],{},[],,
deity.egyptian.atum,PRIMORDIAL_DEITY,,,[],[],[],{},[],,
deity.egyptian.geb,DEITY,,,[],[],[],{},[],,
deity.egyptian.hathor,DEITY,,,[],[],[],{},[],,
deity.egyptian.horus,DEITY,,,[],[],[],{},[],,
deity.egyptian.isis,DEITY,,,[],[],[],{},[],,
deity.egyptian.ma_at,DEITY,,,[],[],[],{},[],,
deity.egyptian.nephthys,DEITY,,,[],[],[],{},[],,
deity.egyptian.nut,DEITY,,,[],[],[],{},[],,
deity.egyptian.osiris,DEITY,,,[],[],[],{},[],,
deity.egyptian.ptah,DEITY,,,[],[],[],{},[],,
deity.egyptian.ra,DEITY,,,[],[],[],{},[],,
deity.egyptian.sekhmet,DEITY,,,[],[],[],{},[],,
deity.egyptian.seth,DEITY,,,[],[],[],{},[],,
deity.egyptian.shu,DEITY,,,[],[],[],{},[],,
deity.egyptian.tefnut,DEITY,,,[],[],[],{},[],,
deity.egyptian.thoth,DEITY,,,[],[],[],{},[],,
deity.greek.aphrodite,DEITY,,,[],[],[],{},[],,
deity.greek.apollo,DEITY,,,[],[],[],{},[],,
deity.greek.ares,DEITY,,,[],[],[],{},[],,
deity.greek.artemis,DEITY,,,[],[],[],{},[],,
deity.greek.athena,DEITY,,,[],[],[],{},[],,
deity.greek.cronus,DEITY,,,[],[],[],{},[],,
deity.greek.demeter,DEITY,,,[],[],[],{},[],,
deity.greek.dionysus,DEITY,,,[],[],[],{},[],,
deity.greek.gaia,PRIMORDIAL_DEITY,,,[],[],[],{},[],,
deity.greek.hades,DEITY,,,[],[],[],{},[],,
deity.greek.hephaestus,DEITY,,,[],[],[],{},[],,
deity.greek.hera,DEITY,,,[],[],[],{},[],,
deity.greek.hermes,DEITY,,,[],[],[],{},[],,
deity.greek.metis,Goddess,Greek divine genealogy,First consort of Zeus in Hesiod,"[""wisdom"",""counsel""]",[],[],{},[],,Swallowed by Zeus in Hesiod’s narrative
deity.greek.poseidon,DEITY,,,[],[],[],{},[],,
deity.greek.rhea,DEITY,,,[],[],[],{},[],,
deity.greek.uranus,PRIMORDIAL_DEITY,,,[],[],[],{},[],,
deity.greek.zeus,DEITY,,,[],[],[],{},[],,
deity.hawaiian.pele,DEITY,,,[],[],[],{},[],,
deity.hindu.brahma,DEITY,,,[],[],[],{},[],,
deity.hindu.shiva,DEITY,,,[],[],[],{},[],,
deity.hindu.vishnu,DEITY,,,[],[],[],{},[],,
deity.irish.bridig,DEITY,,,[],[],[],{},[],,
deity.irish.dagda,DEITY,,,[],[],[],{},[],,
deity.irish.lugh,DEITY,,,[],[],[],{},[],,
deity.irish.morrigan,DEITY,,,[],[],[],{},[],,
deity.japanese.amaterasu,DEITY,,,[],[],[],{},[],,
deity.japanese.izanagi,DEITY,,,[],[],[],{},[],,
deity.japanese.izanami,DEITY,,,[],[],[],{},[],,
deity.japanese.susanoo,DEITY,,,[],[],[],{},[],,
deity.japanese.tsukuyomi,DEITY,,,[],[],[],{},[],,
deity.maori.papatuanuku,PRIMORDIAL_DEITY,,,[],[],[],{},[],,
deity.maori.ranginui,PRIMORDIAL_DEITY,,,[],[],[],{},[],,
deity.maya.chaac,DEITY,,,[],[],[],{},[],,
deity.maya.itzamna,DEITY,,,[],[],[],{},[],,
deity.maya.kukulkan,DEITY,,,[],[],[],{},[],,
deity.mexica.huitzilopochtli,DEITY,,,[],[],[],{},[],,
deity.mexica.quetzalcoatl,DEITY,,,[],[],[],{},[],,
deity.mexica.tezcatlipoca,DEITY,,,[],[],[],{},[],,
deity.mexica.tlaloc,DEITY,,,[],[],[],{},[],,
deity.norse.baldr,DEITY,,,[],[],[],{},[],,
deity.norse.borr,Genealogical deity,Norse divine genealogy,"Father of Odin, Vili and Vé",[],[],[],{},[],,
deity.norse.buri,Ancestor deity,Norse divine genealogy,Ancestor,[],[],[],{},[],,
deity.norse.freyja,DEITY,,,[],[],[],{},[],,
deity.norse.freyr,DEITY,,,[],[],[],{},[],,
deity.norse.frigg,DEITY,,,[],[],[],{},[],,
deity.norse.heimdall,DEITY,,,[],[],[],{},[],,
deity.norse.hel,DEITY,,,[],[],[],{},[],,
deity.norse.loki,DEITY,,,[],[],[],{},[],,
deity.norse.njord,DEITY,,,[],[],[],{},[],,
deity.norse.odin,DEITY,,,[],[],[],{},[],,
deity.norse.thor,DEITY,,,[],[],[],{},[],,
deity.norse.tyr,DEITY,,,[],[],[],{},[],,
deity.norse.ve,Cosmogonic deity,Norse divine genealogy,Brother of Odin,"[""cosmogony""]",[],[],{},[],,
deity.norse.vili,Cosmogonic deity,Norse divine genealogy,Brother of Odin,"[""cosmogony""]",[],[],{},[],,
deity.polynesian.tane,DEITY,,,[],[],[],{},[],,
deity.polynesian.tangaroa,DEITY,,,[],[],[],{},[],,
deity.slavic.mokosh,DEITY,,,[],[],[],{},[],,
deity.slavic.perun,DEITY,,,[],[],[],{},[],,
deity.slavic.veles,DEITY,,,[],[],[],{},[],,
deity.sumerian.an,DEITY,,,[],[],[],{},[],,
deity.sumerian.enki,DEITY,,,[],[],[],{},[],,
deity.sumerian.enlil,DEITY,,,[],[],[],{},[],,
deity.sumerian.ereshkigal,DEITY,,,[],[],[],{},[],,
deity.sumerian.inanna,DEITY,,,[],[],[],{},[],,
deity.sumerian.nanna,DEITY,,,[],[],[],{},[],,
deity.sumerian.ninhursag,DEITY,,,[],[],[],{},[],,
deity.sumerian.utu,DEITY,,,[],[],[],{},[],,
deity.ugaritic.anat,DEITY,,,[],[],[],{},[],,
deity.ugaritic.asherah,DEITY,,,[],[],[],{},[],,
deity.ugaritic.baal,DEITY,,,[],[],[],{},[],,
deity.ugaritic.el,DEITY,,,[],[],[],{},[],,
deity.ugaritic.mot,DEITY,,,[],[],[],{},[],,
deity.ugaritic.yam,DEITY,,,[],[],[],{},[],,
deity.vedic.indra,DEITY,,,[],[],[],{},[],,
deity.yoruba.ogun,DEITY,,,[],[],[],{},[],,
deity.yoruba.olodumare,DEITY,,,[],[],[],{},[],,
deity.yoruba.orunmila,DEITY,,,[],[],[],{},[],,
deity.yoruba.oshun,DEITY,,,[],[],[],{},[],,
deity.yoruba.shango,DEITY,,,[],[],[],{},[],,
deity.zoroastrian.ahura_mazda,DEITY,,,[],[],[],{},[],,
deity.zoroastrian.mithra,DEITY,,,[],[],[],{},[],,
hero.chinese.yellow_emperor,ANCESTOR_DEITY,,,[],[],[],{},[],,
