id,canonical_name,name_zh,original_name,transliteration,primary_type,primary_civilization_id,primary_culture_id,primary_region_id,historical_period,description,research_status,evidence_status,record_version,metadata_json,created_at,updated_at
artifact.babylonian.marduk_net,Net of Marduk,马尔杜克之网,,,ARTIFACT,civ.babylonian,,,,,PARTIAL,UNVERIFIED,1,{},2026-08-10T00:00:00Z,2026-08-10T00:00:00Z
artifact.chinese.huntian_ling,Huntian Ling,混天绫,混天綾,,ARTIFACT,civ.chinese_folk,,,,,PARTIAL,UNVERIFIED,1,{},2026-08-10T00:00:00Z,2026-08-10T00:00:00Z
artifact.chinese.qiankun_quan,Qiankun Quan,乾坤圈,乾坤圈,,ARTIFACT,civ.chinese_folk,,,,,PARTIAL,UNVERIFIED,1,{},2026-08-10T00:00:00Z,2026-08-10T00:00:00Z
artifact.egyptian.solar_barque,Solar barque,太阳船,,,SHIP,civ.egyptian,,,,,PARTIAL,UNVERIFIED,1,{},2026-08-10T00:00:00Z,2026-08-10T00:00:00Z
artifact.greek.aegis,Aegis,埃癸斯神盾,αἰγίς,,ARTIFACT,civ.greek,,,,,PARTIAL,UNVERIFIED,1,{},2026-08-10T00:00:00Z,2026-08-10T00:00:00Z
artifact.greek.caduceus,Caduceus,赫尔墨斯杖,κηρύκειον,,SCEPTER,civ.greek,,,,,PARTIAL,UNVERIFIED,1,{},2026-08-10T00:00:00Z,2026-08-10T00:00:00Z
artifact.greek.helm_hades,Helm of Hades,哈得斯隐身头盔,,,ARMOR,civ.greek,,,,,PARTIAL,UNVERIFIED,1,{},2026-08-10T00:00:00Z,2026-08-10T00:00:00Z
artifact.mesopotamian.tablet_destinies,Tablet of Destinies,命运泥板,,,ARTIFACT,civ.akkadian,,,,,PARTIAL,UNVERIFIED,1,{},2026-08-10T00:00:00Z,2026-08-10T00:00:00Z
artifact.norse.draupnir,Draupnir,德罗普尼尔,Draupnir,,RING,civ.norse,,,,,PARTIAL,UNVERIFIED,1,{},2026-08-10T00:00:00Z,2026-08-10T00:00:00Z
artifact.norse.gleipnir,Gleipnir,格莱普尼尔,Gleipnir,,ARTIFACT,civ.norse,,,,,PARTIAL,UNVERIFIED,1,{},2026-08-10T00:00:00Z,2026-08-10T00:00:00Z
being.chinese.pangu,Pangu,盘古,盤古,,GIANT,civ.chinese_ancient,,,,,PARTIAL,UNVERIFIED,1,{},2026-08-10T00:00:00Z,2026-08-10T00:00:00Z
being.norse.bestla,Bestla,贝斯特拉,Bestla,Bestla,GIANT,civ.norse,,,Medieval Icelandic textual witness,"Daughter of Bölþorn and mother of Odin, Vili and Vé in Gylfaginning.",PARTIAL,PARTIAL,1,{},2026-08-11T03:05:26Z,2026-08-11T03:05:26Z
being.norse.brokkr,Brokkr,布洛克,Brokkr,Brokkr,DWARF,civ.norse,,,Medieval Icelandic textual witness,Dwarf smith who works the bellows in the treasure-forging episode.,PARTIAL,PARTIAL,1,{},2026-08-11T03:05:26Z,2026-08-11T03:05:26Z
being.norse.eitri,Eitri,艾特里,Eitri,Eitri,DWARF,civ.norse,,,Medieval Icelandic textual witness,Dwarf smith named as Brokkr’s brother in one common naming tradition.,PARTIAL,PARTIAL,1,"{""identity_caution"":""Kept separate from Sindri pending witness-specific review.""}",2026-08-11T03:05:26Z,2026-08-11T03:05:26Z
being.norse.mimir,Mímir,密米尔,Mímir,Mímir,CREATURE,civ.norse,,,Eddic and medieval Icelandic witnesses,Wisdom figure associated with Mímisbrunnr; ontological class remains under review.,PARTIAL,PARTIAL,1,"{""classification_caution"":""Source roles do not justify a forced universal species label.""}",2026-08-11T03:05:26Z,2026-08-11T03:05:26Z
being.norse.sindri,Sindri,辛德里,Sindri,Sindri,DWARF,civ.norse,,,Eddic and later naming traditions,Name associated in later/reference traditions with Brokkr’s smith brother; not automatically merged with Eitri.,NEEDS_REVIEW,CONFLICTING,1,"{""identity_caution"":""Candidate identity with Eitri, not canonical alias.""}",2026-08-11T03:05:26Z,2026-08-11T03:05:26Z
being.norse.sons_of_ivaldi,Sons of Ivaldi,伊瓦尔迪之子,Ívaldasynir,,CREATURE,civ.norse,,,,,DISCOVERED,SOURCE_BACKED,1,{},2026-08-10T00:00:00Z,2026-08-10T00:00:00Z
being.norse.ymir,Ymir,尤弥尔,Ymir,,GIANT,civ.norse,,,,,PARTIAL,UNVERIFIED,1,{},2026-08-10T00:00:00Z,2026-08-10T00:00:00Z
being.zoroastrian.angra_mainyu,Angra Mainyu,安格拉·曼纽,𐬀𐬢𐬭𐬀 𐬨𐬀𐬌𐬥𐬌𐬌𐬎,,DEITY,civ.zoroastrian,,,,,PARTIAL,UNVERIFIED,1,{},2026-08-10T00:00:00Z,2026-08-10T00:00:00Z
concept.chinese.wuxing,Wuxing,五行,五行,,CONCEPT,civ.chinese_ancient,,,,,PARTIAL,UNVERIFIED,1,{},2026-08-10T00:00:00Z,2026-08-10T00:00:00Z
concept.chinese.wuxing.huo,Huo (wuxing),五行之火,火,huǒ,ELEMENT,civ.chinese_ancient,,,Early Chinese received textual tradition,Redirect-only duplicate identifier created during expansion migration 2; use entity_redirects canonical target.,EXPAND_LATER,PARTIAL,1,"{""redirect_only"":true,""reason"":""migration_2_duplicate""}",2026-08-11T03:05:26Z,2026-08-11T03:22:00Z
concept.chinese.wuxing.jin,Jin (wuxing),五行之金,金,jīn,ELEMENT,civ.chinese_ancient,,,Early Chinese received textual tradition,Redirect-only duplicate identifier created during expansion migration 2; use entity_redirects canonical target.,EXPAND_LATER,PARTIAL,1,"{""redirect_only"":true,""reason"":""migration_2_duplicate""}",2026-08-11T03:05:26Z,2026-08-11T03:22:00Z
concept.chinese.wuxing.mu,Mu (wuxing),五行之木,木,mù,ELEMENT,civ.chinese_ancient,,,Early Chinese received textual tradition,Redirect-only duplicate identifier created during expansion migration 2; use entity_redirects canonical target.,EXPAND_LATER,PARTIAL,1,"{""redirect_only"":true,""reason"":""migration_2_duplicate""}",2026-08-11T03:05:26Z,2026-08-11T03:22:00Z
concept.chinese.wuxing.shui,Shui (wuxing),五行之水,水,shuǐ,ELEMENT,civ.chinese_ancient,,,Early Chinese received textual tradition,Redirect-only duplicate identifier created during expansion migration 2; use entity_redirects canonical target.,EXPAND_LATER,PARTIAL,1,"{""redirect_only"":true,""reason"":""migration_2_duplicate""}",2026-08-11T03:05:26Z,2026-08-11T03:22:00Z
concept.chinese.wuxing.tu,Tu (wuxing),五行之土,土,tǔ,ELEMENT,civ.chinese_ancient,,,Early Chinese received textual tradition,Redirect-only duplicate identifier created during expansion migration 2; use entity_redirects canonical target.,EXPAND_LATER,PARTIAL,1,"{""redirect_only"":true,""reason"":""migration_2_duplicate""}",2026-08-11T03:05:26Z,2026-08-11T03:22:00Z
concept.comparative.agriculture,Agriculture,农业,,,CONCEPT,,,,,Cross-cultural comparison vocabulary; not an assertion that native traditions are identical.,PARTIAL,UNVERIFIED,1,{},2026-08-10T00:00:00Z,2026-08-10T00:00:00Z
concept.comparative.air,Air / Breath,气／空气,,,ELEMENT,,,,,Cross-cultural comparison vocabulary; not an assertion that native traditions are identical.,PARTIAL,UNVERIFIED,1,{},2026-08-10T00:00:00Z,2026-08-10T00:00:00Z
concept.comparative.chaos,Chaos,混沌,,,CONCEPT,,,,,Cross-cultural comparison vocabulary; not an assertion that native traditions are identical.,PARTIAL,UNVERIFIED,1,{},2026-08-10T00:00:00Z,2026-08-10T00:00:00Z
concept.comparative.creation,Creation,创造,,,CONCEPT,,,,,Cross-cultural comparison vocabulary; not an assertion that native traditions are identical.,PARTIAL,UNVERIFIED,1,{},2026-08-10T00:00:00Z,2026-08-10T00:00:00Z
concept.comparative.darkness,Darkness,黑暗,,,ELEMENT,,,,,Cross-cultural comparison vocabulary; not an assertion that native traditions are identical.,PARTIAL,UNVERIFIED,1,{},2026-08-10T00:00:00Z,2026-08-10T00:00:00Z
concept.comparative.death,Death,死亡,,,CONCEPT,,,,,Cross-cultural comparison vocabulary; not an assertion that native traditions are identical.,PARTIAL,UNVERIFIED,1,{},2026-08-10T00:00:00Z,2026-08-10T00:00:00Z
concept.comparative.desire,Desire,欲望,,,CONCEPT,,,,,Cross-cultural comparison vocabulary; not an assertion that native traditions are identical.,PARTIAL,UNVERIFIED,1,{},2026-08-10T00:00:00Z,2026-08-10T00:00:00Z
concept.comparative.destruction,Destruction,毁灭,,,CONCEPT,,,,,Cross-cultural comparison vocabulary; not an assertion that native traditions are identical.,PARTIAL,UNVERIFIED,1,{},2026-08-10T00:00:00Z,2026-08-10T00:00:00Z
concept.comparative.disease,Disease,疾病,,,POWER,,,,,Cross-cultural comparison vocabulary; not an assertion that native traditions are identical.,PARTIAL,UNVERIFIED,1,{},2026-08-10T00:00:00Z,2026-08-10T00:00:00Z
concept.comparative.dream,Dream,梦,,,CONCEPT,,,,,Cross-cultural comparison vocabulary; not an assertion that native traditions are identical.,PARTIAL,UNVERIFIED,1,{},2026-08-10T00:00:00Z,2026-08-10T00:00:00Z
concept.comparative.earth,Earth,土／大地,,,ELEMENT,,,,,Cross-cultural comparison vocabulary; not an assertion that native traditions are identical.,PARTIAL,UNVERIFIED,1,{},2026-08-10T00:00:00Z,2026-08-10T00:00:00Z
concept.comparative.fate,Fate,命运,,,CONCEPT,,,,,Cross-cultural comparison vocabulary; not an assertion that native traditions are identical.,PARTIAL,UNVERIFIED,1,{},2026-08-10T00:00:00Z,2026-08-10T00:00:00Z
concept.comparative.fertility,Fertility,丰饶,,,POWER,,,,,Cross-cultural comparison vocabulary; not an assertion that native traditions are identical.,PARTIAL,UNVERIFIED,1,{},2026-08-10T00:00:00Z,2026-08-10T00:00:00Z
concept.comparative.fire,Fire,火,,,ELEMENT,,,,,Cross-cultural comparison vocabulary; not an assertion that native traditions are identical.,PARTIAL,UNVERIFIED,1,{},2026-08-10T00:00:00Z,2026-08-10T00:00:00Z
concept.comparative.healing,Healing,治疗,,,POWER,,,,,Cross-cultural comparison vocabulary; not an assertion that native traditions are identical.,PARTIAL,UNVERIFIED,1,{},2026-08-10T00:00:00Z,2026-08-10T00:00:00Z
concept.comparative.hearth,Hearth,炉火／灶火,炉火,Hearth,CONCEPT,civ.greek,,,Comparative indexing layer,A cross-record navigation concept for hearth associations; it does not erase culture-specific ritual meanings.,PARTIAL,PARTIAL,1,"{""comparison_only"":true}",2026-08-14T00:00:00Z,2026-08-14T00:00:00Z
concept.comparative.hunting,Hunting,狩猎,,,CONCEPT,,,,,Cross-cultural comparison vocabulary; not an assertion that native traditions are identical.,PARTIAL,UNVERIFIED,1,{},2026-08-10T00:00:00Z,2026-08-10T00:00:00Z
concept.comparative.ice,Ice,冰,,,ELEMENT,,,,,Cross-cultural comparison vocabulary; not an assertion that native traditions are identical.,PARTIAL,UNVERIFIED,1,{},2026-08-10T00:00:00Z,2026-08-10T00:00:00Z
concept.comparative.justice,Justice,正义,,,CONCEPT,,,,,Cross-cultural comparison vocabulary; not an assertion that native traditions are identical.,PARTIAL,UNVERIFIED,1,{},2026-08-10T00:00:00Z,2026-08-10T00:00:00Z
concept.comparative.kingship,Kingship,王权,,,CONCEPT,,,,,Cross-cultural comparison vocabulary; not an assertion that native traditions are identical.,PARTIAL,UNVERIFIED,1,{},2026-08-10T00:00:00Z,2026-08-10T00:00:00Z
concept.comparative.knowledge,Knowledge,知识,,,CONCEPT,,,,,Cross-cultural comparison vocabulary; not an assertion that native traditions are identical.,PARTIAL,UNVERIFIED,1,{},2026-08-10T00:00:00Z,2026-08-10T00:00:00Z
concept.comparative.life,Life,生命,,,CONCEPT,,,,,Cross-cultural comparison vocabulary; not an assertion that native traditions are identical.,PARTIAL,UNVERIFIED,1,{},2026-08-10T00:00:00Z,2026-08-10T00:00:00Z
concept.comparative.light,Light,光,,,ELEMENT,,,,,Cross-cultural comparison vocabulary; not an assertion that native traditions are identical.,PARTIAL,UNVERIFIED,1,{},2026-08-10T00:00:00Z,2026-08-10T00:00:00Z
concept.comparative.lightning,Lightning,闪电,,,POWER,,,,,Cross-cultural comparison vocabulary; not an assertion that native traditions are identical.,PARTIAL,UNVERIFIED,1,{},2026-08-10T00:00:00Z,2026-08-10T00:00:00Z
concept.comparative.love,Love,爱,,,CONCEPT,,,,,Cross-cultural comparison vocabulary; not an assertion that native traditions are identical.,PARTIAL,UNVERIFIED,1,{},2026-08-10T00:00:00Z,2026-08-10T00:00:00Z
concept.comparative.magic,Magic,魔法,,,POWER,,,,,Cross-cultural comparison vocabulary; not an assertion that native traditions are identical.,PARTIAL,UNVERIFIED,1,{},2026-08-10T00:00:00Z,2026-08-10T00:00:00Z
concept.comparative.memory,Memory,记忆,,,CONCEPT,,,,,Cross-cultural comparison vocabulary; not an assertion that native traditions are identical.,PARTIAL,UNVERIFIED,1,{},2026-08-10T00:00:00Z,2026-08-10T00:00:00Z
concept.comparative.metal,Metal,金属,,,ELEMENT,,,,,Cross-cultural comparison vocabulary; not an assertion that native traditions are identical.,PARTIAL,UNVERIFIED,1,{},2026-08-10T00:00:00Z,2026-08-10T00:00:00Z
concept.comparative.moon,Moon,月亮,,,ELEMENT,,,,,Cross-cultural comparison vocabulary; not an assertion that native traditions are identical.,PARTIAL,UNVERIFIED,1,{},2026-08-10T00:00:00Z,2026-08-10T00:00:00Z
concept.comparative.music,Music,音乐,,,CONCEPT,,,,,Cross-cultural comparison vocabulary; not an assertion that native traditions are identical.,PARTIAL,UNVERIFIED,1,{},2026-08-10T00:00:00Z,2026-08-10T00:00:00Z
concept.comparative.navigation,Navigation,航海,,,CONCEPT,,,,,Cross-cultural comparison vocabulary; not an assertion that native traditions are identical.,PARTIAL,UNVERIFIED,1,{},2026-08-10T00:00:00Z,2026-08-10T00:00:00Z
concept.comparative.night,Night,夜,夜,Night,CONCEPT,civ.greek,,,Comparative indexing layer,A cross-record navigation concept for night associations; it is not identical to Nyx or to any other culture-specific being.,PARTIAL,PARTIAL,1,"{""comparison_only"":true}",2026-08-14T00:00:00Z,2026-08-14T00:00:00Z
concept.comparative.ocean,Ocean,海洋,,,ELEMENT,,,,,Cross-cultural comparison vocabulary; not an assertion that native traditions are identical.,PARTIAL,UNVERIFIED,1,{},2026-08-10T00:00:00Z,2026-08-10T00:00:00Z
concept.comparative.order,Order,秩序,,,CONCEPT,,,,,Cross-cultural comparison vocabulary; not an assertion that native traditions are identical.,PARTIAL,UNVERIFIED,1,{},2026-08-10T00:00:00Z,2026-08-10T00:00:00Z
concept.comparative.poetry,Poetry,诗歌,,,CONCEPT,,,,,Cross-cultural comparison vocabulary; not an assertion that native traditions are identical.,PARTIAL,UNVERIFIED,1,{},2026-08-10T00:00:00Z,2026-08-10T00:00:00Z
concept.comparative.rebirth,Rebirth,重生,,,CONCEPT,,,,,Cross-cultural comparison vocabulary; not an assertion that native traditions are identical.,PARTIAL,UNVERIFIED,1,{},2026-08-10T00:00:00Z,2026-08-10T00:00:00Z
concept.comparative.river,River,河流,,,ELEMENT,,,,,Cross-cultural comparison vocabulary; not an assertion that native traditions are identical.,PARTIAL,UNVERIFIED,1,{},2026-08-10T00:00:00Z,2026-08-10T00:00:00Z
concept.comparative.sky,Sky,天空,,,ELEMENT,,,,,Cross-cultural comparison vocabulary; not an assertion that native traditions are identical.,PARTIAL,UNVERIFIED,1,{},2026-08-10T00:00:00Z,2026-08-10T00:00:00Z
concept.comparative.sleep,Sleep,睡眠,睡眠,Sleep,CONCEPT,civ.greek,,,Comparative indexing layer,A cross-record navigation concept for sleep associations; it is not identical to Hypnos or to any other culture-specific being.,PARTIAL,PARTIAL,1,"{""comparison_only"":true}",2026-08-14T00:00:00Z,2026-08-14T00:00:00Z
concept.comparative.snow,Snow,雪,,,ELEMENT,,,,,Cross-cultural comparison vocabulary; not an assertion that native traditions are identical.,PARTIAL,UNVERIFIED,1,{},2026-08-10T00:00:00Z,2026-08-10T00:00:00Z
concept.comparative.soul,Soul,灵魂,,,CONCEPT,,,,,Cross-cultural comparison vocabulary; not an assertion that native traditions are identical.,PARTIAL,UNVERIFIED,1,{},2026-08-10T00:00:00Z,2026-08-10T00:00:00Z
concept.comparative.stars,Stars,星辰,,,ELEMENT,,,,,Cross-cultural comparison vocabulary; not an assertion that native traditions are identical.,PARTIAL,UNVERIFIED,1,{},2026-08-10T00:00:00Z,2026-08-10T00:00:00Z
concept.comparative.storm,Storm,风暴,,,POWER,,,,,Cross-cultural comparison vocabulary; not an assertion that native traditions are identical.,PARTIAL,UNVERIFIED,1,{},2026-08-10T00:00:00Z,2026-08-10T00:00:00Z
concept.comparative.sun,Sun,太阳,,,ELEMENT,,,,,Cross-cultural comparison vocabulary; not an assertion that native traditions are identical.,PARTIAL,UNVERIFIED,1,{},2026-08-10T00:00:00Z,2026-08-10T00:00:00Z
concept.comparative.thunder,Thunder,雷,,,POWER,,,,,Cross-cultural comparison vocabulary; not an assertion that native traditions are identical.,PARTIAL,UNVERIFIED,1,{},2026-08-10T00:00:00Z,2026-08-10T00:00:00Z
concept.comparative.time,Time,时间,,,CONCEPT,,,,,Cross-cultural comparison vocabulary; not an assertion that native traditions are identical.,PARTIAL,UNVERIFIED,1,{},2026-08-10T00:00:00Z,2026-08-10T00:00:00Z
concept.comparative.war,War,战争,,,CONCEPT,,,,,Cross-cultural comparison vocabulary; not an assertion that native traditions are identical.,PARTIAL,UNVERIFIED,1,{},2026-08-10T00:00:00Z,2026-08-10T00:00:00Z
concept.comparative.water,Water,水,,,ELEMENT,,,,,Cross-cultural comparison vocabulary; not an assertion that native traditions are identical.,PARTIAL,UNVERIFIED,1,{},2026-08-10T00:00:00Z,2026-08-10T00:00:00Z
concept.comparative.wind,Wind,风,,,ELEMENT,,,,,Cross-cultural comparison vocabulary; not an assertion that native traditions are identical.,PARTIAL,UNVERIFIED,1,{},2026-08-10T00:00:00Z,2026-08-10T00:00:00Z
concept.comparative.wisdom,Wisdom,智慧,,,CONCEPT,,,,,Cross-cultural comparison vocabulary; not an assertion that native traditions are identical.,PARTIAL,UNVERIFIED,1,{},2026-08-10T00:00:00Z,2026-08-10T00:00:00Z
concept.comparative.wood,Wood,木,,,ELEMENT,,,,,Cross-cultural comparison vocabulary; not an assertion that native traditions are identical.,PARTIAL,UNVERIFIED,1,{},2026-08-10T00:00:00Z,2026-08-10T00:00:00Z
concept.egyptian.isfet,Isfet,伊斯菲特（失序）,,,CONCEPT,civ.egyptian,,,,,PARTIAL,UNVERIFIED,1,{},2026-08-10T00:00:00Z,2026-08-10T00:00:00Z
concept.egyptian.ma_at,Ma'at as order,玛阿特（秩序概念）,Mꜣꜥt,,CONCEPT,civ.egyptian,,,,,PARTIAL,UNVERIFIED,1,{},2026-08-10T00:00:00Z,2026-08-10T00:00:00Z
concept.greek.classical_elements,Classical Greek element traditions,希腊古典元素传统,στοιχεῖα,,CONCEPT,civ.greek,,,,,PARTIAL,UNVERIFIED,1,{},2026-08-10T00:00:00Z,2026-08-10T00:00:00Z
concept.indian.pancamahabhuta,Pañcamahābhūta,五大,पञ्चमहाभूत,,CONCEPT,civ.hindu,,,,,PARTIAL,UNVERIFIED,1,{},2026-08-10T00:00:00Z,2026-08-10T00:00:00Z
concept.norse.fire_ice_cosmogony,Norse fire-and-ice cosmogonic contrast,北欧火与冰宇宙生成结构,,,COSMOLOGY,civ.norse,,,,,PARTIAL,UNVERIFIED,1,{},2026-08-10T00:00:00Z,2026-08-10T00:00:00Z
concept.zoroastrian.asha,Asha,阿沙（真理／秩序）,aša,,CONCEPT,civ.zoroastrian,,,,,PARTIAL,UNVERIFIED,1,{},2026-08-10T00:00:00Z,2026-08-10T00:00:00Z
concept.zoroastrian.druj,Druj,德鲁杰（虚妄／失序）,druj,,CONCEPT,civ.zoroastrian,,,,,PARTIAL,UNVERIFIED,1,{},2026-08-10T00:00:00Z,2026-08-10T00:00:00Z
creature.greek.cyclopes_hesiodic,Hesiodic Cyclopes,赫西俄德传统独眼巨人,Κύκλωπες,,GIANT,civ.greek,,,,,DISCOVERED,SOURCE_BACKED,1,{},2026-08-10T00:00:00Z,2026-08-10T00:00:00Z
creature.greek.typhon,Typhon,提丰,,Typhōn,MONSTER,civ.greek,,,Archaic Greek textual tradition,Serpentine multi-voiced opponent of Zeus in Hesiod; later variants must remain separately sourced.,PARTIAL,PARTIAL,1,"{""variant_caution"":""Do not auto-merge Typhon, Typhoeus and Typhaon across witnesses.""}",2026-08-11T03:05:26Z,2026-08-11T03:05:26Z
creature.norse.fenrir,Fenrir,芬里尔,Fenrir,,MONSTER,civ.norse,,,,,PARTIAL,SOURCE_BACKED,1,{},2026-08-10T00:00:00Z,2026-08-10T00:00:00Z
creature.norse.gullinbursti,Gullinbursti,金鬃野猪,Gullinbursti,Gullinbursti,DIVINE_BEAST,civ.norse,,,Medieval Icelandic textual witness,Golden-bristled boar produced in the smithing contest and given to Freyr.,PARTIAL,PARTIAL,1,"{""hybrid_classification"":[""DIVINE_BEAST"",""ARTIFACT""]}",2026-08-11T03:05:26Z,2026-08-11T03:05:26Z
creature.norse.jormungandr,Jörmungandr,耶梦加得,Jǫrmungandr,,DRAGON,civ.norse,,,,,PARTIAL,UNVERIFIED,1,{},2026-08-10T00:00:00Z,2026-08-10T00:00:00Z
deity.akkadian.ishtar,Ishtar,伊什塔尔,Ištar,,DEITY,civ.akkadian,,,,,PARTIAL,UNVERIFIED,1,{},2026-08-10T00:00:00Z,2026-08-10T00:00:00Z
deity.assyrian.ashur,Ashur,阿舒尔,Aššur,,DEITY,civ.assyrian,,,,,PARTIAL,UNVERIFIED,1,{},2026-08-10T00:00:00Z,2026-08-10T00:00:00Z
deity.babylonian.marduk,Marduk,马尔杜克,Marduk,,DEITY,civ.babylonian,,,,,PARTIAL,SOURCE_BACKED,1,{},2026-08-10T00:00:00Z,2026-08-10T00:00:00Z
deity.babylonian.tiamat,Tiamat,提亚马特,Tiāmat,,PRIMORDIAL_DEITY,civ.babylonian,,,,,PARTIAL,SOURCE_BACKED,1,{},2026-08-10T00:00:00Z,2026-08-10T00:00:00Z
deity.chinese.fu_xi,Fuxi,伏羲,伏羲,,DEITY,civ.chinese_ancient,,,,,PARTIAL,UNVERIFIED,1,{},2026-08-10T00:00:00Z,2026-08-10T00:00:00Z
deity.chinese.nezha,Nezha,哪吒,哪吒,,DEITY,civ.chinese_folk,,,,,PARTIAL,UNVERIFIED,1,{},2026-08-10T00:00:00Z,2026-08-10T00:00:00Z
deity.chinese.nu_wa,Nüwa,女娲,女媧,,DEITY,civ.chinese_ancient,,,,,PARTIAL,UNVERIFIED,1,{},2026-08-10T00:00:00Z,2026-08-10T00:00:00Z
deity.egyptian.amun,Amun,阿蒙,Jmn,,DEITY,civ.egyptian,,,,,PARTIAL,SOURCE_BACKED,1,{},2026-08-10T00:00:00Z,2026-08-10T00:00:00Z
deity.egyptian.anubis,Anubis,阿努比斯,Jnpw,,DEITY,civ.egyptian,,,,,PARTIAL,UNVERIFIED,1,{},2026-08-10T00:00:00Z,2026-08-10T00:00:00Z
deity.egyptian.atum,Atum,阿图姆,Jtm,,PRIMORDIAL_DEITY,civ.egyptian,,,,,PARTIAL,UNVERIFIED,1,{},2026-08-10T00:00:00Z,2026-08-10T00:00:00Z
deity.egyptian.geb,Geb,盖布,Gbb,,DEITY,civ.egyptian,,,,,PARTIAL,UNVERIFIED,1,{},2026-08-10T00:00:00Z,2026-08-10T00:00:00Z
deity.egyptian.hathor,Hathor,哈托尔,Ḥwt-Ḥr,,DEITY,civ.egyptian,,,,,PARTIAL,UNVERIFIED,1,{},2026-08-10T00:00:00Z,2026-08-10T00:00:00Z
deity.egyptian.horus,Horus,荷鲁斯,Ḥr,,DEITY,civ.egyptian,,,,,PARTIAL,UNVERIFIED,1,{},2026-08-10T00:00:00Z,2026-08-10T00:00:00Z
deity.egyptian.isis,Isis,伊西斯,Ꜣst,,DEITY,civ.egyptian,,,,,PARTIAL,UNVERIFIED,1,{},2026-08-10T00:00:00Z,2026-08-10T00:00:00Z
deity.egyptian.ma_at,Ma'at,玛阿特,Mꜣꜥt,,DEITY,civ.egyptian,,,,,PARTIAL,PARTIAL,1,{},2026-08-10T00:00:00Z,2026-08-10T00:00:00Z
deity.egyptian.nephthys,Nephthys,奈芙蒂斯,Nbt-ḥwt,,DEITY,civ.egyptian,,,,,PARTIAL,UNVERIFIED,1,{},2026-08-10T00:00:00Z,2026-08-10T00:00:00Z
deity.egyptian.nut,Nut,努特,Nwt,,DEITY,civ.egyptian,,,,,PARTIAL,UNVERIFIED,1,{},2026-08-10T00:00:00Z,2026-08-10T00:00:00Z
deity.egyptian.osiris,Osiris,奥西里斯,Wsjr,,DEITY,civ.egyptian,,,,,PARTIAL,SOURCE_BACKED,1,{},2026-08-10T00:00:00Z,2026-08-10T00:00:00Z
deity.egyptian.ptah,Ptah,卜塔,Ptḥ,,DEITY,civ.egyptian,,,,,PARTIAL,UNVERIFIED,1,{},2026-08-10T00:00:00Z,2026-08-10T00:00:00Z
deity.egyptian.ra,Ra,拉／瑞,Rꜥ,,DEITY,civ.egyptian,,,,,PARTIAL,SOURCE_BACKED,1,{},2026-08-10T00:00:00Z,2026-08-10T00:00:00Z
deity.egyptian.sekhmet,Sekhmet,塞赫麦特,Sḫmt,,DEITY,civ.egyptian,,,,,PARTIAL,UNVERIFIED,1,{},2026-08-10T00:00:00Z,2026-08-10T00:00:00Z
deity.egyptian.seth,Seth,塞特,Stẖ,,DEITY,civ.egyptian,,,,,PARTIAL,UNVERIFIED,1,{},2026-08-10T00:00:00Z,2026-08-10T00:00:00Z
deity.egyptian.shu,Shu,舒,Šw,,DEITY,civ.egyptian,,,,,PARTIAL,UNVERIFIED,1,{},2026-08-10T00:00:00Z,2026-08-10T00:00:00Z
deity.egyptian.tefnut,Tefnut,泰芙努特,Tfnwt,,DEITY,civ.egyptian,,,,,PARTIAL,UNVERIFIED,1,{},2026-08-10T00:00:00Z,2026-08-10T00:00:00Z
deity.egyptian.thoth,Thoth,托特,Ḏḥwty,,DEITY,civ.egyptian,,,,,PARTIAL,UNVERIFIED,1,{},2026-08-10T00:00:00Z,2026-08-10T00:00:00Z
deity.greek.aether,Aether,埃忒耳,Αἰθήρ,Aithḗr,PRIMORDIAL_DEITY,civ.greek,,,Archaic Greek textual tradition,Aether is born from Nyx through union with Erebus in Theogony 124-125.,PARTIAL,SOURCE_BACKED,1,"{""translation_caution"":""Do not automatically equate Aether with every culture’s air or sky concept.""}",2026-08-14T00:00:00Z,2026-08-14T00:00:00Z
deity.greek.aphrodite,Aphrodite,阿佛洛狄忒,Ἀφροδίτη,,DEITY,civ.greek,,,,,PARTIAL,UNVERIFIED,1,{},2026-08-10T00:00:00Z,2026-08-10T00:00:00Z
deity.greek.apollo,Apollo,阿波罗,Ἀπόλλων,,DEITY,civ.greek,,,,,PARTIAL,SOURCE_BACKED,1,{},2026-08-10T00:00:00Z,2026-08-10T00:00:00Z
deity.greek.ares,Ares,阿瑞斯,Ἄρης,,DEITY,civ.greek,,,,,PARTIAL,UNVERIFIED,1,{},2026-08-10T00:00:00Z,2026-08-10T00:00:00Z
deity.greek.artemis,Artemis,阿耳忒弥斯,Ἄρτεμις,,DEITY,civ.greek,,,,,PARTIAL,UNVERIFIED,1,{},2026-08-10T00:00:00Z,2026-08-10T00:00:00Z
deity.greek.asteria,Asteria,阿斯忒里亚,Ἀστερία,Astería,DEITY,civ.greek,,,Archaic Greek textual tradition,Parent of Hecate with Perses in Hesiod’s Theogony.,PARTIAL,SOURCE_BACKED,1,"{""scope_caution"":""This record follows the Hesiodic Hecate genealogy only.""}",2026-08-14T00:00:00Z,2026-08-14T00:00:00Z
deity.greek.athena,Athena,雅典娜,Ἀθηνᾶ,,DEITY,civ.greek,,,,,PARTIAL,UNVERIFIED,1,{},2026-08-10T00:00:00Z,2026-08-10T00:00:00Z
deity.greek.chaos,Chaos,卡俄斯,Χάος,Kháos,PRIMORDIAL_DEITY,civ.greek,,,Archaic Greek textual tradition,The first named cosmogonic condition or being in Hesiod’s Theogony; its ontology should not be flattened into the modern everyday sense of disorder.,PARTIAL,SOURCE_BACKED,1,"{""classification_caution"":""Keep Hesiodic Chaos distinct from generic comparative chaos concepts.""}",2026-08-14T00:00:00Z,2026-08-14T00:00:00Z
deity.greek.cronus,Cronus,克洛诺斯,Κρόνος,,DEITY,civ.greek,,,,,PARTIAL,SOURCE_BACKED,1,{},2026-08-10T00:00:00Z,2026-08-10T00:00:00Z
deity.greek.demeter,Demeter,得墨忒耳,Δημήτηρ,,DEITY,civ.greek,,,,,PARTIAL,UNVERIFIED,1,{},2026-08-10T00:00:00Z,2026-08-10T00:00:00Z
deity.greek.dionysus,Dionysus,狄俄倪索斯,Διόνυσος,,DEITY,civ.greek,,,,,PARTIAL,UNVERIFIED,1,{},2026-08-10T00:00:00Z,2026-08-10T00:00:00Z
deity.greek.eos,Eos,厄俄斯,Ἠώς,Ēṓs,DEITY,civ.greek,,,Archaic Greek textual tradition,Dawn deity named with Helios and Selene among the children of Hyperion and Theia in Hesiod.,PARTIAL,SOURCE_BACKED,1,{},2026-08-14T00:00:00Z,2026-08-14T00:00:00Z
deity.greek.erebus,Erebus,厄瑞玻斯,Ἔρεβος,Érebos,PRIMORDIAL_DEITY,civ.greek,,,Archaic Greek textual tradition,Erebus is born from Chaos in Theogony 123 and joins Nyx in the genealogy of Aether and Hemera.,PARTIAL,SOURCE_BACKED,1,{},2026-08-14T00:00:00Z,2026-08-14T00:00:00Z
deity.greek.gaia,Gaia,盖亚,Γαῖα,,PRIMORDIAL_DEITY,civ.greek,,,,,PARTIAL,UNVERIFIED,1,{},2026-08-10T00:00:00Z,2026-08-10T00:00:00Z
deity.greek.hades,Hades,哈得斯,ᾍδης,,DEITY,civ.greek,,,,,PARTIAL,UNVERIFIED,1,{},2026-08-10T00:00:00Z,2026-08-10T00:00:00Z
deity.greek.hecate,Hecate,赫卡忒,Ἑκάτη,Hekátē,DEITY,civ.greek,,,Archaic Greek textual tradition,Daughter of Asteria and Perses who receives extensive honors in Hesiod; a torch-bearing helper of Demeter in Homeric Hymn 2.,PARTIAL,SOURCE_BACKED,1,"{""layer_caution"":""The v0.4 baseline separates early Hesiodic and Hymn-to-Demeter testimony from later magic, crossroads and underworld layers.""}",2026-08-14T00:00:00Z,2026-08-14T00:00:00Z
deity.greek.helios,Helios,赫利俄斯,Ἥλιος,Hḗlios,DEITY,civ.greek,,,Archaic Greek textual tradition,"Solar deity, child of Hyperion and Theia in Hesiod, celebrated with a chariot in Homeric Hymn 31.",PARTIAL,SOURCE_BACKED,1,"{""identity_caution"":""Do not silently merge Helios with Apollo; identifications belong in sourced, dated claims.""}",2026-08-14T00:00:00Z,2026-08-14T00:00:00Z
deity.greek.hemera,Hemera,赫墨拉,Ἡμέρα,Hēméra,PRIMORDIAL_DEITY,civ.greek,,,Archaic Greek textual tradition,"Hemera, Day, is born from Nyx through union with Erebus in Theogony 124-125.",PARTIAL,SOURCE_BACKED,1,{},2026-08-14T00:00:00Z,2026-08-14T00:00:00Z
deity.greek.hephaestus,Hephaestus,赫淮斯托斯,Ἥφαιστος,,DEITY,civ.greek,,,,,PARTIAL,UNVERIFIED,1,{},2026-08-10T00:00:00Z,2026-08-10T00:00:00Z
deity.greek.hera,Hera,赫拉,Ἥρα,,DEITY,civ.greek,,,,,PARTIAL,UNVERIFIED,1,{},2026-08-10T00:00:00Z,2026-08-10T00:00:00Z
deity.greek.hermes,Hermes,赫尔墨斯,Ἑρμῆς,,DEITY,civ.greek,,,,,PARTIAL,UNVERIFIED,1,{},2026-08-10T00:00:00Z,2026-08-10T00:00:00Z
deity.greek.hestia,Hestia,赫斯提亚,Ἑστία,Hestía,DEITY,civ.greek,,,Archaic Greek textual tradition,Child of Rhea and Cronus in Hesiod and recipient of first-and-last banquet libations in Homeric Hymn 29.,PARTIAL,SOURCE_BACKED,1,"{""layer_caution"":""Cult practice and later civic traditions remain queued for archaeological and epigraphic expansion.""}",2026-08-14T00:00:00Z,2026-08-14T00:00:00Z
deity.greek.hyperion,Hyperion,许珀里翁,Ὑπερίων,Hyperíōn,DEITY,civ.greek,,,Archaic Greek textual tradition,"Titan child of Gaia and Uranus and parent, with Theia, of Helios, Selene and Eos in Hesiod.",PARTIAL,SOURCE_BACKED,1,{},2026-08-14T00:00:00Z,2026-08-14T00:00:00Z
deity.greek.hypnos,Hypnos,许普诺斯,Ὕπνος,Hýpnos,DEITY,civ.greek,,,Archaic Greek textual tradition,Personified Sleep among the children of Nyx in Hesiod’s Theogony.,PARTIAL,SOURCE_BACKED,1,"{""layer_caution"":""Later literary and visual traditions require separate witness-level claims.""}",2026-08-14T00:00:00Z,2026-08-14T00:00:00Z
deity.greek.metis,Metis,墨提斯,Μῆτις,Mētis,DEITY,civ.greek,,,Archaic Greek textual tradition,"Figure of wisdom in Hesiod, first consort of Zeus and mother of Athena in that witness.",PARTIAL,PARTIAL,1,{},2026-08-11T03:05:26Z,2026-08-11T03:05:26Z
deity.greek.nyx,Nyx,倪克斯,Νύξ,Nýx,PRIMORDIAL_DEITY,civ.greek,,,Archaic Greek textual tradition,"Night figure in Hesiodic genealogy, born from Chaos and parent of multiple personified powers in that witness.",PARTIAL,SOURCE_BACKED,1,"{""layer_caution"":""Genealogies vary by witness; this baseline is Hesiod-specific.""}",2026-08-14T00:00:00Z,2026-08-14T00:00:00Z
deity.greek.perses,Perses,珀耳塞斯,Πέρσης,Pérsēs,DEITY,civ.greek,,,Archaic Greek textual tradition,Parent of Hecate with Asteria in Hesiod’s Theogony.,PARTIAL,CONFLICTING,1,"{""identity_caution"":""Greek tradition contains more than one figure named Perses; do not merge by name alone.""}",2026-08-14T00:00:00Z,2026-08-14T00:00:00Z
deity.greek.poseidon,Poseidon,波塞冬,Ποσειδῶν,,DEITY,civ.greek,,,,,PARTIAL,SOURCE_BACKED,1,{},2026-08-10T00:00:00Z,2026-08-10T00:00:00Z
deity.greek.rhea,Rhea,瑞亚,Ῥέα,,DEITY,civ.greek,,,,,PARTIAL,SOURCE_BACKED,1,{},2026-08-10T00:00:00Z,2026-08-10T00:00:00Z
deity.greek.selene,Selene,塞勒涅,Σελήνη,Selḗnē,DEITY,civ.greek,,,Archaic Greek textual tradition,"Lunar deity, child of Hyperion and Theia in Hesiod and subject of Homeric Hymn 32.",PARTIAL,SOURCE_BACKED,1,"{""identity_caution"":""Do not silently merge Selene with Artemis or other lunar figures.""}",2026-08-14T00:00:00Z,2026-08-14T00:00:00Z
deity.greek.thanatos,Thanatos,塔纳托斯,Θάνατος,Thánatos,DEITY,civ.greek,,,Archaic Greek textual tradition,Personified Death among the children of Nyx in Hesiod’s Theogony.,PARTIAL,SOURCE_BACKED,1,"{""layer_caution"":""Later literary and visual traditions require separate witness-level claims.""}",2026-08-14T00:00:00Z,2026-08-14T00:00:00Z
deity.greek.theia,Theia,忒亚,Θεία,Theía,DEITY,civ.greek,,,Archaic Greek textual tradition,"Titan child of Gaia and Uranus and parent, with Hyperion, of Helios, Selene and Eos in Hesiod.",PARTIAL,SOURCE_BACKED,1,{},2026-08-14T00:00:00Z,2026-08-14T00:00:00Z
deity.greek.uranus,Uranus,乌拉诺斯,Οὐρανός,,PRIMORDIAL_DEITY,civ.greek,,,,,PARTIAL,UNVERIFIED,1,{},2026-08-10T00:00:00Z,2026-08-10T00:00:00Z
deity.greek.zeus,Zeus,宙斯,Ζεύς,,DEITY,civ.greek,,,,,PARTIAL,SOURCE_BACKED,1,{},2026-08-10T00:00:00Z,2026-08-10T00:00:00Z
deity.hawaiian.pele,Pele,佩蕾,Pele,,DEITY,civ.hawaiian,,,,,PARTIAL,UNVERIFIED,1,{},2026-08-10T00:00:00Z,2026-08-10T00:00:00Z
deity.hindu.brahma,Brahma,梵天,ब्रह्मा,,DEITY,civ.hindu,,,,,PARTIAL,UNVERIFIED,1,{},2026-08-10T00:00:00Z,2026-08-10T00:00:00Z
deity.hindu.shiva,Shiva,湿婆,शिव,,DEITY,civ.hindu,,,,,PARTIAL,UNVERIFIED,1,{},2026-08-10T00:00:00Z,2026-08-10T00:00:00Z
deity.hindu.vishnu,Vishnu,毗湿奴,विष्णु,,DEITY,civ.hindu,,,,,PARTIAL,UNVERIFIED,1,{},2026-08-10T00:00:00Z,2026-08-10T00:00:00Z
deity.irish.bridig,Brigid,布里吉德,Brigit,,DEITY,civ.irish,,,,,PARTIAL,UNVERIFIED,1,{},2026-08-10T00:00:00Z,2026-08-10T00:00:00Z
deity.irish.dagda,The Dagda,达格达,in Dagda,,DEITY,civ.irish,,,,,PARTIAL,UNVERIFIED,1,{},2026-08-10T00:00:00Z,2026-08-10T00:00:00Z
deity.irish.lugh,Lugh,鲁格,Lug,,DEITY,civ.irish,,,,,PARTIAL,UNVERIFIED,1,{},2026-08-10T00:00:00Z,2026-08-10T00:00:00Z
deity.irish.morrigan,The Morrígan,莫莉甘,Mórrígan,,DEITY,civ.irish,,,,,PARTIAL,UNVERIFIED,1,{},2026-08-10T00:00:00Z,2026-08-10T00:00:00Z
deity.japanese.amaterasu,Amaterasu,天照大神,天照大御神,,DEITY,civ.japanese_shinto,,,,,PARTIAL,UNVERIFIED,1,{},2026-08-10T00:00:00Z,2026-08-10T00:00:00Z
deity.japanese.izanagi,Izanagi,伊邪那岐,伊邪那岐命,,DEITY,civ.japanese_shinto,,,,,PARTIAL,UNVERIFIED,1,{},2026-08-10T00:00:00Z,2026-08-10T00:00:00Z
deity.japanese.izanami,Izanami,伊邪那美,伊邪那美命,,DEITY,civ.japanese_shinto,,,,,PARTIAL,UNVERIFIED,1,{},2026-08-10T00:00:00Z,2026-08-10T00:00:00Z
deity.japanese.susanoo,Susanoo,须佐之男,須佐之男命,,DEITY,civ.japanese_shinto,,,,,PARTIAL,UNVERIFIED,1,{},2026-08-10T00:00:00Z,2026-08-10T00:00:00Z
deity.japanese.tsukuyomi,Tsukuyomi,月读,月読命,,DEITY,civ.japanese_shinto,,,,,PARTIAL,UNVERIFIED,1,{},2026-08-10T00:00:00Z,2026-08-10T00:00:00Z
deity.maori.papatuanuku,Papatūānuku,帕帕图阿努库,Papatūānuku,,PRIMORDIAL_DEITY,civ.maori,,,,,PARTIAL,UNVERIFIED,1,{},2026-08-10T00:00:00Z,2026-08-10T00:00:00Z
deity.maori.ranginui,Ranginui,兰吉努伊,Ranginui,,PRIMORDIAL_DEITY,civ.maori,,,,,PARTIAL,UNVERIFIED,1,{},2026-08-10T00:00:00Z,2026-08-10T00:00:00Z
deity.maya.chaac,Chaac,恰克,,,DEITY,civ.maya,,,,,PARTIAL,UNVERIFIED,1,{},2026-08-10T00:00:00Z,2026-08-10T00:00:00Z
deity.maya.itzamna,Itzamna,伊察姆纳,,,DEITY,civ.maya,,,,,PARTIAL,UNVERIFIED,1,{},2026-08-10T00:00:00Z,2026-08-10T00:00:00Z
deity.maya.kukulkan,Kukulkan,库库尔坎,K’uk’ulkan,,DEITY,civ.maya,,,,,PARTIAL,UNVERIFIED,1,{},2026-08-10T00:00:00Z,2026-08-10T00:00:00Z
deity.mexica.huitzilopochtli,Huitzilopochtli,维齐洛波奇特利,Huītzilōpōchtli,,DEITY,civ.mexica,,,,,PARTIAL,UNVERIFIED,1,{},2026-08-10T00:00:00Z,2026-08-10T00:00:00Z
deity.mexica.quetzalcoatl,Quetzalcoatl,羽蛇神,Quetzalcōātl,,DEITY,civ.mexica,,,,,PARTIAL,UNVERIFIED,1,{},2026-08-10T00:00:00Z,2026-08-10T00:00:00Z
deity.mexica.tezcatlipoca,Tezcatlipoca,特斯卡特利波卡,Tezcatlipōca,,DEITY,civ.mexica,,,,,PARTIAL,UNVERIFIED,1,{},2026-08-10T00:00:00Z,2026-08-10T00:00:00Z
deity.mexica.tlaloc,Tlaloc,特拉洛克,Tlāloc,,DEITY,civ.mexica,,,,,PARTIAL,UNVERIFIED,1,{},2026-08-10T00:00:00Z,2026-08-10T00:00:00Z
deity.norse.baldr,Baldr,巴德尔,Baldr,,DEITY,civ.norse,,,,,PARTIAL,UNVERIFIED,1,{},2026-08-10T00:00:00Z,2026-08-10T00:00:00Z
deity.norse.borr,Borr,博尔,Borr,Borr,DEITY,civ.norse,,,Medieval Icelandic textual witness,"Son of Búri and father of Odin, Vili and Vé in Gylfaginning.",PARTIAL,PARTIAL,1,{},2026-08-11T03:05:26Z,2026-08-11T03:05:26Z
deity.norse.buri,Búri,布里,Búri,Búri,ANCESTOR_DEITY,civ.norse,,,Medieval Icelandic textual witness,Ancestor licked free from rime by Auðhumla in Gylfaginning.,PARTIAL,PARTIAL,1,{},2026-08-11T03:05:26Z,2026-08-11T03:05:26Z
deity.norse.freyja,Freyja,芙蕾雅,Freyja,,DEITY,civ.norse,,,,,PARTIAL,UNVERIFIED,1,{},2026-08-10T00:00:00Z,2026-08-10T00:00:00Z
deity.norse.freyr,Freyr,弗雷,Freyr,,DEITY,civ.norse,,,,,PARTIAL,UNVERIFIED,1,{},2026-08-10T00:00:00Z,2026-08-10T00:00:00Z
deity.norse.frigg,Frigg,弗丽嘉,Frigg,,DEITY,civ.norse,,,,,PARTIAL,UNVERIFIED,1,{},2026-08-10T00:00:00Z,2026-08-10T00:00:00Z
deity.norse.heimdall,Heimdallr,海姆达尔,Heimdallr,,DEITY,civ.norse,,,,,PARTIAL,UNVERIFIED,1,{},2026-08-10T00:00:00Z,2026-08-10T00:00:00Z
deity.norse.hel,Hel,赫尔,Hel,,DEITY,civ.norse,,,,,PARTIAL,UNVERIFIED,1,{},2026-08-10T00:00:00Z,2026-08-10T00:00:00Z
deity.norse.loki,Loki,洛基,Loki,,DEITY,civ.norse,,,,,PARTIAL,UNVERIFIED,1,{},2026-08-10T00:00:00Z,2026-08-10T00:00:00Z
deity.norse.njord,Njörðr,尼奥尔德,Njǫrðr,,DEITY,civ.norse,,,,,PARTIAL,UNVERIFIED,1,{},2026-08-10T00:00:00Z,2026-08-10T00:00:00Z
deity.norse.odin,Odin,奥丁,Óðinn,,DEITY,civ.norse,,,,,PARTIAL,SOURCE_BACKED,1,{},2026-08-10T00:00:00Z,2026-08-10T00:00:00Z
deity.norse.thor,Thor,索尔／雷神托尔,Þórr,,DEITY,civ.norse,,,,,PARTIAL,SOURCE_BACKED,1,{},2026-08-10T00:00:00Z,2026-08-10T00:00:00Z
deity.norse.tyr,Týr,提尔,Týr,,DEITY,civ.norse,,,,,PARTIAL,UNVERIFIED,1,{},2026-08-10T00:00:00Z,2026-08-10T00:00:00Z
deity.norse.ve,Vé,维,Vé,Vé,DEITY,civ.norse,,,Medieval Icelandic textual witness,Brother of Odin and Vili; participates in cosmogonic acts in Gylfaginning.,PARTIAL,PARTIAL,1,{},2026-08-11T03:05:26Z,2026-08-11T03:05:26Z
deity.norse.vili,Vili,维利,Vili,Vili,DEITY,civ.norse,,,Medieval Icelandic textual witness,Brother of Odin and Vé; participates in cosmogonic acts in Gylfaginning.,PARTIAL,PARTIAL,1,{},2026-08-11T03:05:26Z,2026-08-11T03:05:26Z
deity.polynesian.tane,Tāne,塔内,Tāne,,DEITY,civ.polynesian,,,,,PARTIAL,UNVERIFIED,1,{},2026-08-10T00:00:00Z,2026-08-10T00:00:00Z
deity.polynesian.tangaroa,Tangaroa,塔加罗阿,Tangaroa,,DEITY,civ.polynesian,,,,,PARTIAL,UNVERIFIED,1,{},2026-08-10T00:00:00Z,2026-08-10T00:00:00Z
deity.slavic.mokosh,Mokosh,莫科什,Мокошь,,DEITY,civ.slavic,,,,,PARTIAL,UNVERIFIED,1,{},2026-08-10T00:00:00Z,2026-08-10T00:00:00Z
deity.slavic.perun,Perun,佩伦,Перун,,DEITY,civ.slavic,,,,,PARTIAL,UNVERIFIED,1,{},2026-08-10T00:00:00Z,2026-08-10T00:00:00Z
deity.slavic.veles,Veles,维列斯,Велес,,DEITY,civ.slavic,,,,,PARTIAL,UNVERIFIED,1,{},2026-08-10T00:00:00Z,2026-08-10T00:00:00Z
deity.sumerian.an,An,安,𒀭,,DEITY,civ.sumerian,,,,,PARTIAL,UNVERIFIED,1,{},2026-08-10T00:00:00Z,2026-08-10T00:00:00Z
deity.sumerian.enki,Enki,恩基,𒀭𒂗𒆠,,DEITY,civ.sumerian,,,,,PARTIAL,SOURCE_BACKED,1,{},2026-08-10T00:00:00Z,2026-08-10T00:00:00Z
deity.sumerian.enlil,Enlil,恩利尔,𒀭𒂗𒆤,,DEITY,civ.sumerian,,,,,PARTIAL,SOURCE_BACKED,1,{},2026-08-10T00:00:00Z,2026-08-10T00:00:00Z
deity.sumerian.ereshkigal,Ereshkigal,埃列什基伽勒,Ereškigal,,DEITY,civ.sumerian,,,,,PARTIAL,SOURCE_BACKED,1,{},2026-08-10T00:00:00Z,2026-08-10T00:00:00Z
deity.sumerian.inanna,Inanna,伊南娜,Inana,,DEITY,civ.sumerian,,,,,PARTIAL,SOURCE_BACKED,1,{},2026-08-10T00:00:00Z,2026-08-10T00:00:00Z
deity.sumerian.nanna,Nanna,南纳,Nanna,,DEITY,civ.sumerian,,,,,PARTIAL,UNVERIFIED,1,{},2026-08-10T00:00:00Z,2026-08-10T00:00:00Z
deity.sumerian.ninhursag,Ninhursag,宁胡尔萨格,Ninḫursaĝa,,DEITY,civ.sumerian,,,,,PARTIAL,UNVERIFIED,1,{},2026-08-10T00:00:00Z,2026-08-10T00:00:00Z
deity.sumerian.utu,Utu,乌图,Utu,,DEITY,civ.sumerian,,,,,PARTIAL,UNVERIFIED,1,{},2026-08-10T00:00:00Z,2026-08-10T00:00:00Z
deity.ugaritic.anat,Anat,阿娜特,ʿAnatu,,DEITY,civ.ugaritic,,,,,PARTIAL,UNVERIFIED,1,{},2026-08-10T00:00:00Z,2026-08-10T00:00:00Z
deity.ugaritic.asherah,Athirat / Asherah,阿西拉特／亚舍拉,ʾAṯiratu,,DEITY,civ.ugaritic,,,,,PARTIAL,UNVERIFIED,1,{},2026-08-10T00:00:00Z,2026-08-10T00:00:00Z
deity.ugaritic.baal,Baal of Ugarit,乌加里特巴力,Baʿlu,,DEITY,civ.ugaritic,,,,,PARTIAL,SOURCE_BACKED,1,{},2026-08-10T00:00:00Z,2026-08-10T00:00:00Z
deity.ugaritic.el,El of Ugarit,乌加里特伊勒,Ilu,,DEITY,civ.ugaritic,,,,,PARTIAL,UNVERIFIED,1,{},2026-08-10T00:00:00Z,2026-08-10T00:00:00Z
deity.ugaritic.mot,Mot,穆特,Môtu,,DEITY,civ.ugaritic,,,,,PARTIAL,UNVERIFIED,1,{},2026-08-10T00:00:00Z,2026-08-10T00:00:00Z
deity.ugaritic.yam,Yam,雅姆,Yammu,,DEITY,civ.ugaritic,,,,,PARTIAL,UNVERIFIED,1,{},2026-08-10T00:00:00Z,2026-08-10T00:00:00Z
deity.vedic.indra,Indra,因陀罗,इन्द्र,,DEITY,civ.vedic,,,,,PARTIAL,UNVERIFIED,1,{},2026-08-10T00:00:00Z,2026-08-10T00:00:00Z
deity.yoruba.ogun,Ogun,奥贡,Ògún,,DEITY,civ.yoruba,,,,,PARTIAL,UNVERIFIED,1,{},2026-08-10T00:00:00Z,2026-08-10T00:00:00Z
deity.yoruba.olodumare,Olodumare,奥洛杜马雷,,,DEITY,civ.yoruba,,,,,PARTIAL,UNVERIFIED,1,{},2026-08-10T00:00:00Z,2026-08-10T00:00:00Z
deity.yoruba.orunmila,Orunmila,奥伦米拉,Ọ̀rúnmìlà,,DEITY,civ.ifa,,,,,PARTIAL,UNVERIFIED,1,{},2026-08-10T00:00:00Z,2026-08-10T00:00:00Z
deity.yoruba.oshun,Oshun,奥舒恩,Ọ̀ṣun,,DEITY,civ.yoruba,,,,,PARTIAL,UNVERIFIED,1,{},2026-08-10T00:00:00Z,2026-08-10T00:00:00Z
deity.yoruba.shango,Shango,尚戈,Ṣàngó,,DEITY,civ.yoruba,,,,,PARTIAL,UNVERIFIED,1,{},2026-08-10T00:00:00Z,2026-08-10T00:00:00Z
deity.zoroastrian.ahura_mazda,Ahura Mazda,阿胡拉·马兹达,𐬨𐬀𐬰𐬛𐬁 𐬀𐬵𐬎𐬭𐬀,,DEITY,civ.zoroastrian,,,,,PARTIAL,UNVERIFIED,1,{},2026-08-10T00:00:00Z,2026-08-10T00:00:00Z
deity.zoroastrian.mithra,Mithra,密特拉,Miθra,,DEITY,civ.zoroastrian,,,,,PARTIAL,UNVERIFIED,1,{},2026-08-10T00:00:00Z,2026-08-10T00:00:00Z
element.chinese.huo,Huo (Wuxing),火（五行）,火,,ELEMENT,civ.chinese_ancient,,,,Fire as a native member of the wuxing system; Hong Fan describes it as blazing and rising.,PARTIAL,PARTIAL,2,"{""native_system"":""concept.chinese.wuxing"",""dedup_checkpoint"":""2026-08-11""}",2026-08-10T00:00:00Z,2026-08-11T03:22:00Z
element.chinese.jin,Jin (Wuxing),金（五行）,金,,ELEMENT,civ.chinese_ancient,,,,Metal as a native member of the wuxing system; Hong Fan describes it through yielding and change.,PARTIAL,PARTIAL,2,"{""native_system"":""concept.chinese.wuxing"",""dedup_checkpoint"":""2026-08-11""}",2026-08-10T00:00:00Z,2026-08-11T03:22:00Z
element.chinese.mu,Mu (Wuxing),木（五行）,木,,ELEMENT,civ.chinese_ancient,,,,Wood as a native member of the wuxing system; Hong Fan describes it through bending and straightening.,PARTIAL,PARTIAL,2,"{""native_system"":""concept.chinese.wuxing"",""dedup_checkpoint"":""2026-08-11""}",2026-08-10T00:00:00Z,2026-08-11T03:22:00Z
element.chinese.shui,Shui (Wuxing),水（五行）,水,,ELEMENT,civ.chinese_ancient,,,,Water as a native member of the wuxing system; Hong Fan describes it as moistening and descending.,PARTIAL,PARTIAL,2,"{""native_system"":""concept.chinese.wuxing"",""dedup_checkpoint"":""2026-08-11""}",2026-08-10T00:00:00Z,2026-08-11T03:22:00Z
element.chinese.tu,Tu (Wuxing),土（五行）,土,,ELEMENT,civ.chinese_ancient,,,,Earth/soil as a native member of the wuxing system; Hong Fan describes it through sowing and gathering.,PARTIAL,PARTIAL,2,"{""native_system"":""concept.chinese.wuxing"",""dedup_checkpoint"":""2026-08-11""}",2026-08-10T00:00:00Z,2026-08-11T03:22:00Z
element.indian.agni,Agni,火,अग्नि,,ELEMENT,civ.hindu,,,,,PARTIAL,PARTIAL,1,{},2026-08-10T00:00:00Z,2026-08-10T00:00:00Z
element.indian.akasha,Ākāśa,空／以太,आकाश,,ELEMENT,civ.hindu,,,,,PARTIAL,PARTIAL,1,{},2026-08-10T00:00:00Z,2026-08-10T00:00:00Z
element.indian.ap,Āpas,水,आपस्,,ELEMENT,civ.hindu,,,,,PARTIAL,PARTIAL,1,{},2026-08-10T00:00:00Z,2026-08-10T00:00:00Z
element.indian.prithvi,Pṛthvī,地,पृथ्वी,,ELEMENT,civ.hindu,,,,,PARTIAL,PARTIAL,1,{},2026-08-10T00:00:00Z,2026-08-10T00:00:00Z
element.indian.vayu,Vāyu,风／气,वायु,,ELEMENT,civ.hindu,,,,,PARTIAL,PARTIAL,1,{},2026-08-10T00:00:00Z,2026-08-10T00:00:00Z
event.babylonian.marduk_tiamat,Combat of Marduk and Tiamat,马尔杜克与提亚马特之战,,,EVENT,civ.babylonian,,,,,PARTIAL,UNVERIFIED,1,{},2026-08-10T00:00:00Z,2026-08-10T00:00:00Z
event.greek.titanomachy,Titanomachy,泰坦战争,Τιτανομαχία,,EVENT,civ.greek,,,,,PARTIAL,UNVERIFIED,1,{},2026-08-10T00:00:00Z,2026-08-10T00:00:00Z
event.greek.zeus_typhon_battle,Battle of Zeus and Typhon,宙斯与提丰之战,,,EVENT,civ.greek,,,Mythic time,Combat narrated in Hesiod Theogony 820-868.,PARTIAL,PARTIAL,1,{},2026-08-11T03:05:26Z,2026-08-11T03:05:26Z
event.norse.forging_divine_treasures,Forging of the divine treasures,诸神宝物锻造,,,EVENT,civ.norse,,,Mythic narrative preserved in medieval text,"Smithing contest that produces Gullinbursti, Draupnir and Mjölnir.",PARTIAL,PARTIAL,1,{},2026-08-11T03:05:26Z,2026-08-11T03:05:26Z
event.norse.ragnarok,Ragnarök,诸神黄昏,Ragnarǫk,,EVENT,civ.norse,,,,,PARTIAL,UNVERIFIED,1,{},2026-08-10T00:00:00Z,2026-08-10T00:00:00Z
event.sumerian.inanna_descent,Descent of Inanna,伊南娜下冥界事件,,,EVENT,civ.sumerian,,,,,PARTIAL,UNVERIFIED,1,{},2026-08-10T00:00:00Z,2026-08-10T00:00:00Z
hero.chinese.sun_wukong,Sun Wukong,孙悟空,孫悟空,,HERO,civ.chinese_folk,,,,,PARTIAL,UNVERIFIED,1,{},2026-08-10T00:00:00Z,2026-08-10T00:00:00Z
hero.chinese.yellow_emperor,Yellow Emperor,黄帝,黃帝,,HERO,civ.chinese_ancient,,,,,PARTIAL,UNVERIFIED,1,{},2026-08-10T00:00:00Z,2026-08-10T00:00:00Z
hero.indian.arjuna,Arjuna,阿周那,अर्जुन,,HERO,civ.hindu,,,,,PARTIAL,UNVERIFIED,1,{},2026-08-10T00:00:00Z,2026-08-10T00:00:00Z
hero.irish.cu_chulainn,Cú Chulainn,库丘林,Cú Chulainn,,HERO,civ.irish,,,,,PARTIAL,UNVERIFIED,1,{},2026-08-10T00:00:00Z,2026-08-10T00:00:00Z
hero.irish.fergus_mac_roich,Fergus mac Róich,弗格斯·马克·罗伊,Fergus mac Róich,,HERO,civ.irish,,,,,PARTIAL,UNVERIFIED,1,{},2026-08-10T00:00:00Z,2026-08-10T00:00:00Z
hero.japanese.yamato_takeru,Yamato Takeru,日本武尊,日本武尊,,HERO,civ.japanese_shinto,,,,,PARTIAL,UNVERIFIED,1,{},2026-08-10T00:00:00Z,2026-08-10T00:00:00Z
hero.kiche.hunahpu,Hunahpu,胡纳普,Junajpu,,HERO,civ.maya,,,,,PARTIAL,UNVERIFIED,1,{},2026-08-10T00:00:00Z,2026-08-10T00:00:00Z
hero.kiche.xbalanque,Xbalanque,伊斯巴兰克,Xb’alanke,,HERO,civ.maya,,,,,PARTIAL,UNVERIFIED,1,{},2026-08-10T00:00:00Z,2026-08-10T00:00:00Z
hero.polynesian.maui,Māui,毛伊,Māui,,HERO,civ.polynesian,,,,,PARTIAL,UNVERIFIED,1,{},2026-08-10T00:00:00Z,2026-08-10T00:00:00Z
institution.british_museum,British Museum,大英博物馆,,,INSTITUTION,,,,,,PARTIAL,UNVERIFIED,1,{},2026-08-10T00:00:00Z,2026-08-10T00:00:00Z
institution.louvre,Musée du Louvre,卢浮宫博物馆,,,INSTITUTION,,,,,,PARTIAL,UNVERIFIED,1,{},2026-08-10T00:00:00Z,2026-08-10T00:00:00Z
institution.met,Metropolitan Museum of Art,大都会艺术博物馆,,,INSTITUTION,,,,,,PARTIAL,UNVERIFIED,1,{},2026-08-10T00:00:00Z,2026-08-10T00:00:00Z
institution.swedish_history_museum,Swedish History Museum,瑞典历史博物馆,,,INSTITUTION,,,,,,PARTIAL,UNVERIFIED,1,{},2026-08-10T00:00:00Z,2026-08-10T00:00:00Z
museum.babylon.flood_tablet_k3375,Flood Tablet K.3375,洪水泥板 K.3375,,,MUSEUM_OBJECT,civ.assyrian,,,,,PARTIAL,SOURCE_BACKED,1,{},2026-08-10T00:00:00Z,2026-08-10T00:00:00Z
museum.egypt.papyrus_ani_frame3,"Papyrus of Ani, frame 3",阿尼纸草第3框,,,MUSEUM_OBJECT,civ.egyptian,,,,,PARTIAL,SOURCE_BACKED,1,{},2026-08-10T00:00:00Z,2026-08-10T00:00:00Z
museum.greek.zeus_poseidon_met_21_88_52,Bronze statuette: Zeus or Poseidon,宙斯或波塞冬青铜像,,,MUSEUM_OBJECT,civ.greek,,,,,CONFLICT,CONFLICTING,1,{},2026-08-10T00:00:00Z,2026-08-10T00:00:00Z
museum.norse.mjolnir_rings,Thor's hammer rings collection entry,雷神锤环形护符藏品组,,,MUSEUM_OBJECT,civ.norse,,,,,PARTIAL,SOURCE_BACKED,1,{},2026-08-10T00:00:00Z,2026-08-10T00:00:00Z
museum.ugarit.baal_cycle_ao16643,Baal Cycle tablet AO 16643,巴力神话泥板 AO 16643,,,MUSEUM_OBJECT,civ.ugaritic,,,,,PARTIAL,SOURCE_BACKED,1,{},2026-08-10T00:00:00Z,2026-08-10T00:00:00Z
museum.ugarit.baal_thunder_ao15775,Baal with Thunderbolt stele AO 15775,雷霆巴力石碑 AO 15775,,,MUSEUM_OBJECT,civ.ugaritic,,,,,PARTIAL,SOURCE_BACKED,1,{},2026-08-10T00:00:00Z,2026-08-10T00:00:00Z
place.norse.mimisbrunnr,Mímisbrunnr,密米尔之泉,Mímisbrunnr,Mímisbrunnr,MYTHICAL_PLACE,civ.norse,,,Eddic and medieval Icelandic witnesses,Wisdom well beneath a root of Yggdrasil in Gylfaginning.,PARTIAL,PARTIAL,1,"{""reality_status"":""MYTHICAL""}",2026-08-11T03:05:26Z,2026-08-11T03:05:26Z
realm.egypt.duat,Duat,杜阿特／埃及冥界,dwꜣt,,REALM,civ.egyptian,,,,,PARTIAL,UNVERIFIED,1,{},2026-08-10T00:00:00Z,2026-08-10T00:00:00Z
realm.greek.tartarus,Tartarus,塔耳塔罗斯,Τάρταρος,Tartaros,REALM,civ.greek,,,Archaic Greek textual tradition,Mythic underworld depth and personified progenitor in some Greek genealogical passages.,PARTIAL,PARTIAL,1,"{""reality_status"":""MYTHICAL""}",2026-08-11T03:05:26Z,2026-08-11T03:05:26Z
realm.norse.valhalla,Valhalla,瓦尔哈拉,Valhǫll,,REALM,civ.norse,,,,,PARTIAL,UNVERIFIED,1,{},2026-08-10T00:00:00Z,2026-08-10T00:00:00Z
realm.sumerian.kur,Sumerian netherworld,苏美尔冥界,Kur,,REALM,civ.sumerian,,,,,PARTIAL,UNVERIFIED,1,{},2026-08-10T00:00:00Z,2026-08-10T00:00:00Z
site.bolivia.tiwanaku,Tiwanaku,蒂亚瓦纳科,,,ARCHAEOLOGICAL_SITE,civ.tiwanaku,,,,,PARTIAL,UNVERIFIED,1,{},2026-08-10T00:00:00Z,2026-08-10T00:00:00Z
site.cambodia.angkor,Angkor,吴哥,,,ARCHAEOLOGICAL_SITE,civ.khmer,,,,,PARTIAL,UNVERIFIED,1,{},2026-08-10T00:00:00Z,2026-08-10T00:00:00Z
site.celtic.groves_scope,Sacred groves research scope,圣林研究入口,,,PLACE,civ.celtic,,,,,PARTIAL,UNVERIFIED,1,{},2026-08-10T00:00:00Z,2026-08-10T00:00:00Z
site.celtic.hillforts_scope,Celtic hillforts research scope,凯尔特山堡研究入口,,,ARCHAEOLOGICAL_SITE,civ.celtic,,,,,PARTIAL,UNVERIFIED,1,{},2026-08-10T00:00:00Z,2026-08-10T00:00:00Z
site.chile.rapa_nui,Rapa Nui,拉帕努伊／复活节岛,,,MONUMENT,civ.polynesian,,,,,PARTIAL,UNVERIFIED,1,{},2026-08-10T00:00:00Z,2026-08-10T00:00:00Z
site.china.kunlun_scope,Kunlun-related cultural locations,昆仑相关文化地点,,,PLACE,civ.chinese_ancient,,,,,PARTIAL,UNVERIFIED,1,{},2026-08-10T00:00:00Z,2026-08-10T00:00:00Z
site.china.ritual_sites_scope,Ancient Chinese ritual sites research scope,中国古代祭祀遗址研究入口,,,ARCHAEOLOGICAL_SITE,civ.chinese_ancient,,,,,PARTIAL,UNVERIFIED,1,{},2026-08-10T00:00:00Z,2026-08-10T00:00:00Z
site.china.taishan,Mount Taishan,泰山,,,PLACE,civ.chinese_ancient,,,,,PARTIAL,UNVERIFIED,1,{},2026-08-10T00:00:00Z,2026-08-10T00:00:00Z
site.denmark.hedeby,Hedeby,海泽比,,,ARCHAEOLOGICAL_SITE,civ.norse,,,,,PARTIAL,UNVERIFIED,1,{},2026-08-10T00:00:00Z,2026-08-10T00:00:00Z
site.egypt.abu_simbel,Abu Simbel,阿布辛贝,,,TEMPLE,civ.egyptian,,,,,PARTIAL,UNVERIFIED,1,{},2026-08-10T00:00:00Z,2026-08-10T00:00:00Z
site.egypt.abydos,Abydos,阿拜多斯,,,ARCHAEOLOGICAL_SITE,civ.egyptian,,,,,PARTIAL,UNVERIFIED,1,{},2026-08-10T00:00:00Z,2026-08-10T00:00:00Z
site.egypt.dahshur,Dahshur,代赫舒尔,,,PYRAMID,civ.egyptian,,,,,PARTIAL,UNVERIFIED,1,{},2026-08-10T00:00:00Z,2026-08-10T00:00:00Z
site.egypt.dendera,Dendera Temple Complex,丹德拉神庙群,,,TEMPLE,civ.egyptian,,,,,PARTIAL,UNVERIFIED,1,{},2026-08-10T00:00:00Z,2026-08-10T00:00:00Z
site.egypt.edfu,Temple of Edfu,埃德富神庙,,,TEMPLE,civ.egyptian,,,,,PARTIAL,UNVERIFIED,1,{},2026-08-10T00:00:00Z,2026-08-10T00:00:00Z
site.egypt.giza,Giza pyramid fields,吉萨金字塔群,,,PYRAMID,civ.egyptian,,,,,PARTIAL,UNVERIFIED,1,{},2026-08-10T00:00:00Z,2026-08-10T00:00:00Z
site.egypt.karnak,Karnak,卡纳克,,,TEMPLE,civ.egyptian,,,,,PARTIAL,UNVERIFIED,1,{},2026-08-10T00:00:00Z,2026-08-10T00:00:00Z
site.egypt.luxor_temple,Luxor Temple,卢克索神庙,,,TEMPLE,civ.egyptian,,,,,PARTIAL,UNVERIFIED,1,{},2026-08-10T00:00:00Z,2026-08-10T00:00:00Z
site.egypt.philae,Philae,菲莱,,,TEMPLE,civ.egyptian,,,,,PARTIAL,UNVERIFIED,1,{},2026-08-10T00:00:00Z,2026-08-10T00:00:00Z
site.egypt.saqqara,Saqqara,萨卡拉,,,ARCHAEOLOGICAL_SITE,civ.egyptian,,,,,PARTIAL,UNVERIFIED,1,{},2026-08-10T00:00:00Z,2026-08-10T00:00:00Z
site.egypt.valley_kings,Valley of the Kings,帝王谷,,,TOMB,civ.egyptian,,,,,PARTIAL,UNVERIFIED,1,{},2026-08-10T00:00:00Z,2026-08-10T00:00:00Z
site.ethiopia.aksum,Aksum,阿克苏姆,,,ARCHAEOLOGICAL_SITE,civ.ethiopian,,,,,PARTIAL,UNVERIFIED,1,{},2026-08-10T00:00:00Z,2026-08-10T00:00:00Z
site.ethiopia.lalibela,Rock-Hewn Churches of Lalibela,拉利贝拉岩石教堂,,,MONUMENT,civ.ethiopian,,,,,PARTIAL,UNVERIFIED,1,{},2026-08-10T00:00:00Z,2026-08-10T00:00:00Z
site.greece.acropolis,Acropolis of Athens,雅典卫城,,,ARCHAEOLOGICAL_SITE,civ.greek,,,,,PARTIAL,UNVERIFIED,1,{},2026-08-10T00:00:00Z,2026-08-10T00:00:00Z
site.greece.delos,Delos,提洛岛,,,ARCHAEOLOGICAL_SITE,civ.greek,,,,,PARTIAL,UNVERIFIED,1,{},2026-08-10T00:00:00Z,2026-08-10T00:00:00Z
site.greece.delphi,Delphi,德尔斐,,,ARCHAEOLOGICAL_SITE,civ.greek,,,,,PARTIAL,UNVERIFIED,1,{},2026-08-10T00:00:00Z,2026-08-10T00:00:00Z
site.greece.dodona,Dodona,多多纳,,,ARCHAEOLOGICAL_SITE,civ.greek,,,,,PARTIAL,UNVERIFIED,1,{},2026-08-10T00:00:00Z,2026-08-10T00:00:00Z
site.greece.eleusis,Eleusis,厄琉息斯,,,ARCHAEOLOGICAL_SITE,civ.greek,,,,,PARTIAL,UNVERIFIED,1,{},2026-08-10T00:00:00Z,2026-08-10T00:00:00Z
site.greece.epidaurus,Epidaurus,埃皮达鲁斯,,,ARCHAEOLOGICAL_SITE,civ.greek,,,,,PARTIAL,UNVERIFIED,1,{},2026-08-10T00:00:00Z,2026-08-10T00:00:00Z
site.greece.knossos,Knossos,克诺索斯,,,ARCHAEOLOGICAL_SITE,civ.minoan,,,,,PARTIAL,UNVERIFIED,1,{},2026-08-10T00:00:00Z,2026-08-10T00:00:00Z
site.greece.mycenae,Mycenae,迈锡尼,,,ARCHAEOLOGICAL_SITE,civ.mycenaean,,,,,PARTIAL,UNVERIFIED,1,{},2026-08-10T00:00:00Z,2026-08-10T00:00:00Z
site.greece.olympia,Olympia,奥林匹亚,,,ARCHAEOLOGICAL_SITE,civ.greek,,,,,PARTIAL,UNVERIFIED,1,{},2026-08-10T00:00:00Z,2026-08-10T00:00:00Z
site.guatemala.tikal,Tikal,蒂卡尔,,,ARCHAEOLOGICAL_SITE,civ.maya,,,,,PARTIAL,UNVERIFIED,1,{},2026-08-10T00:00:00Z,2026-08-10T00:00:00Z
site.iceland.sacred_scope,Icelandic sacred sites research scope,冰岛圣地研究入口,,,PLACE,civ.norse,,,,,PARTIAL,UNVERIFIED,1,{},2026-08-10T00:00:00Z,2026-08-10T00:00:00Z
site.india.elephanta,Elephanta Caves,象岛石窟,,,TEMPLE,civ.hindu,,,,,PARTIAL,UNVERIFIED,1,{},2026-08-10T00:00:00Z,2026-08-10T00:00:00Z
site.india.ellora,Ellora Caves,埃洛拉石窟,,,TEMPLE,civ.hindu,,,,,PARTIAL,UNVERIFIED,1,{},2026-08-10T00:00:00Z,2026-08-10T00:00:00Z
site.india.khajuraho,Khajuraho Group of Monuments,克久拉霍古迹群,,,TEMPLE,civ.hindu,,,,,PARTIAL,UNVERIFIED,1,{},2026-08-10T00:00:00Z,2026-08-10T00:00:00Z
site.india.konark,Sun Temple at Konark,科纳克太阳神庙,,,TEMPLE,civ.hindu,,,,,PARTIAL,UNVERIFIED,1,{},2026-08-10T00:00:00Z,2026-08-10T00:00:00Z
site.india.varanasi,Varanasi,瓦拉纳西,,,PLACE,civ.hindu,,,,,PARTIAL,UNVERIFIED,1,{},2026-08-10T00:00:00Z,2026-08-10T00:00:00Z
site.indonesia.borobudur,Borobudur,婆罗浮屠,,,TEMPLE,civ.buddhist,,,,,PARTIAL,UNVERIFIED,1,{},2026-08-10T00:00:00Z,2026-08-10T00:00:00Z
site.indonesia.prambanan,Prambanan,普兰巴南,,,TEMPLE,civ.hindu,,,,,PARTIAL,UNVERIFIED,1,{},2026-08-10T00:00:00Z,2026-08-10T00:00:00Z
site.iraq.ashur,Ashur (Qal'at Sherqat),阿舒尔,,,ARCHAEOLOGICAL_SITE,civ.assyrian,,,,,PARTIAL,UNVERIFIED,1,{},2026-08-10T00:00:00Z,2026-08-10T00:00:00Z
site.iraq.babylon,Babylon,巴比伦,,,ARCHAEOLOGICAL_SITE,civ.babylonian,,,,,PARTIAL,UNVERIFIED,1,{},2026-08-10T00:00:00Z,2026-08-10T00:00:00Z
site.iraq.eridu,Eridu,埃里都,,,ARCHAEOLOGICAL_SITE,civ.sumerian,,,,,PARTIAL,UNVERIFIED,1,{},2026-08-10T00:00:00Z,2026-08-10T00:00:00Z
site.iraq.nineveh,Nineveh,尼尼微,,,ARCHAEOLOGICAL_SITE,civ.assyrian,,,,,PARTIAL,UNVERIFIED,1,{},2026-08-10T00:00:00Z,2026-08-10T00:00:00Z
site.iraq.nippur,Nippur,尼普尔,,,ARCHAEOLOGICAL_SITE,civ.sumerian,,,,,PARTIAL,UNVERIFIED,1,{},2026-08-10T00:00:00Z,2026-08-10T00:00:00Z
site.iraq.ur,Ur,乌尔,,,ARCHAEOLOGICAL_SITE,civ.sumerian,,,,,PARTIAL,UNVERIFIED,1,{},2026-08-10T00:00:00Z,2026-08-10T00:00:00Z
site.iraq.uruk,Uruk,乌鲁克,,,ARCHAEOLOGICAL_SITE,civ.sumerian,,,,,PARTIAL,UNVERIFIED,1,{},2026-08-10T00:00:00Z,2026-08-10T00:00:00Z
site.ireland.newgrange,Newgrange,纽格莱奇,,,TOMB,,,,,,PARTIAL,SOURCE_BACKED,1,{},2026-08-10T00:00:00Z,2026-08-10T00:00:00Z
site.italy.pompeii,Pompeii,庞贝,,,ARCHAEOLOGICAL_SITE,civ.roman,,,,,PARTIAL,UNVERIFIED,1,{},2026-08-10T00:00:00Z,2026-08-10T00:00:00Z
site.italy.rome,Ancient Rome,古罗马,,,ARCHAEOLOGICAL_SITE,civ.roman,,,,,PARTIAL,UNVERIFIED,1,{},2026-08-10T00:00:00Z,2026-08-10T00:00:00Z
site.japan.shrines_scope,Major Japanese shrines research scope,日本主要神社研究入口,,,TEMPLE,civ.japanese_shinto,,,,,PARTIAL,UNVERIFIED,1,{},2026-08-10T00:00:00Z,2026-08-10T00:00:00Z
site.mexico.chichen_itza,Chichen-Itza,奇琴伊察,,,ARCHAEOLOGICAL_SITE,civ.maya,,,,,PARTIAL,UNVERIFIED,1,{},2026-08-10T00:00:00Z,2026-08-10T00:00:00Z
site.mexico.monte_alban,Monte Albán,蒙特阿尔班,,,ARCHAEOLOGICAL_SITE,civ.zapotec,,,,,PARTIAL,UNVERIFIED,1,{},2026-08-10T00:00:00Z,2026-08-10T00:00:00Z
site.mexico.palenque,Palenque,帕伦克,,,ARCHAEOLOGICAL_SITE,civ.maya,,,,,PARTIAL,UNVERIFIED,1,{},2026-08-10T00:00:00Z,2026-08-10T00:00:00Z
site.mexico.tenochtitlan,Tenochtitlan,特诺奇蒂特兰,,,ARCHAEOLOGICAL_SITE,civ.mexica,,,,,PARTIAL,UNVERIFIED,1,{},2026-08-10T00:00:00Z,2026-08-10T00:00:00Z
site.mexico.teotihuacan,Teotihuacan,特奥蒂瓦坎,,,ARCHAEOLOGICAL_SITE,,,,,,PARTIAL,SOURCE_BACKED,1,{},2026-08-10T00:00:00Z,2026-08-10T00:00:00Z
site.micronesia.nan_madol,Nan Madol,南马都尔,,,ARCHAEOLOGICAL_SITE,civ.micronesian,,,,,PARTIAL,UNVERIFIED,1,{},2026-08-10T00:00:00Z,2026-08-10T00:00:00Z
site.nigeria.benin_city,Benin City historical sites,贝宁城历史遗址,,,ARCHAEOLOGICAL_SITE,,,,,,PARTIAL,UNVERIFIED,1,{},2026-08-10T00:00:00Z,2026-08-10T00:00:00Z
site.nigeria.ife,Ile-Ife,伊莱-伊费,,,ARCHAEOLOGICAL_SITE,civ.yoruba,,,,,PARTIAL,UNVERIFIED,1,{},2026-08-10T00:00:00Z,2026-08-10T00:00:00Z
site.norse.runestones_scope,Norse runestones research scope,北欧符文石研究入口,,,INSCRIPTION,civ.norse,,,,,PARTIAL,UNVERIFIED,1,{},2026-08-10T00:00:00Z,2026-08-10T00:00:00Z
site.peru.cusco,Cusco,库斯科,,,ARCHAEOLOGICAL_SITE,civ.inca,,,,,PARTIAL,UNVERIFIED,1,{},2026-08-10T00:00:00Z,2026-08-10T00:00:00Z
site.peru.machu_picchu,Machu Picchu,马丘比丘,,,ARCHAEOLOGICAL_SITE,civ.inca,,,,,PARTIAL,UNVERIFIED,1,{},2026-08-10T00:00:00Z,2026-08-10T00:00:00Z
site.peru.nazca,Nazca Lines,纳斯卡线,,,MONUMENT,civ.nazca,,,,,PARTIAL,UNVERIFIED,1,{},2026-08-10T00:00:00Z,2026-08-10T00:00:00Z
site.polynesia.taputapuatea,Taputapuātea,塔普塔普阿泰阿,,,ARCHAEOLOGICAL_SITE,civ.polynesian,,,,,PARTIAL,UNVERIFIED,1,{},2026-08-10T00:00:00Z,2026-08-10T00:00:00Z
site.sweden.birka,Birka,比尔卡,,,ARCHAEOLOGICAL_SITE,civ.norse,,,,,PARTIAL,UNVERIFIED,1,{},2026-08-10T00:00:00Z,2026-08-10T00:00:00Z
site.sweden.uppsala,Old Uppsala,老乌普萨拉,,,ARCHAEOLOGICAL_SITE,civ.norse,,,,,PARTIAL,UNVERIFIED,1,{},2026-08-10T00:00:00Z,2026-08-10T00:00:00Z
site.syria.mari,Mari,马里,,,ARCHAEOLOGICAL_SITE,civ.akkadian,,,,,PARTIAL,UNVERIFIED,1,{},2026-08-10T00:00:00Z,2026-08-10T00:00:00Z
site.syria.ugarit,Ugarit / Ras Shamra,乌加里特／拉斯沙姆拉,,,ARCHAEOLOGICAL_SITE,civ.ugaritic,,,,,PARTIAL,UNVERIFIED,1,{},2026-08-10T00:00:00Z,2026-08-10T00:00:00Z
site.tibet.kailash,Mount Kailash,冈仁波齐／凯拉什山,,,PLACE,civ.tibetan,,,,,PARTIAL,UNVERIFIED,1,{},2026-08-10T00:00:00Z,2026-08-10T00:00:00Z
site.uk.avebury,Avebury,埃夫伯里,,,MONUMENT,,,,,,PARTIAL,UNVERIFIED,1,{},2026-08-10T00:00:00Z,2026-08-10T00:00:00Z
site.uk.stonehenge,Stonehenge,巨石阵,,,MONUMENT,,,,,,PARTIAL,UNVERIFIED,1,{},2026-08-10T00:00:00Z,2026-08-10T00:00:00Z
site.zimbabwe.great_zimbabwe,Great Zimbabwe,大津巴布韦,,,ARCHAEOLOGICAL_SITE,civ.southern_african,,,,,PARTIAL,UNVERIFIED,1,{},2026-08-10T00:00:00Z,2026-08-10T00:00:00Z
text.africa.epics,African epic traditions,非洲史诗总集入口,,,ORAL_TRADITION,civ.west_african,,,,,PARTIAL,UNVERIFIED,1,{},2026-08-10T00:00:00Z,2026-08-10T00:00:00Z
text.akkadian.adapa,Adapa,阿达帕神话,,,TEXT,civ.akkadian,,,,,PARTIAL,UNVERIFIED,1,{},2026-08-10T00:00:00Z,2026-08-10T00:00:00Z
text.akkadian.anzu,Anzu Myth,安祖神话,,,TEXT,civ.akkadian,,,,,PARTIAL,UNVERIFIED,1,{},2026-08-10T00:00:00Z,2026-08-10T00:00:00Z
text.akkadian.erra_epic,Erra Epic,埃拉史诗,,,EPIC,civ.akkadian,,,,,PARTIAL,UNVERIFIED,1,{},2026-08-10T00:00:00Z,2026-08-10T00:00:00Z
text.akkadian.etana,Etana,埃塔纳史诗,,,EPIC,civ.akkadian,,,,,PARTIAL,UNVERIFIED,1,{},2026-08-10T00:00:00Z,2026-08-10T00:00:00Z
text.andean.huarochiri,Huarochirí Manuscript,瓦罗奇里手稿,,,MANUSCRIPT,civ.andean,,,,,PARTIAL,UNVERIFIED,1,{},2026-08-10T00:00:00Z,2026-08-10T00:00:00Z
text.babylonian.atrahasis,Atrahasis,阿特拉哈西斯,Atraḫasīs,,EPIC,civ.babylonian,,,,,PARTIAL,UNVERIFIED,1,{},2026-08-10T00:00:00Z,2026-08-10T00:00:00Z
text.babylonian.enuma_elish,Enūma Eliš,埃努玛·埃利什／创世诗,Enūma eliš,,EPIC,civ.babylonian,,,,,PARTIAL,UNVERIFIED,1,{},2026-08-10T00:00:00Z,2026-08-10T00:00:00Z
text.buddhist.corpus,Buddhist textual traditions,佛教文献总集入口,,,SCRIPTURE,civ.buddhist,,,,,PARTIAL,UNVERIFIED,1,{},2026-08-10T00:00:00Z,2026-08-10T00:00:00Z
text.central_asian.epics,Central Asian epics,中亚史诗总集入口,,,ORAL_TRADITION,civ.central_asian,,,,,PARTIAL,UNVERIFIED,1,{},2026-08-10T00:00:00Z,2026-08-10T00:00:00Z
text.chinese.buddhist_translations,Chinese Buddhist translations,佛教汉译文献总集入口,,,SCRIPTURE,civ.buddhist,,,,,PARTIAL,UNVERIFIED,1,{},2026-08-10T00:00:00Z,2026-08-10T00:00:00Z
text.chinese.chuci,Chu Ci,楚辞,楚辭,,TEXT,civ.chinese_ancient,,,,,PARTIAL,UNVERIFIED,1,{},2026-08-10T00:00:00Z,2026-08-10T00:00:00Z
text.chinese.daoist_corpus,Daoist canonical traditions,道教典籍总集入口,,,SCRIPTURE,civ.daoist,,,,,PARTIAL,UNVERIFIED,1,{},2026-08-10T00:00:00Z,2026-08-10T00:00:00Z
text.chinese.fengshen_yanyi,Investiture of the Gods,封神演义,封神演義,,TEXT,civ.chinese_folk,,,,,PARTIAL,UNVERIFIED,1,{},2026-08-10T00:00:00Z,2026-08-10T00:00:00Z
text.chinese.folk_archives,Chinese folk mythology archives,中国民间神话资料入口,,,ORAL_TRADITION,civ.chinese_folk,,,,,PARTIAL,UNVERIFIED,1,{},2026-08-10T00:00:00Z,2026-08-10T00:00:00Z
text.chinese.han_shu_wuxing_zhi,Han Shu: Wuxing Zhi,汉书·五行志,漢書·五行志,Hànshū Wǔxíngzhì,TEXT,civ.chinese_ancient,,,Eastern Han historiographical compilation,Treatise that quotes and develops earlier five-xing frameworks in omen historiography.,PARTIAL,PARTIAL,1,{},2026-08-11T03:05:26Z,2026-08-11T03:05:26Z
text.chinese.hong_fan,Hong Fan,洪范,洪範,Hóngfàn,TEXT,civ.chinese_ancient,,,Received chapter within Shang Shu,Great Plan chapter containing an early received formulation of the five xing.,PARTIAL,PARTIAL,1,"{""parent_work"":""text.chinese.shang_shu""}",2026-08-11T03:05:26Z,2026-08-11T03:05:26Z
text.chinese.huainanzi,Huainanzi,淮南子,淮南子,,TEXT,civ.chinese_ancient,,,,,PARTIAL,UNVERIFIED,1,{},2026-08-10T00:00:00Z,2026-08-10T00:00:00Z
text.chinese.local_gazetteers,Chinese local gazetteers,地方志总集入口,地方志,,TEXT,civ.chinese_local,,,,,PARTIAL,UNVERIFIED,1,{},2026-08-10T00:00:00Z,2026-08-10T00:00:00Z
text.chinese.mutianzizhuan,"Tale of King Mu, Son of Heaven",穆天子传,穆天子傳,,TEXT,civ.chinese_ancient,,,,,PARTIAL,UNVERIFIED,1,{},2026-08-10T00:00:00Z,2026-08-10T00:00:00Z
text.chinese.shang_shu,Shang Shu,尚书,尚書,Shàngshū,TEXT,civ.chinese_ancient,,,Layered received textual tradition,Book of Documents; chapter-level dating and witness history must remain explicit.,PARTIAL,PARTIAL,1,{},2026-08-11T03:05:26Z,2026-08-11T03:05:26Z
text.chinese.shangshu,Shangshu-related traditions,尚书相关传统,尚書,,TEXT,civ.chinese_ancient,,,,,PARTIAL,UNVERIFIED,1,{},2026-08-10T00:00:00Z,2026-08-10T00:00:00Z
text.chinese.shanhaijing,Classic of Mountains and Seas,山海经,山海經,,TEXT,civ.chinese_ancient,,,,,PARTIAL,UNVERIFIED,1,{},2026-08-10T00:00:00Z,2026-08-10T00:00:00Z
text.chinese.shiji_ancient,Ancient-history traditions in Shiji,史记相关古史,史記,,TEXT,civ.chinese_ancient,,,,,PARTIAL,UNVERIFIED,1,{},2026-08-10T00:00:00Z,2026-08-10T00:00:00Z
text.chinese.soushenji,Soushen Ji,搜神记,搜神記,,TEXT,civ.chinese_folk,,,,,PARTIAL,UNVERIFIED,1,{},2026-08-10T00:00:00Z,2026-08-10T00:00:00Z
text.chinese.tianwen,Heavenly Questions,天问,天問,,TEXT,civ.chinese_ancient,,,,,PARTIAL,UNVERIFIED,1,{},2026-08-10T00:00:00Z,2026-08-10T00:00:00Z
text.chinese.xiyouji,Journey to the West,西游记,西遊記,,TEXT,civ.chinese_folk,,,,,PARTIAL,UNVERIFIED,1,{},2026-08-10T00:00:00Z,2026-08-10T00:00:00Z
text.egypt.amduat,Amduat,冥府书,,,TEXT,civ.egyptian,,,,,PARTIAL,UNVERIFIED,1,{},2026-08-10T00:00:00Z,2026-08-10T00:00:00Z
text.egypt.book_caverns,Book of Caverns,洞穴之书,,,TEXT,civ.egyptian,,,,,PARTIAL,UNVERIFIED,1,{},2026-08-10T00:00:00Z,2026-08-10T00:00:00Z
text.egypt.book_dead,Book of the Dead,亡灵书,,,PAPYRUS,civ.egyptian,,,,,PARTIAL,UNVERIFIED,1,{},2026-08-10T00:00:00Z,2026-08-10T00:00:00Z
text.egypt.book_gates,Book of Gates,门之书,,,TEXT,civ.egyptian,,,,,PARTIAL,UNVERIFIED,1,{},2026-08-10T00:00:00Z,2026-08-10T00:00:00Z
text.egypt.coffin_texts,Coffin Texts,棺材文,,,INSCRIPTION,civ.egyptian,,,,,PARTIAL,UNVERIFIED,1,{},2026-08-10T00:00:00Z,2026-08-10T00:00:00Z
text.egypt.litany_re,Litany of Re,拉神连祷文,,,TEXT,civ.egyptian,,,,,PARTIAL,UNVERIFIED,1,{},2026-08-10T00:00:00Z,2026-08-10T00:00:00Z
text.egypt.memphite_theology,Memphite Theology,孟斐斯神学,,,INSCRIPTION,civ.egyptian,,,,,PARTIAL,UNVERIFIED,1,{},2026-08-10T00:00:00Z,2026-08-10T00:00:00Z
text.egypt.pyramid_texts,Pyramid Texts,金字塔铭文,,,INSCRIPTION,civ.egyptian,,,,,PARTIAL,UNVERIFIED,1,{},2026-08-10T00:00:00Z,2026-08-10T00:00:00Z
text.egypt.temple_tomb_inscriptions,Egyptian temple and tomb inscriptions,埃及神庙与墓葬铭文总集入口,,,INSCRIPTION,civ.egyptian,,,,,PARTIAL,UNVERIFIED,1,{},2026-08-10T00:00:00Z,2026-08-10T00:00:00Z
text.greek.argonautica,Argonautica,阿尔戈英雄纪,Ἀργοναυτικά,,EPIC,civ.greek,,,,,PARTIAL,UNVERIFIED,1,{},2026-08-10T00:00:00Z,2026-08-10T00:00:00Z
text.greek.bibliotheca,Bibliotheca,书库（希腊神话汇编）,Βιβλιοθήκη,,TEXT,civ.greek,,,,,PARTIAL,UNVERIFIED,1,{},2026-08-10T00:00:00Z,2026-08-10T00:00:00Z
text.greek.homeric_hymn_demeter,Homeric Hymn 2 to Demeter,《荷马颂歌·致得墨忒耳》,,,TEXT,civ.greek,,,Archaic Greek poetic tradition,Long Homeric Hymn to Demeter; v0.4 registers the Hecate and Helios passages at lines 25-62.,PARTIAL,PARTIAL,1,"{""work_number"":2,""part_of"":""text.greek.homeric_hymns""}",2026-08-14T00:00:00Z,2026-08-14T00:00:00Z
text.greek.homeric_hymn_helios_31,Homeric Hymn 31 to Helios,《荷马颂歌·致赫利俄斯》（第31首）,,,TEXT,civ.greek,,,Archaic Greek poetic tradition,"Hymn to Helios describing his genealogy, radiance and chariot.",PARTIAL,PARTIAL,1,"{""work_number"":31,""part_of"":""text.greek.homeric_hymns""}",2026-08-14T00:00:00Z,2026-08-14T00:00:00Z
text.greek.homeric_hymn_hestia_29,Homeric Hymn 29 to Hestia,《荷马颂歌·致赫斯提亚》（第29首）,,,TEXT,civ.greek,,,Archaic Greek poetic tradition,Fourteen-line hymn honoring Hestia and Hermes; individual composition dating remains under review.,PARTIAL,PARTIAL,1,"{""work_number"":29,""part_of"":""text.greek.homeric_hymns""}",2026-08-14T00:00:00Z,2026-08-14T00:00:00Z
text.greek.homeric_hymn_selene_32,Homeric Hymn 32 to Selene,《荷马颂歌·致塞勒涅》（第32首）,,,TEXT,civ.greek,,,Archaic Greek poetic tradition,"Twenty-line hymn to Selene describing her radiance, horses and monthly sign.",PARTIAL,PARTIAL,1,"{""work_number"":32,""part_of"":""text.greek.homeric_hymns""}",2026-08-14T00:00:00Z,2026-08-14T00:00:00Z
text.greek.homeric_hymns,Homeric Hymns,荷马赞歌,Ὁμηρικοὶ ὕμνοι,,TEXT,civ.greek,,,,,PARTIAL,UNVERIFIED,1,{},2026-08-10T00:00:00Z,2026-08-10T00:00:00Z
text.greek.iliad,Iliad,伊利亚特,Ἰλιάς,,EPIC,civ.greek,,,,,PARTIAL,UNVERIFIED,1,{},2026-08-10T00:00:00Z,2026-08-10T00:00:00Z
text.greek.inscriptions,Ancient Greek religious inscriptions,古希腊宗教铭文总集入口,,,INSCRIPTION,civ.greek,,,,,PARTIAL,UNVERIFIED,1,{},2026-08-10T00:00:00Z,2026-08-10T00:00:00Z
text.greek.odyssey,Odyssey,奥德赛,Ὀδύσσεια,,EPIC,civ.greek,,,,,PARTIAL,UNVERIFIED,1,{},2026-08-10T00:00:00Z,2026-08-10T00:00:00Z
text.greek.orphic_hymns,Orphic Hymns,俄耳甫斯赞歌,Ὀρφικοὶ ὕμνοι,,TEXT,civ.greek,,,,,PARTIAL,UNVERIFIED,1,{},2026-08-10T00:00:00Z,2026-08-10T00:00:00Z
text.greek.theogony,Theogony,神谱,Θεογονία,,EPIC,civ.greek,,,,,PARTIAL,UNVERIFIED,1,{},2026-08-10T00:00:00Z,2026-08-10T00:00:00Z
text.greek.tragedies,Ancient Greek tragedies,古希腊悲剧总集入口,,,TEXT,civ.greek,,,,,PARTIAL,UNVERIFIED,1,{},2026-08-10T00:00:00Z,2026-08-10T00:00:00Z
text.greek.works_days,Works and Days,工作与时日,Ἔργα καὶ Ἡμέραι,,EPIC,civ.greek,,,,,PARTIAL,UNVERIFIED,1,{},2026-08-10T00:00:00Z,2026-08-10T00:00:00Z
text.hawaiian.kumulipo,Kumulipo,库穆利波创世吟唱,Kumulipo,,ORAL_TRADITION,civ.hawaiian,,,,,PARTIAL,UNVERIFIED,1,{},2026-08-10T00:00:00Z,2026-08-10T00:00:00Z
text.hindu.puranas,Purāṇas,往世书总集入口,पुराण,,SCRIPTURE,civ.hindu,,,,,PARTIAL,UNVERIFIED,1,{},2026-08-10T00:00:00Z,2026-08-10T00:00:00Z
text.hindu.upanishads,Upanishads,奥义书,उपनिषद्,,SCRIPTURE,civ.hindu,,,,,PARTIAL,UNVERIFIED,1,{},2026-08-10T00:00:00Z,2026-08-10T00:00:00Z
text.indian.bhagavad_gita,Bhagavad Gītā,薄伽梵歌,भगवद्गीता,,SCRIPTURE,civ.hindu,,,,,PARTIAL,UNVERIFIED,1,{},2026-08-10T00:00:00Z,2026-08-10T00:00:00Z
text.indian.mahabharata,Mahābhārata,摩诃婆罗多,महाभारत,,EPIC,civ.hindu,,,,,PARTIAL,UNVERIFIED,1,{},2026-08-10T00:00:00Z,2026-08-10T00:00:00Z
text.indian.ramayana,Rāmāyaṇa,罗摩衍那,रामायण,,EPIC,civ.hindu,,,,,PARTIAL,UNVERIFIED,1,{},2026-08-10T00:00:00Z,2026-08-10T00:00:00Z
text.indian.regional_epics,Indian regional epics and oral traditions,印度地方史诗与口述传统入口,,,ORAL_TRADITION,civ.indian_regional,,,,,PARTIAL,UNVERIFIED,1,{},2026-08-10T00:00:00Z,2026-08-10T00:00:00Z
text.jain.corpus,Jain textual traditions,耆那教文献总集入口,,,SCRIPTURE,civ.jain,,,,,PARTIAL,UNVERIFIED,1,{},2026-08-10T00:00:00Z,2026-08-10T00:00:00Z
text.japanese.fudoki,Fudoki,风土记,風土記,,TEXT,civ.japanese_shinto,,,,,PARTIAL,UNVERIFIED,1,{},2026-08-10T00:00:00Z,2026-08-10T00:00:00Z
text.japanese.kojiki,Kojiki,古事记,古事記,,TEXT,civ.japanese_shinto,,,,,PARTIAL,UNVERIFIED,1,{},2026-08-10T00:00:00Z,2026-08-10T00:00:00Z
text.japanese.local_legends,Japanese local legends,日本地方传说资料入口,,,ORAL_TRADITION,civ.japanese_shinto,,,,,PARTIAL,UNVERIFIED,1,{},2026-08-10T00:00:00Z,2026-08-10T00:00:00Z
text.japanese.manyoshu,Man'yōshū mythic materials,万叶集相关神话材料,万葉集,,TEXT,civ.japanese_shinto,,,,,PARTIAL,UNVERIFIED,1,{},2026-08-10T00:00:00Z,2026-08-10T00:00:00Z
text.japanese.nihon_shoki,Nihon Shoki,日本书纪,日本書紀,,TEXT,civ.japanese_shinto,,,,,PARTIAL,SOURCE_BACKED,1,{},2026-08-10T00:00:00Z,2026-08-10T00:00:00Z
text.japanese.shrine_engisho,Shrine origin narratives,神社缘起,神社縁起,,TEXT,civ.japanese_shinto,,,,,PARTIAL,UNVERIFIED,1,{},2026-08-10T00:00:00Z,2026-08-10T00:00:00Z
text.kiche.popol_vuh,Popol Vuh,波波尔·乌／群书,,,MANUSCRIPT,civ.maya,,,,,PARTIAL,SOURCE_BACKED,1,{},2026-08-10T00:00:00Z,2026-08-10T00:00:00Z
text.maori.creation_traditions,Māori creation traditions,毛利创世传统,,,ORAL_TRADITION,civ.maori,,,,,PARTIAL,UNVERIFIED,1,{},2026-08-10T00:00:00Z,2026-08-10T00:00:00Z
text.maya.dresden_codex,Dresden Maya Codex,德累斯顿玛雅手抄本,,,MANUSCRIPT,civ.maya,,,,,PARTIAL,UNVERIFIED,1,{},2026-08-10T00:00:00Z,2026-08-10T00:00:00Z
text.maya.madrid_codex,Madrid Maya Codex,马德里玛雅手抄本,,,MANUSCRIPT,civ.maya,,,,,PARTIAL,UNVERIFIED,1,{},2026-08-10T00:00:00Z,2026-08-10T00:00:00Z
text.maya.paris_codex,Paris Maya Codex,巴黎玛雅手抄本,,,MANUSCRIPT,civ.maya,,,,,PARTIAL,UNVERIFIED,1,{},2026-08-10T00:00:00Z,2026-08-10T00:00:00Z
text.mesoamerica.codex_borgia,Codex Borgia,博尔贾手抄本,,,MANUSCRIPT,civ.mesoamerican,,,,,PARTIAL,UNVERIFIED,1,{},2026-08-10T00:00:00Z,2026-08-10T00:00:00Z
text.mesopotamia.gilgamesh,Epic of Gilgamesh,吉尔伽美什史诗,,,EPIC,civ.babylonian,,,,,PARTIAL,UNVERIFIED,1,{},2026-08-10T00:00:00Z,2026-08-10T00:00:00Z
text.mexica.codex_mendoza,Codex Mendoza,门多萨手抄本,,,MANUSCRIPT,civ.mexica,,,,,PARTIAL,UNVERIFIED,1,{},2026-08-10T00:00:00Z,2026-08-10T00:00:00Z
text.mexica.florentine_codex,Florentine Codex,佛罗伦萨手抄本,,,MANUSCRIPT,civ.mexica,,,,,PARTIAL,SOURCE_BACKED,1,{},2026-08-10T00:00:00Z,2026-08-10T00:00:00Z
text.mongol.epics,Mongol epics and oral traditions,蒙古史诗与口述传统入口,,,ORAL_TRADITION,civ.mongol,,,,,PARTIAL,UNVERIFIED,1,{},2026-08-10T00:00:00Z,2026-08-10T00:00:00Z
text.norse.grimnismal,Grímnismál,格里姆尼尔之歌,Grímnismál,,TEXT,civ.norse,,,,,PARTIAL,UNVERIFIED,1,{},2026-08-10T00:00:00Z,2026-08-10T00:00:00Z
text.norse.gylfaginning,Gylfaginning,欺骗古鲁菲,Gylfaginning,,TEXT,civ.norse,,,,,PARTIAL,UNVERIFIED,1,{},2026-08-10T00:00:00Z,2026-08-10T00:00:00Z
text.norse.havamal,Hávamál,至高者箴言,Hávamál,,TEXT,civ.norse,,,,,PARTIAL,UNVERIFIED,1,{},2026-08-10T00:00:00Z,2026-08-10T00:00:00Z
text.norse.lokasenna,Lokasenna,洛基的争辩,Lokasenna,,TEXT,civ.norse,,,,,PARTIAL,UNVERIFIED,1,{},2026-08-10T00:00:00Z,2026-08-10T00:00:00Z
text.norse.poetic_edda,Poetic Edda,诗体埃达,,,MANUSCRIPT,civ.norse,,,,,PARTIAL,UNVERIFIED,1,{},2026-08-10T00:00:00Z,2026-08-10T00:00:00Z
text.norse.prose_edda,Prose Edda,散文埃达,Snorra Edda,,TEXT,civ.norse,,,,,PARTIAL,UNVERIFIED,1,{},2026-08-10T00:00:00Z,2026-08-10T00:00:00Z
text.norse.runic_corpus,Old Norse runic corpus,古诺斯符文资料总集入口,,,INSCRIPTION,civ.norse,,,,,PARTIAL,UNVERIFIED,1,{},2026-08-10T00:00:00Z,2026-08-10T00:00:00Z
text.norse.sagas,Norse sagas collection scope,北欧萨迦总集入口,,,TEXT,civ.norse,,,,,PARTIAL,UNVERIFIED,1,{},2026-08-10T00:00:00Z,2026-08-10T00:00:00Z
text.norse.skaldskaparmal,Skáldskaparmál,诗语法,Skáldskaparmál,,TEXT,civ.norse,,,,,PARTIAL,UNVERIFIED,1,{},2026-08-10T00:00:00Z,2026-08-10T00:00:00Z
text.norse.thrymskvida,Þrymskviða,索列姆之歌,Þrymskviða,,TEXT,civ.norse,,,,,PARTIAL,UNVERIFIED,1,{},2026-08-10T00:00:00Z,2026-08-10T00:00:00Z
text.norse.vafthrudnismal,Vafþrúðnismál,瓦夫苏鲁德尼尔之歌,Vafþrúðnismál,,TEXT,civ.norse,,,,,PARTIAL,UNVERIFIED,1,{},2026-08-10T00:00:00Z,2026-08-10T00:00:00Z
text.norse.voluspa,Völuspá,女巫的预言,Vǫluspá,,TEXT,civ.norse,,,,,PARTIAL,UNVERIFIED,1,{},2026-08-10T00:00:00Z,2026-08-10T00:00:00Z
text.persian.shahnameh,Shahnameh,列王纪,شاهنامه,,EPIC,civ.persian,,,,,PARTIAL,UNVERIFIED,1,{},2026-08-10T00:00:00Z,2026-08-10T00:00:00Z
text.polynesia.creation_chants,Polynesian creation chants,波利尼西亚创世吟唱总集入口,,,ORAL_TRADITION,civ.polynesian,,,,,PARTIAL,UNVERIFIED,1,{},2026-08-10T00:00:00Z,2026-08-10T00:00:00Z
text.roman.aeneid,Aeneid,埃涅阿斯纪,Aenē̆is,,EPIC,civ.roman,,,,,PARTIAL,UNVERIFIED,1,{},2026-08-10T00:00:00Z,2026-08-10T00:00:00Z
text.roman.metamorphoses,Metamorphoses,变形记,Metamorphōsēs,,EPIC,civ.roman,,,,,PARTIAL,UNVERIFIED,1,{},2026-08-10T00:00:00Z,2026-08-10T00:00:00Z
text.sumerian.enki_ninhursag,Enki and Ninhursag,恩基与宁胡尔萨格,,,TEXT,civ.sumerian,,,,,PARTIAL,UNVERIFIED,1,{},2026-08-10T00:00:00Z,2026-08-10T00:00:00Z
text.sumerian.enki_world_order,Enki and the World Order,恩基与世界秩序,,,TEXT,civ.sumerian,,,,,PARTIAL,UNVERIFIED,1,{},2026-08-10T00:00:00Z,2026-08-10T00:00:00Z
text.sumerian.inanna_descent,Inanna's Descent,伊南娜下冥界,,,TEXT,civ.sumerian,,,,,PARTIAL,UNVERIFIED,1,{},2026-08-10T00:00:00Z,2026-08-10T00:00:00Z
text.sumerian.king_list,Sumerian King List,苏美尔王表,,,TEXT,civ.sumerian,,,,,PARTIAL,UNVERIFIED,1,{},2026-08-10T00:00:00Z,2026-08-10T00:00:00Z
text.turkic.inscriptions,Old Turkic inscriptions,突厥碑铭总集入口,,,INSCRIPTION,civ.turkic,,,,,PARTIAL,UNVERIFIED,1,{},2026-08-10T00:00:00Z,2026-08-10T00:00:00Z
text.ugaritic.baal_cycle,Baal Cycle,巴力神话组诗,,,TABLET,civ.ugaritic,,,,,PARTIAL,UNVERIFIED,1,{},2026-08-10T00:00:00Z,2026-08-10T00:00:00Z
text.vedic.aranyakas,Aranyakas,森林书,आरण्यक,,SCRIPTURE,civ.vedic,,,,,PARTIAL,UNVERIFIED,1,{},2026-08-10T00:00:00Z,2026-08-10T00:00:00Z
text.vedic.atharvaveda,Atharvaveda,阿闼婆吠陀,अथर्ववेद,,SCRIPTURE,civ.vedic,,,,,PARTIAL,UNVERIFIED,1,{},2026-08-10T00:00:00Z,2026-08-10T00:00:00Z
text.vedic.brahmanas,Brahmanas,梵书,ब्राह्मण,,SCRIPTURE,civ.vedic,,,,,PARTIAL,UNVERIFIED,1,{},2026-08-10T00:00:00Z,2026-08-10T00:00:00Z
text.vedic.rigveda,Rigveda,梨俱吠陀,ऋग्वेद,,SCRIPTURE,civ.vedic,,,,,PARTIAL,UNVERIFIED,1,{},2026-08-10T00:00:00Z,2026-08-10T00:00:00Z
text.vedic.samaveda,Samaveda,娑摩吠陀,सामवेद,,SCRIPTURE,civ.vedic,,,,,PARTIAL,UNVERIFIED,1,{},2026-08-10T00:00:00Z,2026-08-10T00:00:00Z
text.vedic.yajurveda,Yajurveda,夜柔吠陀,यजुर्वेद,,SCRIPTURE,civ.vedic,,,,,PARTIAL,UNVERIFIED,1,{},2026-08-10T00:00:00Z,2026-08-10T00:00:00Z
text.yoruba.ifa_corpus,Ifá corpus,Ifá 语料传统,,,ORAL_TRADITION,civ.ifa,,,,,PARTIAL,SOURCE_BACKED,1,{},2026-08-10T00:00:00Z,2026-08-10T00:00:00Z
text.zoroastrian.avesta,Avesta,阿维斯陀,Avesta,,SCRIPTURE,civ.zoroastrian,,,,,PARTIAL,UNVERIFIED,1,{},2026-08-10T00:00:00Z,2026-08-10T00:00:00Z
text.zoroastrian.bundahishn,Bundahišn,创世原本,Bundahišn,,TEXT,civ.zoroastrian,,,,,PARTIAL,UNVERIFIED,1,{},2026-08-10T00:00:00Z,2026-08-10T00:00:00Z
text.zoroastrian.denkard,Dēnkard,宗教行传,Dēnkard,,TEXT,civ.zoroastrian,,,,,PARTIAL,UNVERIFIED,1,{},2026-08-10T00:00:00Z,2026-08-10T00:00:00Z
weapon.arthurian.excalibur,Excalibur,王者之剑／誓约胜利之剑,Excalibur,,WEAPON,civ.celtic,,,,,PARTIAL,UNVERIFIED,1,{},2026-08-10T00:00:00Z,2026-08-10T00:00:00Z
weapon.babylonian.marduk_bow,Bow of Marduk,马尔杜克之弓,,,WEAPON,civ.babylonian,,,,,PARTIAL,UNVERIFIED,1,{},2026-08-10T00:00:00Z,2026-08-10T00:00:00Z
weapon.chinese.ruyi_jingu_bang,Ruyi Jingu Bang,如意金箍棒,如意金箍棒,,WEAPON,civ.chinese_folk,,,,,PARTIAL,UNVERIFIED,1,{},2026-08-10T00:00:00Z,2026-08-10T00:00:00Z
weapon.chinese.xuanyuan_sword,Xuanyuan Sword tradition,轩辕剑相关传统,軒轅劍,,WEAPON,civ.chinese_folk,,,,,NEEDS_REVIEW,UNVERIFIED,1,{},2026-08-10T00:00:00Z,2026-08-10T00:00:00Z
weapon.greek.apollo_bow,Bow of Apollo,阿波罗之弓,,,WEAPON,civ.greek,,,,,PARTIAL,UNVERIFIED,1,{},2026-08-10T00:00:00Z,2026-08-10T00:00:00Z
weapon.greek.artemis_bow,Bow of Artemis,阿耳忒弥斯之弓,,,WEAPON,civ.greek,,,,,PARTIAL,UNVERIFIED,1,{},2026-08-10T00:00:00Z,2026-08-10T00:00:00Z
weapon.greek.poseidon_trident,Trident of Poseidon,波塞冬三叉戟,τρίαινα,,WEAPON,civ.greek,,,,,PARTIAL,UNVERIFIED,1,{},2026-08-10T00:00:00Z,2026-08-10T00:00:00Z
weapon.greek.zeus_thunderbolt,Thunderbolt of Zeus,宙斯雷霆,κεραυνός,,WEAPON,civ.greek,,,,,PARTIAL,UNVERIFIED,1,{},2026-08-10T00:00:00Z,2026-08-10T00:00:00Z
weapon.hindu.pashupatastra,Pashupatastra,兽主神兵,पाशुपतास्त्र,,WEAPON,civ.hindu,,,,,PARTIAL,UNVERIFIED,1,{},2026-08-10T00:00:00Z,2026-08-10T00:00:00Z
weapon.hindu.sudarshana_chakra,Sudarshana Chakra,妙见神轮,सुदर्शन चक्र,,WEAPON,civ.hindu,,,,,PARTIAL,UNVERIFIED,1,{},2026-08-10T00:00:00Z,2026-08-10T00:00:00Z
weapon.hindu.trishula,Trishula,三叉戟,त्रिशूल,,WEAPON,civ.hindu,,,,,PARTIAL,UNVERIFIED,1,{},2026-08-10T00:00:00Z,2026-08-10T00:00:00Z
weapon.indian.brahmastra,Brahmastra,梵天武器,ब्रह्मास्त्र,,WEAPON,civ.hindu,,,,,PARTIAL,UNVERIFIED,1,{},2026-08-10T00:00:00Z,2026-08-10T00:00:00Z
weapon.indian.gandiva,Gandiva,甘狄拔神弓,गाण्डीव,,WEAPON,civ.hindu,,,,,PARTIAL,UNVERIFIED,1,{},2026-08-10T00:00:00Z,2026-08-10T00:00:00Z
weapon.irish.caladbolg,Caladbolg,卡拉德博尔格,Caladbolg,,WEAPON,civ.irish,,,,,PARTIAL,UNVERIFIED,1,{},2026-08-10T00:00:00Z,2026-08-10T00:00:00Z
weapon.irish.fragarach,Fragarach,弗拉加拉赫,Fragarach,,WEAPON,civ.irish,,,,,PARTIAL,UNVERIFIED,1,{},2026-08-10T00:00:00Z,2026-08-10T00:00:00Z
weapon.irish.gae_bulg,Gáe Bulg,盖·博尔格,Gáe Bulg,,WEAPON,civ.irish,,,,,PARTIAL,UNVERIFIED,1,{},2026-08-10T00:00:00Z,2026-08-10T00:00:00Z
weapon.japanese.amenonuhoko,Ame-no-Nuboko,天沼矛,天沼矛,,WEAPON,civ.japanese_shinto,,,,,PARTIAL,UNVERIFIED,1,{},2026-08-10T00:00:00Z,2026-08-10T00:00:00Z
weapon.japanese.kusanagi,Kusanagi-no-Tsurugi,草薙剑,草薙剣,,WEAPON,civ.japanese_shinto,,,,,PARTIAL,UNVERIFIED,1,{},2026-08-10T00:00:00Z,2026-08-10T00:00:00Z
weapon.norse.freyr_sword,Sword of Freyr,弗雷之剑,,,WEAPON,civ.norse,,,,,PARTIAL,UNVERIFIED,1,{},2026-08-10T00:00:00Z,2026-08-10T00:00:00Z
weapon.norse.gram,Gram,格拉姆,Gramr,,WEAPON,civ.norse,,,,,PARTIAL,UNVERIFIED,1,{},2026-08-10T00:00:00Z,2026-08-10T00:00:00Z
weapon.norse.gungnir,Gungnir,冈格尼尔,Gungnir,,WEAPON,civ.norse,,,,,PARTIAL,UNVERIFIED,1,{},2026-08-10T00:00:00Z,2026-08-10T00:00:00Z
weapon.norse.mjolnir,Mjölnir,妙尔尼尔,Mjǫllnir,,WEAPON,civ.norse,,,,,PARTIAL,UNVERIFIED,1,{},2026-08-10T00:00:00Z,2026-08-10T00:00:00Z
weapon.norse.tyrfing,Tyrfing,提尔锋,Tyrfingr,,WEAPON,civ.norse,,,,,PARTIAL,UNVERIFIED,1,{},2026-08-10T00:00:00Z,2026-08-10T00:00:00Z
weapon.vedic.vajra,Vajra,金刚杵／雷霆,वज्र,,WEAPON,civ.vedic,,,,,PARTIAL,UNVERIFIED,1,{},2026-08-10T00:00:00Z,2026-08-10T00:00:00Z
