entity_id,type_code,is_primary,notes
artifact.babylonian.marduk_net,ARTIFACT,1,
artifact.chinese.huntian_ling,ARTIFACT,1,
artifact.chinese.qiankun_quan,ARTIFACT,1,
artifact.egyptian.solar_barque,SHIP,1,
artifact.greek.aegis,ARTIFACT,1,
artifact.greek.aegis,ARMOR,0,
artifact.greek.caduceus,SCEPTER,1,
artifact.greek.helm_hades,ARMOR,1,
artifact.mesopotamian.tablet_destinies,ARTIFACT,1,
artifact.norse.draupnir,RING,1,
artifact.norse.gleipnir,ARTIFACT,1,
artifact.yoruba.ose_sango,SACRED_OBJECT,1,v0.6.0 thunder and storm comparison checkpoint
being.chinese.pangu,GIANT,1,
being.chinese.pangu,PRIMORDIAL_DEITY,0,
being.norse.bestla,GIANT,1,Primary classification at research checkpoint 2026-08-11
being.norse.brokkr,DWARF,1,Primary classification at research checkpoint 2026-08-11
being.norse.brokkr,CREATURE,0,DWARF is nested under CREATURE
being.norse.eitri,DWARF,1,Primary classification at research checkpoint 2026-08-11
being.norse.eitri,CREATURE,0,DWARF is nested under CREATURE
being.norse.jarnsaxa,GIANT,1,v0.6.0 thunder and storm comparison checkpoint
being.norse.mimir,CREATURE,1,Primary classification at research checkpoint 2026-08-11
being.norse.sindri,DWARF,1,Primary classification at research checkpoint 2026-08-11
being.norse.sindri,CREATURE,0,DWARF is nested under CREATURE
being.norse.sons_of_ivaldi,CREATURE,1,
being.norse.ymir,GIANT,1,
being.norse.ymir,PRIMORDIAL_DEITY,0,
being.zoroastrian.angra_mainyu,DEITY,1,
being.zoroastrian.angra_mainyu,CONCEPT,0,
concept.chinese.wuxing,CONCEPT,1,
concept.chinese.wuxing.huo,ELEMENT,1,Primary classification at research checkpoint 2026-08-11
concept.chinese.wuxing.jin,ELEMENT,1,Primary classification at research checkpoint 2026-08-11
concept.chinese.wuxing.mu,ELEMENT,1,Primary classification at research checkpoint 2026-08-11
concept.chinese.wuxing.shui,ELEMENT,1,Primary classification at research checkpoint 2026-08-11
concept.chinese.wuxing.tu,ELEMENT,1,Primary classification at research checkpoint 2026-08-11
concept.comparative.agriculture,CONCEPT,1,
concept.comparative.air,ELEMENT,1,
concept.comparative.chaos,CONCEPT,1,
concept.comparative.creation,CONCEPT,1,
concept.comparative.darkness,ELEMENT,1,
concept.comparative.death,CONCEPT,1,
concept.comparative.desire,CONCEPT,1,
concept.comparative.destruction,CONCEPT,1,
concept.comparative.disease,POWER,1,
concept.comparative.dream,CONCEPT,1,
concept.comparative.earth,ELEMENT,1,
concept.comparative.fate,CONCEPT,1,
concept.comparative.fertility,POWER,1,
concept.comparative.fire,ELEMENT,1,
concept.comparative.healing,POWER,1,
concept.comparative.hearth,CONCEPT,1,Primary classification from v0.4.0 Greek genealogy checkpoint
concept.comparative.hunting,CONCEPT,1,
concept.comparative.ice,ELEMENT,1,
concept.comparative.justice,CONCEPT,1,
concept.comparative.kingship,CONCEPT,1,
concept.comparative.knowledge,CONCEPT,1,
concept.comparative.life,CONCEPT,1,
concept.comparative.light,ELEMENT,1,
concept.comparative.lightning,POWER,1,
concept.comparative.love,CONCEPT,1,
concept.comparative.magic,POWER,1,
concept.comparative.memory,CONCEPT,1,
concept.comparative.metal,ELEMENT,1,
concept.comparative.moon,ELEMENT,1,
concept.comparative.music,CONCEPT,1,
concept.comparative.navigation,CONCEPT,1,
concept.comparative.night,CONCEPT,1,Primary classification from v0.4.0 Greek genealogy checkpoint
concept.comparative.ocean,ELEMENT,1,
concept.comparative.order,CONCEPT,1,
concept.comparative.poetry,CONCEPT,1,
concept.comparative.rebirth,CONCEPT,1,
concept.comparative.river,ELEMENT,1,
concept.comparative.sky,ELEMENT,1,
concept.comparative.sleep,CONCEPT,1,Primary classification from v0.4.0 Greek genealogy checkpoint
concept.comparative.snow,ELEMENT,1,
concept.comparative.soul,CONCEPT,1,
concept.comparative.stars,ELEMENT,1,
concept.comparative.storm,POWER,1,
concept.comparative.sun,ELEMENT,1,
concept.comparative.thunder,POWER,1,
concept.comparative.time,CONCEPT,1,
concept.comparative.war,CONCEPT,1,
concept.comparative.water,ELEMENT,1,
concept.comparative.wind,ELEMENT,1,
concept.comparative.wisdom,CONCEPT,1,
concept.comparative.wood,ELEMENT,1,
concept.egyptian.isfet,CONCEPT,1,
concept.egyptian.ma_at,CONCEPT,1,
concept.greek.classical_elements,CONCEPT,1,
concept.indian.pancamahabhuta,CONCEPT,1,
concept.norse.fire_ice_cosmogony,COSMOLOGY,1,
concept.ugaritic.baal_title,CONCEPT,1,v0.6.0 thunder and storm comparison checkpoint
concept.zoroastrian.asha,CONCEPT,1,
concept.zoroastrian.druj,CONCEPT,1,
creature.greek.cyclopes_hesiodic,GIANT,1,
creature.greek.typhon,MONSTER,1,Primary classification at research checkpoint 2026-08-11
creature.norse.fenrir,MONSTER,1,
creature.norse.gullinbursti,DIVINE_BEAST,1,Primary classification at research checkpoint 2026-08-11
creature.norse.gullinbursti,ARTIFACT,0,Crafted living being in Skáldskaparmál; retain both classes
creature.norse.jormungandr,DRAGON,1,
creature.vedic.vritra,MONSTER,1,v0.6.0 thunder and storm comparison checkpoint
deity.akkadian.ishtar,DEITY,1,
deity.assyrian.ashur,DEITY,1,
deity.babylonian.marduk,DEITY,1,
deity.babylonian.tiamat,PRIMORDIAL_DEITY,1,
deity.babylonian.tiamat,DRAGON,0,
deity.chinese.fu_xi,DEITY,1,
deity.chinese.leigong,DEITY,1,v0.6.0 thunder and storm comparison checkpoint
deity.chinese.leize_thunder_spirit,DEITY,1,v0.6.0 thunder and storm comparison checkpoint
deity.chinese.nezha,DEITY,1,
deity.chinese.nu_wa,DEITY,1,
deity.egyptian.amun,DEITY,1,
deity.egyptian.anubis,DEITY,1,
deity.egyptian.atum,PRIMORDIAL_DEITY,1,
deity.egyptian.geb,DEITY,1,
deity.egyptian.hathor,DEITY,1,
deity.egyptian.horus,DEITY,1,
deity.egyptian.isis,DEITY,1,
deity.egyptian.ma_at,DEITY,1,
deity.egyptian.ma_at,CONCEPT,0,
deity.egyptian.nephthys,DEITY,1,
deity.egyptian.nut,DEITY,1,
deity.egyptian.osiris,DEITY,1,
deity.egyptian.ptah,DEITY,1,
deity.egyptian.ra,DEITY,1,
deity.egyptian.sekhmet,DEITY,1,
deity.egyptian.seth,DEITY,1,
deity.egyptian.shu,DEITY,1,
deity.egyptian.tefnut,DEITY,1,
deity.egyptian.thoth,DEITY,1,
deity.greek.aether,PRIMORDIAL_DEITY,1,Primary classification from v0.4.0 Greek genealogy checkpoint
deity.greek.aether,DEITY,0,Queryable through the deity collection
deity.greek.aphrodite,DEITY,1,
deity.greek.apollo,DEITY,1,
deity.greek.ares,DEITY,1,
deity.greek.artemis,DEITY,1,
deity.greek.asteria,DEITY,1,Primary classification from v0.4.0 Greek genealogy checkpoint
deity.greek.asteria,TITAN,0,Hesiodic divine generation
deity.greek.athena,DEITY,1,
deity.greek.chaos,PRIMORDIAL_DEITY,1,Primary classification from v0.4.0 Greek genealogy checkpoint
deity.greek.chaos,DEITY,0,Queryable through the deity collection; ontology remains witness-specific
deity.greek.cronus,DEITY,1,
deity.greek.cronus,TITAN,0,Greek culture-specific classification
deity.greek.demeter,DEITY,1,
deity.greek.dione,DEITY,1,v0.5.0 primary-source profile checkpoint
deity.greek.dionysus,DEITY,1,
deity.greek.eos,DEITY,1,Primary classification from v0.4.0 Greek genealogy checkpoint
deity.greek.erebus,PRIMORDIAL_DEITY,1,Primary classification from v0.4.0 Greek genealogy checkpoint
deity.greek.erebus,DEITY,0,Queryable through the deity collection
deity.greek.gaia,PRIMORDIAL_DEITY,1,
deity.greek.gaia,CONCEPT,0,
deity.greek.hades,DEITY,1,
deity.greek.hecate,DEITY,1,Primary classification from v0.4.0 Greek genealogy checkpoint
deity.greek.helios,DEITY,1,Primary classification from v0.4.0 Greek genealogy checkpoint
deity.greek.hemera,PRIMORDIAL_DEITY,1,Primary classification from v0.4.0 Greek genealogy checkpoint
deity.greek.hemera,DEITY,0,Queryable through the deity collection
deity.greek.hephaestus,DEITY,1,
deity.greek.hera,DEITY,1,
deity.greek.hermes,DEITY,1,
deity.greek.hestia,DEITY,1,Primary classification from v0.4.0 Greek genealogy checkpoint
deity.greek.hyperion,DEITY,1,Primary classification from v0.4.0 Greek genealogy checkpoint
deity.greek.hyperion,TITAN,0,Hesiodic divine generation
deity.greek.hypnos,DEITY,1,Primary classification from v0.4.0 Greek genealogy checkpoint
deity.greek.leto,DEITY,1,v0.5.0 primary-source profile checkpoint
deity.greek.maia,DEITY,1,v0.5.0 primary-source profile checkpoint
deity.greek.metis,DEITY,1,Primary classification at research checkpoint 2026-08-11
deity.greek.nyx,PRIMORDIAL_DEITY,1,Primary classification from v0.4.0 Greek genealogy checkpoint
deity.greek.nyx,DEITY,0,Queryable through the deity collection
deity.greek.persephone,DEITY,1,v0.5.0 primary-source profile checkpoint
deity.greek.perses,DEITY,1,Primary classification from v0.4.0 Greek genealogy checkpoint
deity.greek.perses,TITAN,0,Hesiodic divine generation; identity caution applies
deity.greek.poseidon,DEITY,1,
deity.greek.rhea,DEITY,1,
deity.greek.rhea,TITAN,0,Greek culture-specific classification
deity.greek.selene,DEITY,1,Primary classification from v0.4.0 Greek genealogy checkpoint
deity.greek.semele,DEITY,1,v0.5.0 primary-source profile checkpoint
deity.greek.thanatos,DEITY,1,Primary classification from v0.4.0 Greek genealogy checkpoint
deity.greek.theia,DEITY,1,Primary classification from v0.4.0 Greek genealogy checkpoint
deity.greek.theia,TITAN,0,Hesiodic divine generation
deity.greek.uranus,PRIMORDIAL_DEITY,1,
deity.greek.zeus,DEITY,1,
deity.hawaiian.pele,DEITY,1,
deity.hindu.brahma,DEITY,1,
deity.hindu.shiva,DEITY,1,
deity.hindu.vishnu,DEITY,1,
deity.irish.bridig,DEITY,1,
deity.irish.dagda,DEITY,1,
deity.irish.lugh,DEITY,1,
deity.irish.morrigan,DEITY,1,
deity.japanese.amaterasu,DEITY,1,
deity.japanese.fusuikazuchi,DEITY,1,v0.6.0 thunder and storm comparison checkpoint
deity.japanese.honoikazuchi,DEITY,1,v0.6.0 thunder and storm comparison checkpoint
deity.japanese.izanagi,DEITY,1,
deity.japanese.izanami,DEITY,1,
deity.japanese.kuroikazuchi,DEITY,1,v0.6.0 thunder and storm comparison checkpoint
deity.japanese.naruikazuchi,DEITY,1,v0.6.0 thunder and storm comparison checkpoint
deity.japanese.ooikazuchi,DEITY,1,v0.6.0 thunder and storm comparison checkpoint
deity.japanese.raijin,DEITY,1,v0.6.0 thunder and storm comparison checkpoint
deity.japanese.sakuikazuchi,DEITY,1,v0.6.0 thunder and storm comparison checkpoint
deity.japanese.susanoo,DEITY,1,
deity.japanese.takemikazuchi,DEITY,1,v0.6.0 thunder and storm comparison checkpoint
deity.japanese.tsuchiikazuchi,DEITY,1,v0.6.0 thunder and storm comparison checkpoint
deity.japanese.tsukuyomi,DEITY,1,
deity.japanese.wakaikazuchi,DEITY,1,v0.6.0 thunder and storm comparison checkpoint
deity.maori.papatuanuku,PRIMORDIAL_DEITY,1,
deity.maori.ranginui,PRIMORDIAL_DEITY,1,
deity.maya.chaac,DEITY,1,
deity.maya.itzamna,DEITY,1,
deity.maya.kukulkan,DEITY,1,
deity.mexica.huitzilopochtli,DEITY,1,
deity.mexica.quetzalcoatl,DEITY,1,
deity.mexica.tezcatlipoca,DEITY,1,
deity.mexica.tlaloc,DEITY,1,
deity.norse.baldr,DEITY,1,
deity.norse.borr,DEITY,1,Primary classification at research checkpoint 2026-08-11
deity.norse.buri,ANCESTOR_DEITY,1,Primary classification at research checkpoint 2026-08-11
deity.norse.freyja,DEITY,1,
deity.norse.freyr,DEITY,1,
deity.norse.frigg,DEITY,1,
deity.norse.heimdall,DEITY,1,
deity.norse.hel,DEITY,1,
deity.norse.hel,CONCEPT,0,
deity.norse.jord,DEITY,1,v0.6.0 thunder and storm comparison checkpoint
deity.norse.loki,DEITY,1,
deity.norse.magni,DEITY,1,v0.6.0 thunder and storm comparison checkpoint
deity.norse.meili,DEITY,1,v0.6.0 thunder and storm comparison checkpoint
deity.norse.modi,DEITY,1,v0.6.0 thunder and storm comparison checkpoint
deity.norse.njord,DEITY,1,
deity.norse.odin,DEITY,1,
deity.norse.sif,DEITY,1,v0.6.0 thunder and storm comparison checkpoint
deity.norse.thor,DEITY,1,
deity.norse.thrud,DEITY,1,v0.6.0 thunder and storm comparison checkpoint
deity.norse.tyr,DEITY,1,
deity.norse.ullr,DEITY,1,v0.6.0 thunder and storm comparison checkpoint
deity.norse.ve,DEITY,1,Primary classification at research checkpoint 2026-08-11
deity.norse.vili,DEITY,1,Primary classification at research checkpoint 2026-08-11
deity.polynesian.tane,DEITY,1,
deity.polynesian.tangaroa,DEITY,1,
deity.slavic.mokosh,DEITY,1,
deity.slavic.perun,DEITY,1,
deity.slavic.veles,DEITY,1,
deity.sumerian.an,DEITY,1,
deity.sumerian.enki,DEITY,1,
deity.sumerian.enlil,DEITY,1,
deity.sumerian.ereshkigal,DEITY,1,
deity.sumerian.inanna,DEITY,1,
deity.sumerian.nanna,DEITY,1,
deity.sumerian.ninhursag,DEITY,1,
deity.sumerian.utu,DEITY,1,
deity.ugaritic.anat,DEITY,1,
deity.ugaritic.asherah,DEITY,1,
deity.ugaritic.baal,DEITY,1,
deity.ugaritic.el,DEITY,1,
deity.ugaritic.kothar_wa_khasis,DEITY,1,v0.6.0 thunder and storm comparison checkpoint
deity.ugaritic.mot,DEITY,1,
deity.ugaritic.mot,CONCEPT,0,
deity.ugaritic.yam,DEITY,1,
deity.ugaritic.yam,CONCEPT,0,
deity.vedic.indra,DEITY,1,
deity.vedic.tvastr,DEITY,1,v0.6.0 thunder and storm comparison checkpoint
deity.yoruba.ogun,DEITY,1,
deity.yoruba.olodumare,DEITY,1,
deity.yoruba.orunmila,DEITY,1,
deity.yoruba.oshun,DEITY,1,
deity.yoruba.shango,DEITY,1,
deity.zoroastrian.ahura_mazda,DEITY,1,
deity.zoroastrian.mithra,DEITY,1,
element.chinese.huo,ELEMENT,1,
element.chinese.jin,ELEMENT,1,
element.chinese.mu,ELEMENT,1,
element.chinese.shui,ELEMENT,1,
element.chinese.tu,ELEMENT,1,
element.indian.agni,ELEMENT,1,
element.indian.akasha,ELEMENT,1,
element.indian.ap,ELEMENT,1,
element.indian.prithvi,ELEMENT,1,
element.indian.vayu,ELEMENT,1,
event.babylonian.marduk_tiamat,EVENT,1,
event.greek.persephone_abduction,EVENT,1,v0.5.0 primary-source profile checkpoint
event.greek.titanomachy,EVENT,1,
event.greek.zeus_typhon_battle,EVENT,1,Primary classification at research checkpoint 2026-08-11
event.norse.forging_divine_treasures,EVENT,1,Primary classification at research checkpoint 2026-08-11
event.norse.ragnarok,EVENT,1,
event.sumerian.inanna_descent,EVENT,1,
event.ugaritic.baal_yamm_ktu12,EVENT,1,v0.6.0 thunder and storm comparison checkpoint
event.vedic.indra_vritra_rv132,EVENT,1,v0.6.0 thunder and storm comparison checkpoint
festival.yoruba.sango_oyo,FESTIVAL,1,v0.6.0 thunder and storm comparison checkpoint
group.japanese.eight_thunder_kami,CONCEPT,1,v0.6.0 thunder and storm comparison checkpoint
hero.chinese.sun_wukong,HERO,1,
hero.chinese.yellow_emperor,HERO,1,
hero.chinese.yellow_emperor,ANCESTOR_DEITY,0,
hero.indian.arjuna,HERO,1,
hero.irish.cu_chulainn,HERO,1,
hero.irish.fergus_mac_roich,HERO,1,
hero.japanese.yamato_takeru,HERO,1,
hero.kiche.hunahpu,HERO,1,
hero.kiche.xbalanque,HERO,1,
hero.polynesian.maui,HERO,1,
institution.british_museum,INSTITUTION,1,
institution.louvre,INSTITUTION,1,
institution.met,INSTITUTION,1,
institution.swedish_history_museum,INSTITUTION,1,
modern.marvel.mcu.hela,MODERN_WORK,1,v0.6.0 thunder and storm comparison checkpoint
modern.marvel.mcu.loki,MODERN_WORK,1,v0.6.0 thunder and storm comparison checkpoint
modern.marvel.mcu.thor,MODERN_WORK,1,v0.6.0 thunder and storm comparison checkpoint
museum.babylon.flood_tablet_k3375,MUSEUM_OBJECT,1,
museum.egypt.papyrus_ani_frame3,MUSEUM_OBJECT,1,
museum.greek.zeus_poseidon_met_21_88_52,MUSEUM_OBJECT,1,
museum.norse.mjolnir_rings,MUSEUM_OBJECT,1,
museum.ugarit.baal_cycle_ao16643,MUSEUM_OBJECT,1,
museum.ugarit.baal_cycle_ao16643,TABLET,0,
museum.ugarit.baal_thunder_ao15775,MUSEUM_OBJECT,1,
museum.ugarit.baal_thunder_ao15775,MONUMENT,0,
place.norse.mimisbrunnr,MYTHICAL_PLACE,1,Primary classification at research checkpoint 2026-08-11
realm.egypt.duat,REALM,1,
realm.greek.tartarus,REALM,1,Primary classification at research checkpoint 2026-08-11
realm.norse.valhalla,REALM,1,
realm.sumerian.kur,REALM,1,
site.bolivia.tiwanaku,ARCHAEOLOGICAL_SITE,1,
site.cambodia.angkor,ARCHAEOLOGICAL_SITE,1,
site.celtic.groves_scope,PLACE,1,
site.celtic.hillforts_scope,ARCHAEOLOGICAL_SITE,1,
site.chile.rapa_nui,MONUMENT,1,
site.china.kunlun_scope,PLACE,1,
site.china.ritual_sites_scope,ARCHAEOLOGICAL_SITE,1,
site.china.taishan,PLACE,1,
site.chinese.mogao_cave_285,ARCHAEOLOGICAL_SITE,1,v0.6.0 thunder and storm comparison checkpoint
site.denmark.hedeby,ARCHAEOLOGICAL_SITE,1,
site.egypt.abu_simbel,TEMPLE,1,
site.egypt.abydos,ARCHAEOLOGICAL_SITE,1,
site.egypt.dahshur,PYRAMID,1,
site.egypt.dendera,TEMPLE,1,
site.egypt.edfu,TEMPLE,1,
site.egypt.giza,PYRAMID,1,
site.egypt.karnak,TEMPLE,1,
site.egypt.luxor_temple,TEMPLE,1,
site.egypt.philae,TEMPLE,1,
site.egypt.saqqara,ARCHAEOLOGICAL_SITE,1,
site.egypt.valley_kings,TOMB,1,
site.ethiopia.aksum,ARCHAEOLOGICAL_SITE,1,
site.ethiopia.lalibela,MONUMENT,1,
site.greece.acropolis,ARCHAEOLOGICAL_SITE,1,
site.greece.delos,ARCHAEOLOGICAL_SITE,1,
site.greece.delphi,ARCHAEOLOGICAL_SITE,1,
site.greece.dodona,ARCHAEOLOGICAL_SITE,1,
site.greece.eleusis,ARCHAEOLOGICAL_SITE,1,
site.greece.epidaurus,ARCHAEOLOGICAL_SITE,1,
site.greece.knossos,ARCHAEOLOGICAL_SITE,1,
site.greece.mycenae,ARCHAEOLOGICAL_SITE,1,
site.greece.olympia,ARCHAEOLOGICAL_SITE,1,
site.guatemala.tikal,ARCHAEOLOGICAL_SITE,1,
site.iceland.sacred_scope,PLACE,1,
site.india.elephanta,TEMPLE,1,
site.india.ellora,TEMPLE,1,
site.india.khajuraho,TEMPLE,1,
site.india.konark,TEMPLE,1,
site.india.varanasi,PLACE,1,
site.indonesia.borobudur,TEMPLE,1,
site.indonesia.prambanan,TEMPLE,1,
site.iraq.ashur,ARCHAEOLOGICAL_SITE,1,
site.iraq.babylon,ARCHAEOLOGICAL_SITE,1,
site.iraq.eridu,ARCHAEOLOGICAL_SITE,1,
site.iraq.nineveh,ARCHAEOLOGICAL_SITE,1,
site.iraq.nippur,ARCHAEOLOGICAL_SITE,1,
site.iraq.ur,ARCHAEOLOGICAL_SITE,1,
site.iraq.uruk,ARCHAEOLOGICAL_SITE,1,
site.ireland.newgrange,TOMB,1,
site.italy.pompeii,ARCHAEOLOGICAL_SITE,1,
site.italy.rome,ARCHAEOLOGICAL_SITE,1,
site.japan.shrines_scope,TEMPLE,1,
site.mexico.chichen_itza,ARCHAEOLOGICAL_SITE,1,
site.mexico.monte_alban,ARCHAEOLOGICAL_SITE,1,
site.mexico.palenque,ARCHAEOLOGICAL_SITE,1,
site.mexico.tenochtitlan,ARCHAEOLOGICAL_SITE,1,
site.mexico.teotihuacan,ARCHAEOLOGICAL_SITE,1,
site.micronesia.nan_madol,ARCHAEOLOGICAL_SITE,1,
site.nigeria.benin_city,ARCHAEOLOGICAL_SITE,1,
site.nigeria.ife,ARCHAEOLOGICAL_SITE,1,
site.norse.runestones_scope,INSCRIPTION,1,
site.peru.cusco,ARCHAEOLOGICAL_SITE,1,
site.peru.machu_picchu,ARCHAEOLOGICAL_SITE,1,
site.peru.nazca,MONUMENT,1,
site.polynesia.taputapuatea,ARCHAEOLOGICAL_SITE,1,
site.sweden.birka,ARCHAEOLOGICAL_SITE,1,
site.sweden.uppsala,ARCHAEOLOGICAL_SITE,1,
site.syria.mari,ARCHAEOLOGICAL_SITE,1,
site.syria.ugarit,ARCHAEOLOGICAL_SITE,1,
site.tibet.kailash,PLACE,1,
site.uk.avebury,MONUMENT,1,
site.uk.stonehenge,MONUMENT,1,
site.yoruba.koso_temple,TEMPLE,1,v0.6.0 thunder and storm comparison checkpoint
site.zimbabwe.great_zimbabwe,ARCHAEOLOGICAL_SITE,1,
text.africa.epics,ORAL_TRADITION,1,
text.akkadian.adapa,TEXT,1,
text.akkadian.anzu,TEXT,1,
text.akkadian.erra_epic,EPIC,1,
text.akkadian.etana,EPIC,1,
text.andean.huarochiri,MANUSCRIPT,1,
text.babylonian.atrahasis,EPIC,1,
text.babylonian.enuma_elish,EPIC,1,
text.buddhist.corpus,SCRIPTURE,1,
text.central_asian.epics,ORAL_TRADITION,1,
text.chinese.buddhist_translations,SCRIPTURE,1,
text.chinese.chuci,TEXT,1,
text.chinese.daoist_corpus,SCRIPTURE,1,
text.chinese.fengshen_yanyi,TEXT,1,
text.chinese.folk_archives,ORAL_TRADITION,1,
text.chinese.han_shu_wuxing_zhi,TEXT,1,Primary classification at research checkpoint 2026-08-11
text.chinese.hong_fan,TEXT,1,Primary classification at research checkpoint 2026-08-11
text.chinese.huainanzi,TEXT,1,
text.chinese.local_gazetteers,TEXT,1,
text.chinese.lunheng,TEXT,1,v0.6.0 thunder and storm comparison checkpoint
text.chinese.mutianzizhuan,TEXT,1,
text.chinese.shang_shu,TEXT,1,Primary classification at research checkpoint 2026-08-11
text.chinese.shangshu,TEXT,1,
text.chinese.shanhaijing,TEXT,1,
text.chinese.shiji_ancient,TEXT,1,
text.chinese.soushenji,TEXT,1,
text.chinese.tianwen,TEXT,1,
text.chinese.xiyouji,TEXT,1,
text.egypt.amduat,TEXT,1,
text.egypt.book_caverns,TEXT,1,
text.egypt.book_dead,PAPYRUS,1,
text.egypt.book_gates,TEXT,1,
text.egypt.coffin_texts,INSCRIPTION,1,
text.egypt.litany_re,TEXT,1,
text.egypt.memphite_theology,INSCRIPTION,1,
text.egypt.pyramid_texts,INSCRIPTION,1,
text.egypt.temple_tomb_inscriptions,INSCRIPTION,1,
text.greek.argonautica,EPIC,1,
text.greek.bibliotheca,TEXT,1,
text.greek.homeric_hymn_aphrodite_5,TEXT,1,v0.5.0 primary-source profile checkpoint
text.greek.homeric_hymn_apollo_3,TEXT,1,v0.5.0 primary-source profile checkpoint
text.greek.homeric_hymn_ares_8,TEXT,1,v0.5.0 primary-source profile checkpoint
text.greek.homeric_hymn_artemis_27,TEXT,1,v0.5.0 primary-source profile checkpoint
text.greek.homeric_hymn_athena_28,TEXT,1,v0.5.0 primary-source profile checkpoint
text.greek.homeric_hymn_demeter,TEXT,1,Primary classification from v0.4.0 Greek genealogy checkpoint
text.greek.homeric_hymn_dionysus_7,TEXT,1,v0.5.0 primary-source profile checkpoint
text.greek.homeric_hymn_helios_31,TEXT,1,Primary classification from v0.4.0 Greek genealogy checkpoint
text.greek.homeric_hymn_hephaestus_20,TEXT,1,v0.5.0 primary-source profile checkpoint
text.greek.homeric_hymn_hermes_4,TEXT,1,v0.5.0 primary-source profile checkpoint
text.greek.homeric_hymn_hestia_29,TEXT,1,Primary classification from v0.4.0 Greek genealogy checkpoint
text.greek.homeric_hymn_poseidon_22,TEXT,1,v0.5.0 primary-source profile checkpoint
text.greek.homeric_hymn_selene_32,TEXT,1,Primary classification from v0.4.0 Greek genealogy checkpoint
text.greek.homeric_hymns,TEXT,1,
text.greek.iliad,EPIC,1,
text.greek.inscriptions,INSCRIPTION,1,
text.greek.odyssey,EPIC,1,
text.greek.orphic_hymns,TEXT,1,
text.greek.theogony,EPIC,1,
text.greek.tragedies,TEXT,1,
text.greek.works_days,EPIC,1,
text.hawaiian.kumulipo,ORAL_TRADITION,1,
text.hindu.puranas,SCRIPTURE,1,
text.hindu.upanishads,SCRIPTURE,1,
text.indian.bhagavad_gita,SCRIPTURE,1,
text.indian.mahabharata,EPIC,1,
text.indian.ramayana,EPIC,1,
text.indian.regional_epics,ORAL_TRADITION,1,
text.jain.corpus,SCRIPTURE,1,
text.japanese.fudoki,TEXT,1,
text.japanese.kojiki,TEXT,1,
text.japanese.local_legends,ORAL_TRADITION,1,
text.japanese.manyoshu,TEXT,1,
text.japanese.nihon_shoki,TEXT,1,
text.japanese.shrine_engisho,TEXT,1,
text.kiche.popol_vuh,MANUSCRIPT,1,
text.maori.creation_traditions,ORAL_TRADITION,1,
text.maya.dresden_codex,MANUSCRIPT,1,
text.maya.madrid_codex,MANUSCRIPT,1,
text.maya.paris_codex,MANUSCRIPT,1,
text.mesoamerica.codex_borgia,MANUSCRIPT,1,
text.mesopotamia.gilgamesh,EPIC,1,
text.mexica.codex_mendoza,MANUSCRIPT,1,
text.mexica.florentine_codex,MANUSCRIPT,1,
text.mongol.epics,ORAL_TRADITION,1,
text.norse.grimnismal,TEXT,1,
text.norse.gylfaginning,TEXT,1,
text.norse.havamal,TEXT,1,
text.norse.lokasenna,TEXT,1,
text.norse.poetic_edda,MANUSCRIPT,1,
text.norse.prose_edda,TEXT,1,
text.norse.runic_corpus,INSCRIPTION,1,
text.norse.sagas,TEXT,1,
text.norse.skaldskaparmal,TEXT,1,
text.norse.thrymskvida,TEXT,1,
text.norse.vafthrudnismal,TEXT,1,
text.norse.voluspa,TEXT,1,
text.persian.shahnameh,EPIC,1,
text.polynesia.creation_chants,ORAL_TRADITION,1,
text.roman.aeneid,EPIC,1,
text.roman.metamorphoses,EPIC,1,
text.slavic.primary_chronicle,TEXT,1,v0.6.0 thunder and storm comparison checkpoint
text.sumerian.enki_ninhursag,TEXT,1,
text.sumerian.enki_world_order,TEXT,1,
text.sumerian.inanna_descent,TEXT,1,
text.sumerian.king_list,TEXT,1,
text.turkic.inscriptions,INSCRIPTION,1,
text.ugaritic.baal_cycle,TABLET,1,
text.vedic.aranyakas,SCRIPTURE,1,
text.vedic.atharvaveda,SCRIPTURE,1,
text.vedic.brahmanas,SCRIPTURE,1,
text.vedic.rigveda,SCRIPTURE,1,
text.vedic.samaveda,SCRIPTURE,1,
text.vedic.yajurveda,SCRIPTURE,1,
text.yoruba.ifa_corpus,ORAL_TRADITION,1,
text.zoroastrian.avesta,SCRIPTURE,1,
text.zoroastrian.bundahishn,TEXT,1,
text.zoroastrian.denkard,TEXT,1,
weapon.arthurian.excalibur,WEAPON,1,
weapon.babylonian.marduk_bow,WEAPON,1,
weapon.chinese.ruyi_jingu_bang,WEAPON,1,
weapon.chinese.xuanyuan_sword,WEAPON,1,
weapon.greek.apollo_bow,WEAPON,1,
weapon.greek.artemis_bow,WEAPON,1,
weapon.greek.poseidon_trident,WEAPON,1,
weapon.greek.zeus_thunderbolt,WEAPON,1,
weapon.hindu.pashupatastra,WEAPON,1,
weapon.hindu.sudarshana_chakra,WEAPON,1,
weapon.hindu.trishula,WEAPON,1,
weapon.indian.brahmastra,WEAPON,1,
weapon.indian.gandiva,WEAPON,1,
weapon.irish.caladbolg,WEAPON,1,
weapon.irish.fragarach,WEAPON,1,
weapon.irish.gae_bulg,WEAPON,1,
weapon.japanese.amenonuhoko,WEAPON,1,
weapon.japanese.kusanagi,WEAPON,1,
weapon.norse.freyr_sword,WEAPON,1,
weapon.norse.gram,WEAPON,1,
weapon.norse.gungnir,WEAPON,1,
weapon.norse.mjolnir,WEAPON,1,
weapon.norse.tyrfing,WEAPON,1,
weapon.ugaritic.ayyamur,WEAPON,1,v0.6.0 thunder and storm comparison checkpoint
weapon.ugaritic.yagrush,WEAPON,1,v0.6.0 thunder and storm comparison checkpoint
weapon.vedic.vajra,WEAPON,1,
