entity_id,civilization_id,association_role,certainty,notes
artifact.babylonian.marduk_net,civ.babylonian,ORIGIN_OR_ATTESTATION,SUPPORTED,
artifact.chinese.huntian_ling,civ.chinese_folk,ORIGIN_OR_ATTESTATION,SUPPORTED,
artifact.chinese.qiankun_quan,civ.chinese_folk,ORIGIN_OR_ATTESTATION,SUPPORTED,
artifact.egyptian.solar_barque,civ.egyptian,ORIGIN_OR_ATTESTATION,SUPPORTED,
artifact.greek.aegis,civ.greek,ORIGIN_OR_ATTESTATION,SUPPORTED,
artifact.greek.caduceus,civ.greek,ORIGIN_OR_ATTESTATION,SUPPORTED,
artifact.greek.helm_hades,civ.greek,ORIGIN_OR_ATTESTATION,SUPPORTED,
artifact.mesopotamian.tablet_destinies,civ.akkadian,ORIGIN_OR_ATTESTATION,SUPPORTED,
artifact.norse.draupnir,civ.norse,ORIGIN_OR_ATTESTATION,SUPPORTED,
artifact.norse.gleipnir,civ.norse,ORIGIN_OR_ATTESTATION,SUPPORTED,
artifact.yoruba.ose_sango,civ.yoruba,ORIGIN,SUPPORTED,v0.6.0 witness-scoped baseline
being.chinese.pangu,civ.chinese_ancient,ORIGIN_OR_ATTESTATION,SUPPORTED,
being.norse.bestla,civ.norse,ORIGIN,SUPPORTED,"Text-tradition association, not historical existence"
being.norse.brokkr,civ.norse,ORIGIN,SUPPORTED,"Text-tradition association, not historical existence"
being.norse.eitri,civ.norse,ORIGIN,SUPPORTED,"Text-tradition association, not historical existence"
being.norse.jarnsaxa,civ.norse,ORIGIN,SUPPORTED,v0.6.0 witness-scoped baseline
being.norse.mimir,civ.norse,ORIGIN,SUPPORTED,"Text-tradition association, not historical existence"
being.norse.sindri,civ.norse,ORIGIN,SUPPORTED,"Text-tradition association, not historical existence"
being.norse.sons_of_ivaldi,civ.norse,ORIGIN_OR_ATTESTATION,SUPPORTED,
being.norse.ymir,civ.norse,ORIGIN_OR_ATTESTATION,SUPPORTED,
being.zoroastrian.angra_mainyu,civ.zoroastrian,ORIGIN_OR_ATTESTATION,SUPPORTED,
concept.chinese.wuxing,civ.chinese_ancient,ORIGIN_OR_ATTESTATION,SUPPORTED,
concept.chinese.wuxing.huo,civ.chinese_ancient,ORIGIN,SUPPORTED,"Text-tradition association, not historical existence"
concept.chinese.wuxing.jin,civ.chinese_ancient,ORIGIN,SUPPORTED,"Text-tradition association, not historical existence"
concept.chinese.wuxing.mu,civ.chinese_ancient,ORIGIN,SUPPORTED,"Text-tradition association, not historical existence"
concept.chinese.wuxing.shui,civ.chinese_ancient,ORIGIN,SUPPORTED,"Text-tradition association, not historical existence"
concept.chinese.wuxing.tu,civ.chinese_ancient,ORIGIN,SUPPORTED,"Text-tradition association, not historical existence"
concept.comparative.hearth,civ.greek,ORIGIN,SUPPORTED,Registered from the Greek textual baseline; comparative concepts remain navigation aids only
concept.comparative.night,civ.greek,ORIGIN,SUPPORTED,Registered from the Greek textual baseline; comparative concepts remain navigation aids only
concept.comparative.sleep,civ.greek,ORIGIN,SUPPORTED,Registered from the Greek textual baseline; comparative concepts remain navigation aids only
concept.egyptian.divine_syncretism,civ.egyptian,ORIGIN,SUPPORTED,v0.7.0 source-located Egyptian baseline
concept.egyptian.isfet,civ.egyptian,ORIGIN_OR_ATTESTATION,SUPPORTED,
concept.egyptian.ma_at,civ.egyptian,ORIGIN_OR_ATTESTATION,SUPPORTED,
concept.greek.classical_elements,civ.greek,ORIGIN_OR_ATTESTATION,SUPPORTED,
concept.greek.eleusinian_secrecy,civ.greek,ORIGIN,SUPPORTED,v0.8.0 source-located Greek baseline
concept.greek.persian_name_aition,civ.greek,ORIGIN,SUPPORTED,v0.9.0 source-located Greek baseline
concept.indian.pancamahabhuta,civ.hindu,ORIGIN_OR_ATTESTATION,SUPPORTED,
concept.norse.fire_ice_cosmogony,civ.norse,ORIGIN_OR_ATTESTATION,SUPPORTED,
concept.ugaritic.baal_title,civ.ugaritic,ORIGIN,SUPPORTED,v0.6.0 witness-scoped baseline
concept.zoroastrian.asha,civ.zoroastrian,ORIGIN_OR_ATTESTATION,SUPPORTED,
concept.zoroastrian.druj,civ.zoroastrian,ORIGIN_OR_ATTESTATION,SUPPORTED,
creature.greek.cyclopes_hesiodic,civ.greek,ORIGIN_OR_ATTESTATION,SUPPORTED,
creature.greek.typhon,civ.greek,ORIGIN,SUPPORTED,"Text-tradition association, not historical existence"
creature.norse.fenrir,civ.norse,ORIGIN_OR_ATTESTATION,SUPPORTED,
creature.norse.gullinbursti,civ.norse,ORIGIN,SUPPORTED,"Text-tradition association, not historical existence"
creature.norse.jormungandr,civ.norse,ORIGIN_OR_ATTESTATION,SUPPORTED,
creature.vedic.vritra,civ.vedic,ORIGIN,SUPPORTED,v0.6.0 witness-scoped baseline
deity.akkadian.ishtar,civ.akkadian,ORIGIN_OR_ATTESTATION,SUPPORTED,
deity.assyrian.ashur,civ.assyrian,ORIGIN_OR_ATTESTATION,SUPPORTED,
deity.babylonian.marduk,civ.babylonian,ORIGIN_OR_ATTESTATION,SUPPORTED,
deity.babylonian.tiamat,civ.babylonian,ORIGIN_OR_ATTESTATION,SUPPORTED,
deity.chinese.fu_xi,civ.chinese_ancient,ORIGIN_OR_ATTESTATION,SUPPORTED,
deity.chinese.leigong,civ.chinese_folk,ORIGIN,SUPPORTED,v0.6.0 witness-scoped baseline
deity.chinese.leize_thunder_spirit,civ.chinese_ancient,ORIGIN,SUPPORTED,v0.6.0 witness-scoped baseline
deity.chinese.nezha,civ.chinese_folk,ORIGIN_OR_ATTESTATION,SUPPORTED,
deity.chinese.nu_wa,civ.chinese_ancient,ORIGIN_OR_ATTESTATION,SUPPORTED,
deity.egyptian.amun,civ.egyptian,ORIGIN_OR_ATTESTATION,SUPPORTED,
deity.egyptian.amun_ra,civ.egyptian,ORIGIN,SUPPORTED,v0.7.0 source-located Egyptian baseline
deity.egyptian.anubis,civ.egyptian,ORIGIN_OR_ATTESTATION,SUPPORTED,
deity.egyptian.atum,civ.egyptian,ORIGIN_OR_ATTESTATION,SUPPORTED,
deity.egyptian.geb,civ.egyptian,ORIGIN_OR_ATTESTATION,SUPPORTED,
deity.egyptian.hathor,civ.egyptian,ORIGIN_OR_ATTESTATION,SUPPORTED,
deity.egyptian.horus,civ.egyptian,ORIGIN_OR_ATTESTATION,SUPPORTED,
deity.egyptian.isis,civ.egyptian,ORIGIN_OR_ATTESTATION,SUPPORTED,
deity.egyptian.khepri,civ.egyptian,ORIGIN,SUPPORTED,v0.7.0 source-located Egyptian baseline
deity.egyptian.khonsu,civ.egyptian,ORIGIN,SUPPORTED,v0.7.0 source-located Egyptian baseline
deity.egyptian.ma_at,civ.egyptian,ORIGIN_OR_ATTESTATION,SUPPORTED,
deity.egyptian.mut,civ.egyptian,ORIGIN,SUPPORTED,v0.7.0 source-located Egyptian baseline
deity.egyptian.nephthys,civ.egyptian,ORIGIN_OR_ATTESTATION,SUPPORTED,
deity.egyptian.nut,civ.egyptian,ORIGIN_OR_ATTESTATION,SUPPORTED,
deity.egyptian.osiris,civ.egyptian,ORIGIN_OR_ATTESTATION,SUPPORTED,
deity.egyptian.ptah,civ.egyptian,ORIGIN_OR_ATTESTATION,SUPPORTED,
deity.egyptian.ra,civ.egyptian,ORIGIN_OR_ATTESTATION,SUPPORTED,
deity.egyptian.ra_horakhty,civ.egyptian,ORIGIN,SUPPORTED,v0.7.0 source-located Egyptian baseline
deity.egyptian.sekhmet,civ.egyptian,ORIGIN_OR_ATTESTATION,SUPPORTED,
deity.egyptian.seth,civ.egyptian,ORIGIN_OR_ATTESTATION,SUPPORTED,
deity.egyptian.shu,civ.egyptian,ORIGIN_OR_ATTESTATION,SUPPORTED,
deity.egyptian.tefnut,civ.egyptian,ORIGIN_OR_ATTESTATION,SUPPORTED,
deity.egyptian.thoth,civ.egyptian,ORIGIN_OR_ATTESTATION,SUPPORTED,
deity.greek.aether,civ.greek,ORIGIN,SUPPORTED,Registered from the Greek textual baseline; comparative concepts remain navigation aids only
deity.greek.aphrodite,civ.greek,ORIGIN_OR_ATTESTATION,SUPPORTED,
deity.greek.apollo,civ.greek,ORIGIN_OR_ATTESTATION,SUPPORTED,
deity.greek.ares,civ.greek,ORIGIN_OR_ATTESTATION,SUPPORTED,
deity.greek.artemis,civ.greek,ORIGIN_OR_ATTESTATION,SUPPORTED,
deity.greek.asteria,civ.greek,ORIGIN,SUPPORTED,Registered from the Greek textual baseline; comparative concepts remain navigation aids only
deity.greek.astraeus,civ.greek,ORIGIN,SUPPORTED,v0.9.0 source-located Greek baseline
deity.greek.athena,civ.greek,ORIGIN_OR_ATTESTATION,SUPPORTED,
deity.greek.chaos,civ.greek,ORIGIN,SUPPORTED,Registered from the Greek textual baseline; comparative concepts remain navigation aids only
deity.greek.crius,civ.greek,ORIGIN,SUPPORTED,v0.9.0 source-located Greek baseline
deity.greek.cronus,civ.greek,ORIGIN_OR_ATTESTATION,SUPPORTED,
deity.greek.demeter,civ.greek,ORIGIN_OR_ATTESTATION,SUPPORTED,
deity.greek.dione,civ.greek,ORIGIN,SUPPORTED,Registered within the ancient Greek textual baseline
deity.greek.dionysus,civ.greek,ORIGIN_OR_ATTESTATION,SUPPORTED,
deity.greek.eos,civ.greek,ORIGIN,SUPPORTED,Registered from the Greek textual baseline; comparative concepts remain navigation aids only
deity.greek.erebus,civ.greek,ORIGIN,SUPPORTED,Registered from the Greek textual baseline; comparative concepts remain navigation aids only
deity.greek.eurybia,civ.greek,ORIGIN,SUPPORTED,v0.9.0 source-located Greek baseline
deity.greek.gaia,civ.greek,ORIGIN_OR_ATTESTATION,SUPPORTED,
deity.greek.hades,civ.greek,ORIGIN_OR_ATTESTATION,SUPPORTED,
deity.greek.hecate,civ.greek,ORIGIN,SUPPORTED,Registered from the Greek textual baseline; comparative concepts remain navigation aids only
deity.greek.helios,civ.greek,ORIGIN,SUPPORTED,Registered from the Greek textual baseline; comparative concepts remain navigation aids only
deity.greek.hemera,civ.greek,ORIGIN,SUPPORTED,Registered from the Greek textual baseline; comparative concepts remain navigation aids only
deity.greek.hephaestus,civ.greek,ORIGIN_OR_ATTESTATION,SUPPORTED,
deity.greek.hera,civ.greek,ORIGIN_OR_ATTESTATION,SUPPORTED,
deity.greek.hermes,civ.greek,ORIGIN_OR_ATTESTATION,SUPPORTED,
deity.greek.hestia,civ.greek,ORIGIN,SUPPORTED,Registered from the Greek textual baseline; comparative concepts remain navigation aids only
deity.greek.hyperion,civ.greek,ORIGIN,SUPPORTED,Registered from the Greek textual baseline; comparative concepts remain navigation aids only
deity.greek.hypnos,civ.greek,ORIGIN,SUPPORTED,Registered from the Greek textual baseline; comparative concepts remain navigation aids only
deity.greek.leto,civ.greek,ORIGIN,SUPPORTED,Registered within the ancient Greek textual baseline
deity.greek.maia,civ.greek,ORIGIN,SUPPORTED,Registered within the ancient Greek textual baseline
deity.greek.metis,civ.greek,ORIGIN,SUPPORTED,"Text-tradition association, not historical existence"
deity.greek.nyx,civ.greek,ORIGIN,SUPPORTED,Registered from the Greek textual baseline; comparative concepts remain navigation aids only
deity.greek.pallas_titan,civ.greek,ORIGIN,SUPPORTED,v0.9.0 source-located Greek baseline
deity.greek.persephone,civ.greek,ORIGIN,SUPPORTED,Registered within the ancient Greek textual baseline
deity.greek.perses,civ.greek,ORIGIN,SUPPORTED,Registered from the Greek textual baseline; comparative concepts remain navigation aids only
deity.greek.perses_helios,civ.greek,ORIGIN,SUPPORTED,v0.9.0 source-located Greek baseline
deity.greek.poseidon,civ.greek,ORIGIN_OR_ATTESTATION,SUPPORTED,
deity.greek.rhea,civ.greek,ORIGIN_OR_ATTESTATION,SUPPORTED,
deity.greek.selene,civ.greek,ORIGIN,SUPPORTED,Registered from the Greek textual baseline; comparative concepts remain navigation aids only
deity.greek.semele,civ.greek,ORIGIN,SUPPORTED,Registered within the ancient Greek textual baseline
deity.greek.thanatos,civ.greek,ORIGIN,SUPPORTED,Registered from the Greek textual baseline; comparative concepts remain navigation aids only
deity.greek.theia,civ.greek,ORIGIN,SUPPORTED,Registered from the Greek textual baseline; comparative concepts remain navigation aids only
deity.greek.uranus,civ.greek,ORIGIN_OR_ATTESTATION,SUPPORTED,
deity.greek.zeus,civ.greek,ORIGIN_OR_ATTESTATION,SUPPORTED,
deity.hawaiian.pele,civ.hawaiian,ORIGIN_OR_ATTESTATION,SUPPORTED,
deity.hindu.brahma,civ.hindu,ORIGIN_OR_ATTESTATION,SUPPORTED,
deity.hindu.shiva,civ.hindu,ORIGIN_OR_ATTESTATION,SUPPORTED,
deity.hindu.vishnu,civ.hindu,ORIGIN_OR_ATTESTATION,SUPPORTED,
deity.irish.bridig,civ.irish,ORIGIN_OR_ATTESTATION,SUPPORTED,
deity.irish.dagda,civ.irish,ORIGIN_OR_ATTESTATION,SUPPORTED,
deity.irish.lugh,civ.irish,ORIGIN_OR_ATTESTATION,SUPPORTED,
deity.irish.morrigan,civ.irish,ORIGIN_OR_ATTESTATION,SUPPORTED,
deity.japanese.amaterasu,civ.japanese_shinto,ORIGIN_OR_ATTESTATION,SUPPORTED,
deity.japanese.fujin,civ.japanese_shinto,ORIGIN,SUPPORTED,v0.10.0 source-scoped Japanese dossier
deity.japanese.fusuikazuchi,civ.japanese_shinto,ORIGIN,SUPPORTED,v0.6.0 witness-scoped baseline
deity.japanese.honoikazuchi,civ.japanese_shinto,ORIGIN,SUPPORTED,v0.6.0 witness-scoped baseline
deity.japanese.honoikazuchi_otokuni,civ.japanese_shinto,ORIGIN,SUPPORTED,v0.10.0 source-scoped Japanese dossier
deity.japanese.izanagi,civ.japanese_shinto,ORIGIN_OR_ATTESTATION,SUPPORTED,
deity.japanese.izanami,civ.japanese_shinto,ORIGIN_OR_ATTESTATION,SUPPORTED,
deity.japanese.kamo_taketsunumi,civ.japanese_shinto,ORIGIN,SUPPORTED,v0.10.0 source-scoped Japanese dossier
deity.japanese.kamo_wakeikazuchi,civ.japanese_shinto,ORIGIN,SUPPORTED,v0.10.0 source-scoped Japanese dossier
deity.japanese.kuroikazuchi,civ.japanese_shinto,ORIGIN,SUPPORTED,v0.6.0 witness-scoped baseline
deity.japanese.naruikazuchi,civ.japanese_shinto,ORIGIN,SUPPORTED,v0.6.0 witness-scoped baseline
deity.japanese.ooikazuchi,civ.japanese_shinto,ORIGIN,SUPPORTED,v0.6.0 witness-scoped baseline
deity.japanese.raijin,civ.japanese_shinto,ORIGIN,SUPPORTED,v0.6.0 witness-scoped baseline
deity.japanese.sakuikazuchi,civ.japanese_shinto,ORIGIN,SUPPORTED,v0.6.0 witness-scoped baseline
deity.japanese.susanoo,civ.japanese_shinto,ORIGIN_OR_ATTESTATION,SUPPORTED,
deity.japanese.takemikazuchi,civ.japanese_shinto,ORIGIN,SUPPORTED,v0.6.0 witness-scoped baseline
deity.japanese.tamayorihime_kamo,civ.japanese_shinto,ORIGIN,SUPPORTED,v0.10.0 source-scoped Japanese dossier
deity.japanese.tsuchiikazuchi,civ.japanese_shinto,ORIGIN,SUPPORTED,v0.6.0 witness-scoped baseline
deity.japanese.tsukuyomi,civ.japanese_shinto,ORIGIN_OR_ATTESTATION,SUPPORTED,
deity.japanese.wakaikazuchi,civ.japanese_shinto,ORIGIN,SUPPORTED,v0.6.0 witness-scoped baseline
deity.maori.papatuanuku,civ.maori,ORIGIN_OR_ATTESTATION,SUPPORTED,
deity.maori.ranginui,civ.maori,ORIGIN_OR_ATTESTATION,SUPPORTED,
deity.maya.chaac,civ.maya,ORIGIN_OR_ATTESTATION,SUPPORTED,
deity.maya.itzamna,civ.maya,ORIGIN_OR_ATTESTATION,SUPPORTED,
deity.maya.kukulkan,civ.maya,ORIGIN_OR_ATTESTATION,SUPPORTED,
deity.mexica.huitzilopochtli,civ.mexica,ORIGIN_OR_ATTESTATION,SUPPORTED,
deity.mexica.quetzalcoatl,civ.mexica,ORIGIN_OR_ATTESTATION,SUPPORTED,
deity.mexica.tezcatlipoca,civ.mexica,ORIGIN_OR_ATTESTATION,SUPPORTED,
deity.mexica.tlaloc,civ.mexica,ORIGIN_OR_ATTESTATION,SUPPORTED,
deity.norse.baldr,civ.norse,ORIGIN_OR_ATTESTATION,SUPPORTED,
deity.norse.borr,civ.norse,ORIGIN,SUPPORTED,"Text-tradition association, not historical existence"
deity.norse.buri,civ.norse,ORIGIN,SUPPORTED,"Text-tradition association, not historical existence"
deity.norse.freyja,civ.norse,ORIGIN_OR_ATTESTATION,SUPPORTED,
deity.norse.freyr,civ.norse,ORIGIN_OR_ATTESTATION,SUPPORTED,
deity.norse.frigg,civ.norse,ORIGIN_OR_ATTESTATION,SUPPORTED,
deity.norse.heimdall,civ.norse,ORIGIN_OR_ATTESTATION,SUPPORTED,
deity.norse.hel,civ.norse,ORIGIN_OR_ATTESTATION,SUPPORTED,
deity.norse.jord,civ.norse,ORIGIN,SUPPORTED,v0.6.0 witness-scoped baseline
deity.norse.loki,civ.norse,ORIGIN_OR_ATTESTATION,SUPPORTED,
deity.norse.magni,civ.norse,ORIGIN,SUPPORTED,v0.6.0 witness-scoped baseline
deity.norse.meili,civ.norse,ORIGIN,SUPPORTED,v0.6.0 witness-scoped baseline
deity.norse.modi,civ.norse,ORIGIN,SUPPORTED,v0.6.0 witness-scoped baseline
deity.norse.njord,civ.norse,ORIGIN_OR_ATTESTATION,SUPPORTED,
deity.norse.odin,civ.norse,ORIGIN_OR_ATTESTATION,SUPPORTED,
deity.norse.sif,civ.norse,ORIGIN,SUPPORTED,v0.6.0 witness-scoped baseline
deity.norse.thor,civ.norse,ORIGIN_OR_ATTESTATION,SUPPORTED,
deity.norse.thrud,civ.norse,ORIGIN,SUPPORTED,v0.6.0 witness-scoped baseline
deity.norse.tyr,civ.norse,ORIGIN_OR_ATTESTATION,SUPPORTED,
deity.norse.ullr,civ.norse,ORIGIN,SUPPORTED,v0.6.0 witness-scoped baseline
deity.norse.ve,civ.norse,ORIGIN,SUPPORTED,"Text-tradition association, not historical existence"
deity.norse.vili,civ.norse,ORIGIN,SUPPORTED,"Text-tradition association, not historical existence"
deity.polynesian.tane,civ.polynesian,ORIGIN_OR_ATTESTATION,SUPPORTED,
deity.polynesian.tangaroa,civ.polynesian,ORIGIN_OR_ATTESTATION,SUPPORTED,
deity.slavic.mokosh,civ.slavic,ORIGIN_OR_ATTESTATION,SUPPORTED,
deity.slavic.perun,civ.slavic,ORIGIN_OR_ATTESTATION,SUPPORTED,
deity.slavic.veles,civ.slavic,ORIGIN_OR_ATTESTATION,SUPPORTED,
deity.sumerian.an,civ.sumerian,ORIGIN_OR_ATTESTATION,SUPPORTED,
deity.sumerian.enki,civ.sumerian,ORIGIN_OR_ATTESTATION,SUPPORTED,
deity.sumerian.enlil,civ.sumerian,ORIGIN_OR_ATTESTATION,SUPPORTED,
deity.sumerian.ereshkigal,civ.sumerian,ORIGIN_OR_ATTESTATION,SUPPORTED,
deity.sumerian.inanna,civ.sumerian,ORIGIN_OR_ATTESTATION,SUPPORTED,
deity.sumerian.nanna,civ.sumerian,ORIGIN_OR_ATTESTATION,SUPPORTED,
deity.sumerian.ninhursag,civ.sumerian,ORIGIN_OR_ATTESTATION,SUPPORTED,
deity.sumerian.utu,civ.sumerian,ORIGIN_OR_ATTESTATION,SUPPORTED,
deity.ugaritic.anat,civ.ugaritic,ORIGIN_OR_ATTESTATION,SUPPORTED,
deity.ugaritic.asherah,civ.ugaritic,ORIGIN_OR_ATTESTATION,SUPPORTED,
deity.ugaritic.baal,civ.ugaritic,ORIGIN_OR_ATTESTATION,SUPPORTED,
deity.ugaritic.el,civ.ugaritic,ORIGIN_OR_ATTESTATION,SUPPORTED,
deity.ugaritic.kothar_wa_khasis,civ.ugaritic,ORIGIN,SUPPORTED,v0.6.0 witness-scoped baseline
deity.ugaritic.mot,civ.ugaritic,ORIGIN_OR_ATTESTATION,SUPPORTED,
deity.ugaritic.yam,civ.ugaritic,ORIGIN_OR_ATTESTATION,SUPPORTED,
deity.vedic.indra,civ.vedic,ORIGIN_OR_ATTESTATION,SUPPORTED,
deity.vedic.tvastr,civ.vedic,ORIGIN,SUPPORTED,v0.6.0 witness-scoped baseline
deity.yoruba.ogun,civ.yoruba,ORIGIN_OR_ATTESTATION,SUPPORTED,
deity.yoruba.olodumare,civ.yoruba,ORIGIN_OR_ATTESTATION,SUPPORTED,
deity.yoruba.orunmila,civ.ifa,ORIGIN_OR_ATTESTATION,SUPPORTED,
deity.yoruba.oshun,civ.yoruba,ORIGIN_OR_ATTESTATION,SUPPORTED,
deity.yoruba.shango,civ.yoruba,ORIGIN_OR_ATTESTATION,SUPPORTED,
deity.zoroastrian.ahura_mazda,civ.zoroastrian,ORIGIN_OR_ATTESTATION,SUPPORTED,
deity.zoroastrian.mithra,civ.zoroastrian,ORIGIN_OR_ATTESTATION,SUPPORTED,
element.chinese.huo,civ.chinese_ancient,ORIGIN_OR_ATTESTATION,SUPPORTED,
element.chinese.jin,civ.chinese_ancient,ORIGIN_OR_ATTESTATION,SUPPORTED,
element.chinese.mu,civ.chinese_ancient,ORIGIN_OR_ATTESTATION,SUPPORTED,
element.chinese.shui,civ.chinese_ancient,ORIGIN_OR_ATTESTATION,SUPPORTED,
element.chinese.tu,civ.chinese_ancient,ORIGIN_OR_ATTESTATION,SUPPORTED,
element.indian.agni,civ.hindu,ORIGIN_OR_ATTESTATION,SUPPORTED,
element.indian.akasha,civ.hindu,ORIGIN_OR_ATTESTATION,SUPPORTED,
element.indian.ap,civ.hindu,ORIGIN_OR_ATTESTATION,SUPPORTED,
element.indian.prithvi,civ.hindu,ORIGIN_OR_ATTESTATION,SUPPORTED,
element.indian.vayu,civ.hindu,ORIGIN_OR_ATTESTATION,SUPPORTED,
event.babylonian.marduk_tiamat,civ.babylonian,ORIGIN_OR_ATTESTATION,SUPPORTED,
event.egyptian.nocturnal_solar_journey,civ.egyptian,ORIGIN,SUPPORTED,v0.7.0 source-located Egyptian baseline
event.greek.medea_restores_aeetes,civ.greek,ORIGIN,SUPPORTED,v0.9.0 source-located Greek baseline
event.greek.persephone_abduction,civ.greek,ORIGIN,SUPPORTED,Registered within the ancient Greek textual baseline
event.greek.titanomachy,civ.greek,ORIGIN_OR_ATTESTATION,SUPPORTED,
event.greek.zeus_typhon_battle,civ.greek,ORIGIN,SUPPORTED,"Text-tradition association, not historical existence"
event.norse.forging_divine_treasures,civ.norse,ORIGIN,SUPPORTED,"Text-tradition association, not historical existence"
event.norse.ragnarok,civ.norse,ORIGIN_OR_ATTESTATION,SUPPORTED,
event.sumerian.inanna_descent,civ.sumerian,ORIGIN_OR_ATTESTATION,SUPPORTED,
event.ugaritic.baal_yamm_ktu12,civ.ugaritic,ORIGIN,SUPPORTED,v0.6.0 witness-scoped baseline
event.vedic.indra_vritra_rv132,civ.vedic,ORIGIN,SUPPORTED,v0.6.0 witness-scoped baseline
festival.egyptian.opet,civ.egyptian,ORIGIN,SUPPORTED,v0.7.0 source-located Egyptian baseline
festival.greek.great_eleusinia,civ.greek,ORIGIN,SUPPORTED,v0.8.0 source-located Greek baseline
festival.japan.kamo_aoi,civ.japanese_shinto,ORIGIN,SUPPORTED,v0.10.0 source-scoped Japanese dossier
festival.yoruba.sango_oyo,civ.yoruba,ORIGIN,SUPPORTED,v0.6.0 witness-scoped baseline
group.egyptian.theban_triad,civ.egyptian,ORIGIN,SUPPORTED,v0.7.0 source-located Egyptian baseline
group.japanese.eight_thunder_kami,civ.japanese_shinto,ORIGIN,SUPPORTED,v0.6.0 witness-scoped baseline
hero.chinese.sun_wukong,civ.chinese_folk,ORIGIN_OR_ATTESTATION,SUPPORTED,
hero.chinese.yellow_emperor,civ.chinese_ancient,ORIGIN_OR_ATTESTATION,SUPPORTED,
hero.greek.aeetes,civ.greek,ORIGIN,SUPPORTED,v0.9.0 source-located Greek baseline
hero.greek.andromeda,civ.greek,ORIGIN,SUPPORTED,v0.9.0 source-located Greek baseline
hero.greek.medea,civ.greek,ORIGIN,SUPPORTED,v0.9.0 source-located Greek baseline
hero.greek.perses_perseus_son,civ.greek,ORIGIN,SUPPORTED,v0.9.0 source-located Greek baseline
hero.greek.perseus,civ.greek,ORIGIN,SUPPORTED,v0.9.0 source-located Greek baseline
hero.greek.triptolemos,civ.greek,ORIGIN,SUPPORTED,v0.8.0 source-located Greek baseline
hero.indian.arjuna,civ.hindu,ORIGIN_OR_ATTESTATION,SUPPORTED,
hero.irish.cu_chulainn,civ.irish,ORIGIN_OR_ATTESTATION,SUPPORTED,
hero.irish.fergus_mac_roich,civ.irish,ORIGIN_OR_ATTESTATION,SUPPORTED,
hero.japanese.yamato_takeru,civ.japanese_shinto,ORIGIN_OR_ATTESTATION,SUPPORTED,
hero.kiche.hunahpu,civ.maya,ORIGIN_OR_ATTESTATION,SUPPORTED,
hero.kiche.xbalanque,civ.maya,ORIGIN_OR_ATTESTATION,SUPPORTED,
hero.polynesian.maui,civ.polynesian,ORIGIN_OR_ATTESTATION,SUPPORTED,
historical.japan.tawaraya_sotatsu,civ.japanese_shinto,ORIGIN,SUPPORTED,v0.10.0 source-scoped Japanese dossier
institution.japan.kyoto_national_museum,civ.japanese_shinto,ORIGIN,SUPPORTED,v0.10.0 source-scoped Japanese dossier
institution.nam_athens,civ.greek,ORIGIN,SUPPORTED,v0.8.0 source-located Greek baseline
museum.babylon.flood_tablet_k3375,civ.assyrian,ORIGIN_OR_ATTESTATION,SUPPORTED,
museum.bm.khepri_hymn_stela_ea826,civ.egyptian,ORIGIN,SUPPORTED,v0.7.0 source-located Egyptian baseline
museum.egypt.papyrus_ani_frame3,civ.egyptian,ORIGIN_OR_ATTESTATION,SUPPORTED,
museum.greek.zeus_poseidon_met_21_88_52,civ.greek,ORIGIN_OR_ATTESTATION,SUPPORTED,
museum.japan.sotatsu_wind_thunder_screens,civ.japanese_shinto,ORIGIN,SUPPORTED,v0.10.0 source-scoped Japanese dossier
museum.met.amun_re_scarab_09_180_953,civ.egyptian,ORIGIN,SUPPORTED,v0.7.0 source-located Egyptian baseline
museum.met.eleusinian_relief_14_130_9,civ.greek,ORIGIN,SUPPORTED,v0.8.0 source-located Greek baseline
museum.met.nauny_book_dead_30_3_31,civ.egyptian,ORIGIN,SUPPORTED,v0.7.0 source-located Egyptian baseline
museum.met.ra_horakhty_amulet_74_51_4497,civ.egyptian,ORIGIN,SUPPORTED,v0.7.0 source-located Egyptian baseline
museum.met.ra_horakhty_stela_oc81,civ.egyptian,ORIGIN,SUPPORTED,v0.7.0 source-located Egyptian baseline
museum.nam.great_eleusinian_relief_126,civ.greek,ORIGIN,SUPPORTED,v0.8.0 source-located Greek baseline
museum.norse.mjolnir_rings,civ.norse,ORIGIN_OR_ATTESTATION,SUPPORTED,
museum.ugarit.baal_cycle_ao16643,civ.ugaritic,ORIGIN_OR_ATTESTATION,SUPPORTED,
museum.ugarit.baal_thunder_ao15775,civ.ugaritic,ORIGIN_OR_ATTESTATION,SUPPORTED,
place.norse.mimisbrunnr,civ.norse,ORIGIN,SUPPORTED,"Text-tradition association, not historical existence"
realm.egypt.duat,civ.egyptian,ORIGIN_OR_ATTESTATION,SUPPORTED,
realm.greek.tartarus,civ.greek,ORIGIN,SUPPORTED,"Text-tradition association, not historical existence"
realm.norse.valhalla,civ.norse,ORIGIN_OR_ATTESTATION,SUPPORTED,
realm.sumerian.kur,civ.sumerian,ORIGIN_OR_ATTESTATION,SUPPORTED,
ritual.greek.eleusinian_mysteries,civ.greek,ORIGIN,SUPPORTED,v0.8.0 source-located Greek baseline
ritual.japan.kamo_kurabeuma,civ.japanese_shinto,ORIGIN,SUPPORTED,v0.10.0 source-scoped Japanese dossier
site.bolivia.tiwanaku,civ.tiwanaku,ORIGIN_OR_ATTESTATION,SUPPORTED,
site.cambodia.angkor,civ.khmer,ORIGIN_OR_ATTESTATION,SUPPORTED,
site.celtic.groves_scope,civ.celtic,ORIGIN_OR_ATTESTATION,SUPPORTED,
site.celtic.hillforts_scope,civ.celtic,ORIGIN_OR_ATTESTATION,SUPPORTED,
site.chile.rapa_nui,civ.polynesian,ORIGIN_OR_ATTESTATION,SUPPORTED,
site.china.kunlun_scope,civ.chinese_ancient,ORIGIN_OR_ATTESTATION,SUPPORTED,
site.china.ritual_sites_scope,civ.chinese_ancient,ORIGIN_OR_ATTESTATION,SUPPORTED,
site.china.taishan,civ.chinese_ancient,ORIGIN_OR_ATTESTATION,SUPPORTED,
site.chinese.mogao_cave_285,civ.chinese_ancient,ORIGIN,SUPPORTED,v0.6.0 witness-scoped baseline
site.denmark.hedeby,civ.norse,ORIGIN_OR_ATTESTATION,SUPPORTED,
site.egypt.abu_simbel,civ.egyptian,ORIGIN_OR_ATTESTATION,SUPPORTED,
site.egypt.abydos,civ.egyptian,ORIGIN_OR_ATTESTATION,SUPPORTED,
site.egypt.dahshur,civ.egyptian,ORIGIN_OR_ATTESTATION,SUPPORTED,
site.egypt.dendera,civ.egyptian,ORIGIN_OR_ATTESTATION,SUPPORTED,
site.egypt.edfu,civ.egyptian,ORIGIN_OR_ATTESTATION,SUPPORTED,
site.egypt.giza,civ.egyptian,ORIGIN_OR_ATTESTATION,SUPPORTED,
site.egypt.karnak,civ.egyptian,ORIGIN_OR_ATTESTATION,SUPPORTED,
site.egypt.karnak_great_temple_amun_ra,civ.egyptian,ORIGIN,SUPPORTED,v0.7.0 source-located Egyptian baseline
site.egypt.luxor_temple,civ.egyptian,ORIGIN_OR_ATTESTATION,SUPPORTED,
site.egypt.philae,civ.egyptian,ORIGIN_OR_ATTESTATION,SUPPORTED,
site.egypt.saqqara,civ.egyptian,ORIGIN_OR_ATTESTATION,SUPPORTED,
site.egypt.valley_kings,civ.egyptian,ORIGIN_OR_ATTESTATION,SUPPORTED,
site.ethiopia.aksum,civ.ethiopian,ORIGIN_OR_ATTESTATION,SUPPORTED,
site.ethiopia.lalibela,civ.ethiopian,ORIGIN_OR_ATTESTATION,SUPPORTED,
site.greece.acropolis,civ.greek,ORIGIN_OR_ATTESTATION,SUPPORTED,
site.greece.delos,civ.greek,ORIGIN_OR_ATTESTATION,SUPPORTED,
site.greece.delphi,civ.greek,ORIGIN_OR_ATTESTATION,SUPPORTED,
site.greece.dodona,civ.greek,ORIGIN_OR_ATTESTATION,SUPPORTED,
site.greece.eleusis,civ.greek,ORIGIN_OR_ATTESTATION,SUPPORTED,
site.greece.eleusis_telesterion,civ.greek,ORIGIN,SUPPORTED,v0.8.0 source-located Greek baseline
site.greece.epidaurus,civ.greek,ORIGIN_OR_ATTESTATION,SUPPORTED,
site.greece.knossos,civ.minoan,ORIGIN_OR_ATTESTATION,SUPPORTED,
site.greece.mycenae,civ.mycenaean,ORIGIN_OR_ATTESTATION,SUPPORTED,
site.greece.olympia,civ.greek,ORIGIN_OR_ATTESTATION,SUPPORTED,
site.greece.sacred_way,civ.greek,ORIGIN,SUPPORTED,v0.8.0 source-located Greek baseline
site.guatemala.tikal,civ.maya,ORIGIN_OR_ATTESTATION,SUPPORTED,
site.iceland.sacred_scope,civ.norse,ORIGIN_OR_ATTESTATION,SUPPORTED,
site.india.elephanta,civ.hindu,ORIGIN_OR_ATTESTATION,SUPPORTED,
site.india.ellora,civ.hindu,ORIGIN_OR_ATTESTATION,SUPPORTED,
site.india.khajuraho,civ.hindu,ORIGIN_OR_ATTESTATION,SUPPORTED,
site.india.konark,civ.hindu,ORIGIN_OR_ATTESTATION,SUPPORTED,
site.india.varanasi,civ.hindu,ORIGIN_OR_ATTESTATION,SUPPORTED,
site.indonesia.borobudur,civ.buddhist,ORIGIN_OR_ATTESTATION,SUPPORTED,
site.indonesia.prambanan,civ.hindu,ORIGIN_OR_ATTESTATION,SUPPORTED,
site.iraq.ashur,civ.assyrian,ORIGIN_OR_ATTESTATION,SUPPORTED,
site.iraq.babylon,civ.babylonian,ORIGIN_OR_ATTESTATION,SUPPORTED,
site.iraq.eridu,civ.sumerian,ORIGIN_OR_ATTESTATION,SUPPORTED,
site.iraq.nineveh,civ.assyrian,ORIGIN_OR_ATTESTATION,SUPPORTED,
site.iraq.nippur,civ.sumerian,ORIGIN_OR_ATTESTATION,SUPPORTED,
site.iraq.ur,civ.sumerian,ORIGIN_OR_ATTESTATION,SUPPORTED,
site.iraq.uruk,civ.sumerian,ORIGIN_OR_ATTESTATION,SUPPORTED,
site.italy.pompeii,civ.roman,ORIGIN_OR_ATTESTATION,SUPPORTED,
site.italy.rome,civ.roman,ORIGIN_OR_ATTESTATION,SUPPORTED,
site.japan.kamigamo_jinja,civ.japanese_shinto,ORIGIN,SUPPORTED,v0.10.0 source-scoped Japanese dossier
site.japan.shrines_scope,civ.japanese_shinto,ORIGIN_OR_ATTESTATION,SUPPORTED,
site.mexico.chichen_itza,civ.maya,ORIGIN_OR_ATTESTATION,SUPPORTED,
site.mexico.monte_alban,civ.zapotec,ORIGIN_OR_ATTESTATION,SUPPORTED,
site.mexico.palenque,civ.maya,ORIGIN_OR_ATTESTATION,SUPPORTED,
site.mexico.tenochtitlan,civ.mexica,ORIGIN_OR_ATTESTATION,SUPPORTED,
site.micronesia.nan_madol,civ.micronesian,ORIGIN_OR_ATTESTATION,SUPPORTED,
site.nigeria.ife,civ.yoruba,ORIGIN_OR_ATTESTATION,SUPPORTED,
site.norse.runestones_scope,civ.norse,ORIGIN_OR_ATTESTATION,SUPPORTED,
site.peru.cusco,civ.inca,ORIGIN_OR_ATTESTATION,SUPPORTED,
site.peru.machu_picchu,civ.inca,ORIGIN_OR_ATTESTATION,SUPPORTED,
site.peru.nazca,civ.nazca,ORIGIN_OR_ATTESTATION,SUPPORTED,
site.polynesia.taputapuatea,civ.polynesian,ORIGIN_OR_ATTESTATION,SUPPORTED,
site.sweden.birka,civ.norse,ORIGIN_OR_ATTESTATION,SUPPORTED,
site.sweden.uppsala,civ.norse,ORIGIN_OR_ATTESTATION,SUPPORTED,
site.syria.mari,civ.akkadian,ORIGIN_OR_ATTESTATION,SUPPORTED,
site.syria.ugarit,civ.ugaritic,ORIGIN_OR_ATTESTATION,SUPPORTED,
site.tibet.kailash,civ.tibetan,ORIGIN_OR_ATTESTATION,SUPPORTED,
site.yoruba.koso_temple,civ.yoruba,ORIGIN,SUPPORTED,v0.6.0 witness-scoped baseline
site.zimbabwe.great_zimbabwe,civ.southern_african,ORIGIN_OR_ATTESTATION,SUPPORTED,
text.africa.epics,civ.west_african,ORIGIN_OR_ATTESTATION,SUPPORTED,
text.akkadian.adapa,civ.akkadian,ORIGIN_OR_ATTESTATION,SUPPORTED,
text.akkadian.anzu,civ.akkadian,ORIGIN_OR_ATTESTATION,SUPPORTED,
text.akkadian.erra_epic,civ.akkadian,ORIGIN_OR_ATTESTATION,SUPPORTED,
text.akkadian.etana,civ.akkadian,ORIGIN_OR_ATTESTATION,SUPPORTED,
text.andean.huarochiri,civ.andean,ORIGIN_OR_ATTESTATION,SUPPORTED,
text.babylonian.atrahasis,civ.babylonian,ORIGIN_OR_ATTESTATION,SUPPORTED,
text.babylonian.enuma_elish,civ.babylonian,ORIGIN_OR_ATTESTATION,SUPPORTED,
text.buddhist.corpus,civ.buddhist,ORIGIN_OR_ATTESTATION,SUPPORTED,
text.central_asian.epics,civ.central_asian,ORIGIN_OR_ATTESTATION,SUPPORTED,
text.chinese.buddhist_translations,civ.buddhist,ORIGIN_OR_ATTESTATION,SUPPORTED,
text.chinese.chuci,civ.chinese_ancient,ORIGIN_OR_ATTESTATION,SUPPORTED,
text.chinese.daoist_corpus,civ.daoist,ORIGIN_OR_ATTESTATION,SUPPORTED,
text.chinese.fengshen_yanyi,civ.chinese_folk,ORIGIN_OR_ATTESTATION,SUPPORTED,
text.chinese.folk_archives,civ.chinese_folk,ORIGIN_OR_ATTESTATION,SUPPORTED,
text.chinese.han_shu_wuxing_zhi,civ.chinese_ancient,ORIGIN,SUPPORTED,"Text-tradition association, not historical existence"
text.chinese.hong_fan,civ.chinese_ancient,ORIGIN,SUPPORTED,"Text-tradition association, not historical existence"
text.chinese.huainanzi,civ.chinese_ancient,ORIGIN_OR_ATTESTATION,SUPPORTED,
text.chinese.local_gazetteers,civ.chinese_local,ORIGIN_OR_ATTESTATION,SUPPORTED,
text.chinese.lunheng,civ.chinese_ancient,ORIGIN,SUPPORTED,v0.6.0 witness-scoped baseline
text.chinese.mutianzizhuan,civ.chinese_ancient,ORIGIN_OR_ATTESTATION,SUPPORTED,
text.chinese.shang_shu,civ.chinese_ancient,ORIGIN,SUPPORTED,"Text-tradition association, not historical existence"
text.chinese.shangshu,civ.chinese_ancient,ORIGIN_OR_ATTESTATION,SUPPORTED,
text.chinese.shanhaijing,civ.chinese_ancient,ORIGIN_OR_ATTESTATION,SUPPORTED,
text.chinese.shiji_ancient,civ.chinese_ancient,ORIGIN_OR_ATTESTATION,SUPPORTED,
text.chinese.soushenji,civ.chinese_folk,ORIGIN_OR_ATTESTATION,SUPPORTED,
text.chinese.tianwen,civ.chinese_ancient,ORIGIN_OR_ATTESTATION,SUPPORTED,
text.chinese.xiyouji,civ.chinese_folk,ORIGIN_OR_ATTESTATION,SUPPORTED,
text.egypt.amduat,civ.egyptian,ORIGIN_OR_ATTESTATION,SUPPORTED,
text.egypt.book_caverns,civ.egyptian,ORIGIN_OR_ATTESTATION,SUPPORTED,
text.egypt.book_dead,civ.egyptian,ORIGIN_OR_ATTESTATION,SUPPORTED,
text.egypt.book_dead_spell17,civ.egyptian,ORIGIN,SUPPORTED,v0.7.0 source-located Egyptian baseline
text.egypt.book_gates,civ.egyptian,ORIGIN_OR_ATTESTATION,SUPPORTED,
text.egypt.coffin_texts,civ.egyptian,ORIGIN_OR_ATTESTATION,SUPPORTED,
text.egypt.litany_re,civ.egyptian,ORIGIN_OR_ATTESTATION,SUPPORTED,
text.egypt.memphite_theology,civ.egyptian,ORIGIN_OR_ATTESTATION,SUPPORTED,
text.egypt.pyramid_texts,civ.egyptian,ORIGIN_OR_ATTESTATION,SUPPORTED,
text.egypt.temple_tomb_inscriptions,civ.egyptian,ORIGIN_OR_ATTESTATION,SUPPORTED,
text.greek.apollodorus_library,civ.greek,ORIGIN,SUPPORTED,v0.9.0 source-located Greek baseline
text.greek.argonautica,civ.greek,ORIGIN_OR_ATTESTATION,SUPPORTED,
text.greek.bibliotheca,civ.greek,ORIGIN_OR_ATTESTATION,SUPPORTED,
text.greek.diodorus_library,civ.greek,ORIGIN,SUPPORTED,v0.9.0 source-located Greek baseline
text.greek.herodotus_histories,civ.greek,ORIGIN,SUPPORTED,v0.9.0 source-located Greek baseline
text.greek.homeric_hymn_aphrodite_5,civ.greek,ORIGIN,SUPPORTED,Registered within the ancient Greek textual baseline
text.greek.homeric_hymn_apollo_3,civ.greek,ORIGIN,SUPPORTED,Registered within the ancient Greek textual baseline
text.greek.homeric_hymn_ares_8,civ.greek,ORIGIN,SUPPORTED,Registered within the ancient Greek textual baseline
text.greek.homeric_hymn_artemis_27,civ.greek,ORIGIN,SUPPORTED,Registered within the ancient Greek textual baseline
text.greek.homeric_hymn_athena_28,civ.greek,ORIGIN,SUPPORTED,Registered within the ancient Greek textual baseline
text.greek.homeric_hymn_demeter,civ.greek,ORIGIN,SUPPORTED,Registered from the Greek textual baseline; comparative concepts remain navigation aids only
text.greek.homeric_hymn_dionysus_7,civ.greek,ORIGIN,SUPPORTED,Registered within the ancient Greek textual baseline
text.greek.homeric_hymn_helios_31,civ.greek,ORIGIN,SUPPORTED,Registered from the Greek textual baseline; comparative concepts remain navigation aids only
text.greek.homeric_hymn_hephaestus_20,civ.greek,ORIGIN,SUPPORTED,Registered within the ancient Greek textual baseline
text.greek.homeric_hymn_hermes_4,civ.greek,ORIGIN,SUPPORTED,Registered within the ancient Greek textual baseline
text.greek.homeric_hymn_hestia_29,civ.greek,ORIGIN,SUPPORTED,Registered from the Greek textual baseline; comparative concepts remain navigation aids only
text.greek.homeric_hymn_poseidon_22,civ.greek,ORIGIN,SUPPORTED,Registered within the ancient Greek textual baseline
text.greek.homeric_hymn_selene_32,civ.greek,ORIGIN,SUPPORTED,Registered from the Greek textual baseline; comparative concepts remain navigation aids only
text.greek.homeric_hymns,civ.greek,ORIGIN_OR_ATTESTATION,SUPPORTED,
text.greek.ieleusis97,civ.greek,ORIGIN,SUPPORTED,v0.8.0 source-located Greek baseline
text.greek.iliad,civ.greek,ORIGIN_OR_ATTESTATION,SUPPORTED,
text.greek.inscriptions,civ.greek,ORIGIN_OR_ATTESTATION,SUPPORTED,
text.greek.odyssey,civ.greek,ORIGIN_OR_ATTESTATION,SUPPORTED,
text.greek.orphic_hymns,civ.greek,ORIGIN_OR_ATTESTATION,SUPPORTED,
text.greek.theogony,civ.greek,ORIGIN_OR_ATTESTATION,SUPPORTED,
text.greek.tragedies,civ.greek,ORIGIN_OR_ATTESTATION,SUPPORTED,
text.greek.works_days,civ.greek,ORIGIN_OR_ATTESTATION,SUPPORTED,
text.hawaiian.kumulipo,civ.hawaiian,ORIGIN_OR_ATTESTATION,SUPPORTED,
text.hindu.puranas,civ.hindu,ORIGIN_OR_ATTESTATION,SUPPORTED,
text.hindu.upanishads,civ.hindu,ORIGIN_OR_ATTESTATION,SUPPORTED,
text.indian.bhagavad_gita,civ.hindu,ORIGIN_OR_ATTESTATION,SUPPORTED,
text.indian.mahabharata,civ.hindu,ORIGIN_OR_ATTESTATION,SUPPORTED,
text.indian.ramayana,civ.hindu,ORIGIN_OR_ATTESTATION,SUPPORTED,
text.indian.regional_epics,civ.indian_regional,ORIGIN_OR_ATTESTATION,SUPPORTED,
text.jain.corpus,civ.jain,ORIGIN_OR_ATTESTATION,SUPPORTED,
text.japanese.fudoki,civ.japanese_shinto,ORIGIN_OR_ATTESTATION,SUPPORTED,
text.japanese.kojiki,civ.japanese_shinto,ORIGIN_OR_ATTESTATION,SUPPORTED,
text.japanese.local_legends,civ.japanese_shinto,ORIGIN_OR_ATTESTATION,SUPPORTED,
text.japanese.manyoshu,civ.japanese_shinto,ORIGIN_OR_ATTESTATION,SUPPORTED,
text.japanese.nihon_shoki,civ.japanese_shinto,ORIGIN_OR_ATTESTATION,SUPPORTED,
text.japanese.shrine_engisho,civ.japanese_shinto,ORIGIN_OR_ATTESTATION,SUPPORTED,
text.kiche.popol_vuh,civ.maya,ORIGIN_OR_ATTESTATION,SUPPORTED,
text.maori.creation_traditions,civ.maori,ORIGIN_OR_ATTESTATION,SUPPORTED,
text.maya.dresden_codex,civ.maya,ORIGIN_OR_ATTESTATION,SUPPORTED,
text.maya.madrid_codex,civ.maya,ORIGIN_OR_ATTESTATION,SUPPORTED,
text.maya.paris_codex,civ.maya,ORIGIN_OR_ATTESTATION,SUPPORTED,
text.mesoamerica.codex_borgia,civ.mesoamerican,ORIGIN_OR_ATTESTATION,SUPPORTED,
text.mesopotamia.gilgamesh,civ.babylonian,ORIGIN_OR_ATTESTATION,SUPPORTED,
text.mexica.codex_mendoza,civ.mexica,ORIGIN_OR_ATTESTATION,SUPPORTED,
text.mexica.florentine_codex,civ.mexica,ORIGIN_OR_ATTESTATION,SUPPORTED,
text.mongol.epics,civ.mongol,ORIGIN_OR_ATTESTATION,SUPPORTED,
text.norse.grimnismal,civ.norse,ORIGIN_OR_ATTESTATION,SUPPORTED,
text.norse.gylfaginning,civ.norse,ORIGIN_OR_ATTESTATION,SUPPORTED,
text.norse.havamal,civ.norse,ORIGIN_OR_ATTESTATION,SUPPORTED,
text.norse.lokasenna,civ.norse,ORIGIN_OR_ATTESTATION,SUPPORTED,
text.norse.poetic_edda,civ.norse,ORIGIN_OR_ATTESTATION,SUPPORTED,
text.norse.prose_edda,civ.norse,ORIGIN_OR_ATTESTATION,SUPPORTED,
text.norse.runic_corpus,civ.norse,ORIGIN_OR_ATTESTATION,SUPPORTED,
text.norse.sagas,civ.norse,ORIGIN_OR_ATTESTATION,SUPPORTED,
text.norse.skaldskaparmal,civ.norse,ORIGIN_OR_ATTESTATION,SUPPORTED,
text.norse.thrymskvida,civ.norse,ORIGIN_OR_ATTESTATION,SUPPORTED,
text.norse.vafthrudnismal,civ.norse,ORIGIN_OR_ATTESTATION,SUPPORTED,
text.norse.voluspa,civ.norse,ORIGIN_OR_ATTESTATION,SUPPORTED,
text.persian.shahnameh,civ.persian,ORIGIN_OR_ATTESTATION,SUPPORTED,
text.polynesia.creation_chants,civ.polynesian,ORIGIN_OR_ATTESTATION,SUPPORTED,
text.roman.aeneid,civ.roman,ORIGIN_OR_ATTESTATION,SUPPORTED,
text.roman.metamorphoses,civ.roman,ORIGIN_OR_ATTESTATION,SUPPORTED,
text.slavic.primary_chronicle,civ.slavic,ORIGIN,SUPPORTED,v0.6.0 witness-scoped baseline
text.sumerian.enki_ninhursag,civ.sumerian,ORIGIN_OR_ATTESTATION,SUPPORTED,
text.sumerian.enki_world_order,civ.sumerian,ORIGIN_OR_ATTESTATION,SUPPORTED,
text.sumerian.inanna_descent,civ.sumerian,ORIGIN_OR_ATTESTATION,SUPPORTED,
text.sumerian.king_list,civ.sumerian,ORIGIN_OR_ATTESTATION,SUPPORTED,
text.turkic.inscriptions,civ.turkic,ORIGIN_OR_ATTESTATION,SUPPORTED,
text.ugaritic.baal_cycle,civ.ugaritic,ORIGIN_OR_ATTESTATION,SUPPORTED,
text.vedic.aranyakas,civ.vedic,ORIGIN_OR_ATTESTATION,SUPPORTED,
text.vedic.atharvaveda,civ.vedic,ORIGIN_OR_ATTESTATION,SUPPORTED,
text.vedic.brahmanas,civ.vedic,ORIGIN_OR_ATTESTATION,SUPPORTED,
text.vedic.rigveda,civ.vedic,ORIGIN_OR_ATTESTATION,SUPPORTED,
text.vedic.samaveda,civ.vedic,ORIGIN_OR_ATTESTATION,SUPPORTED,
text.vedic.yajurveda,civ.vedic,ORIGIN_OR_ATTESTATION,SUPPORTED,
text.yoruba.ifa_corpus,civ.ifa,ORIGIN_OR_ATTESTATION,SUPPORTED,
text.zoroastrian.avesta,civ.zoroastrian,ORIGIN_OR_ATTESTATION,SUPPORTED,
text.zoroastrian.bundahishn,civ.zoroastrian,ORIGIN_OR_ATTESTATION,SUPPORTED,
text.zoroastrian.denkard,civ.zoroastrian,ORIGIN_OR_ATTESTATION,SUPPORTED,
weapon.arthurian.excalibur,civ.celtic,ORIGIN_OR_ATTESTATION,SUPPORTED,
weapon.babylonian.marduk_bow,civ.babylonian,ORIGIN_OR_ATTESTATION,SUPPORTED,
weapon.chinese.ruyi_jingu_bang,civ.chinese_folk,ORIGIN_OR_ATTESTATION,SUPPORTED,
weapon.chinese.xuanyuan_sword,civ.chinese_folk,ORIGIN_OR_ATTESTATION,SUPPORTED,
weapon.greek.apollo_bow,civ.greek,ORIGIN_OR_ATTESTATION,SUPPORTED,
weapon.greek.artemis_bow,civ.greek,ORIGIN_OR_ATTESTATION,SUPPORTED,
weapon.greek.poseidon_trident,civ.greek,ORIGIN_OR_ATTESTATION,SUPPORTED,
weapon.greek.zeus_thunderbolt,civ.greek,ORIGIN_OR_ATTESTATION,SUPPORTED,
weapon.hindu.pashupatastra,civ.hindu,ORIGIN_OR_ATTESTATION,SUPPORTED,
weapon.hindu.sudarshana_chakra,civ.hindu,ORIGIN_OR_ATTESTATION,SUPPORTED,
weapon.hindu.trishula,civ.hindu,ORIGIN_OR_ATTESTATION,SUPPORTED,
weapon.indian.brahmastra,civ.hindu,ORIGIN_OR_ATTESTATION,SUPPORTED,
weapon.indian.gandiva,civ.hindu,ORIGIN_OR_ATTESTATION,SUPPORTED,
weapon.irish.caladbolg,civ.irish,ORIGIN_OR_ATTESTATION,SUPPORTED,
weapon.irish.fragarach,civ.irish,ORIGIN_OR_ATTESTATION,SUPPORTED,
weapon.irish.gae_bulg,civ.irish,ORIGIN_OR_ATTESTATION,SUPPORTED,
weapon.japanese.amenonuhoko,civ.japanese_shinto,ORIGIN_OR_ATTESTATION,SUPPORTED,
weapon.japanese.kusanagi,civ.japanese_shinto,ORIGIN_OR_ATTESTATION,SUPPORTED,
weapon.norse.freyr_sword,civ.norse,ORIGIN_OR_ATTESTATION,SUPPORTED,
weapon.norse.gram,civ.norse,ORIGIN_OR_ATTESTATION,SUPPORTED,
weapon.norse.gungnir,civ.norse,ORIGIN_OR_ATTESTATION,SUPPORTED,
weapon.norse.mjolnir,civ.norse,ORIGIN_OR_ATTESTATION,SUPPORTED,
weapon.norse.tyrfing,civ.norse,ORIGIN_OR_ATTESTATION,SUPPORTED,
weapon.ugaritic.ayyamur,civ.ugaritic,ORIGIN,SUPPORTED,v0.6.0 witness-scoped baseline
weapon.ugaritic.yagrush,civ.ugaritic,ORIGIN,SUPPORTED,v0.6.0 witness-scoped baseline
weapon.vedic.vajra,civ.vedic,ORIGIN_OR_ATTESTATION,SUPPORTED,
