code,label_en,label_zh,parent_code,description
ANCESTOR_DEITY,Ancestor deity,祖先神,DEITY,
ARCHAEOLOGICAL_SITE,Archaeological site,考古遗址,PLACE,
ARMOR,Armor,铠甲,ARTIFACT,
ARTIFACT,Artifact,神器／宝物,ENTITY,
CHARIOT,Chariot,战车,ARTIFACT,
CONCEPT,Concept,概念,ENTITY,
COSMOLOGY,Cosmology,宇宙结构,ENTITY,
CREATURE,Creature,生物,ENTITY,
CROWN,Crown,王冠,ARTIFACT,
DEITY,Deity,神祇,ENTITY,
DEMIGOD,Demigod,半神,PERSON,
DEMON,Demon,恶魔,CREATURE,
DIVINE_BEAST,Divine beast,神兽,CREATURE,
DRAGON,Dragon,龙,CREATURE,
DWARF,Dwarf,矮人／侏儒,CREATURE,Culture-specific small supernatural smith or being; do not equate globally by size alone.
ELEMENT,Element,元素,ENTITY,
ENTITY,Entity,实体,,
EPIC,Epic,史诗,TEXT,
EVENT,Mythic event,神话事件,ENTITY,
FESTIVAL,Festival,节庆,RITUAL,
GIANT,Giant,巨人,CREATURE,
HERO,Hero,英雄,PERSON,
HISTORICAL_FIGURE,Historical figure,历史人物,PERSON,
INSCRIPTION,Inscription,铭文,TEXT,
INSTITUTION,Institution,机构,ENTITY,
MANUSCRIPT,Manuscript,手稿,TEXT,
MODERN_WORK,Modern work,现代作品,ENTITY,
MONSTER,Monster,怪物,CREATURE,
MONUMENT,Monument,古迹／纪念建筑,ARCHAEOLOGICAL_SITE,
MOUNT,Mount,坐骑,ARTIFACT,
MUSEUM_OBJECT,Museum object,博物馆藏品,ENTITY,
MYTH,Myth narrative,神话故事,ENTITY,
MYTHICAL_PLACE,Mythical place,神话地点,PLACE,
ORAL_TRADITION,Oral tradition,口述传统,TEXT,
PAPYRUS,Papyrus,纸草,TEXT,
PERSON,Person,人物,ENTITY,
PLACE,Place,地点,ENTITY,
POWER,Power,力量,ENTITY,
PRIMORDIAL_DEITY,Primordial deity,原初神,DEITY,
PYRAMID,Pyramid,金字塔,ARCHAEOLOGICAL_SITE,
REALM,Realm,世界／界域,PLACE,
RING,Ring,戒指,ARTIFACT,
RITUAL,Ritual,祭祀／仪式,ENTITY,
SACRED_OBJECT,Sacred object,圣物,ARTIFACT,
SCEPTER,Scepter,权杖,ARTIFACT,
SCRIPTURE,Scripture,经文,TEXT,
SHIP,Ship,船,ARTIFACT,
SPIRIT,Spirit,精灵／灵体,CREATURE,
TABLET,Tablet,泥板,TEXT,
TEMPLE,Temple,神庙,ARCHAEOLOGICAL_SITE,
TEXT,Text,古籍／文献,ENTITY,
TOMB,Tomb,墓葬,ARCHAEOLOGICAL_SITE,
UNDEAD,Undead,亡灵,CREATURE,
WEAPON,Weapon,武器,ARTIFACT,
