feature_code,title_zh,title_en,feature_group,data_basis,evidence_caveat,status,introduced_in,display_order,updated_at,notes
ACCESS_POLICY,活态传统权限,Living-tradition access policy,GOVERNANCE,tradition_access_policies access levels and public governance scope,Public visibility never grants permission to collect restricted or initiatory knowledge.,ACTIVE,0.24.0,100,2026-08-27T17:00:00Z,
CONFLICT_VIEWER,冲突查看器,Conflict viewer,EVIDENCE,conflicts with linked claim statements,Open and resolved-as-variants records remain visible; no forced single answer is produced.,ACTIVE,0.24.0,60,2026-08-27T17:00:00Z,
COVERAGE_HEATMAP,覆盖热图,Coverage heatmap,QUALITY,"canonical entities, claims, evidence, conflicts and civilization membership","Coverage is a research-density indicator, never a completeness score or measure of cultural importance.",ACTIVE,0.24.0,80,2026-08-27T17:00:00Z,
EVIDENCE_FILTERS,证据层筛选,Evidence-layer filters,EVIDENCE,"claims assertion_scope, knowledge_layer, review_status and evidence evidence_type",Filters expose recorded labels; they do not upgrade uncertain evidence.,ACTIVE,0.24.0,50,2026-08-27T17:00:00Z,
QUEUE_PROGRESS,队列进度,Queue progress,WORKFLOW,collection_queue status and priority,"BASELINE_COMPLETE marks a bounded target checkpoint, not an all-complete tradition.",ACTIVE,0.24.0,90,2026-08-27T17:00:00Z,
RELEASE_TIMELINE,版本时间线,Release timeline,TIME,"dataset_releases built_at, schema_version and data_version",The timeline dates database releases; free-text mythic periods are not forced onto a modern absolute chronology.,ACTIVE,0.24.0,20,2026-08-27T17:00:00Z,
SOURCE_QUALITY,来源质量面板,Source quality panel,QUALITY,"sources evidence_tier, verification_status, source_type and rights_status","Counts describe registered source metadata, not a universal ranking of traditions.",ACTIVE,0.24.0,70,2026-08-27T17:00:00Z,
STORY_LIBRARY,神话故事阅读库,Myth story reading library,READING,"stories, story_versions, story_sections, story_claim_links, story_entity_links and source metadata",Every section is an independent summary scoped to a named witness; gaps and variants remain visible.,ACTIVE,0.25.0,15,2026-08-29T10:00:00Z,Initial cross-civilization reading release with 21 stories and 23 witness versions.
VERSION_COMPARISON,版本比较,Version comparison,COMPARISON,dataset_releases and conflicts,Release metadata comparison does not imply that historical coverage is complete.,ACTIVE,0.24.0,40,2026-08-27T17:00:00Z,
WITNESS_GRAPH,见证图,Witness graph,NETWORK,"claims, evidence and sources connected to canonical entities","A graph edge means an explicit database link, not common origin or identity.",ACTIVE,0.24.0,30,2026-08-27T17:00:00Z,
WORLD_MAP,证据地图,Evidence map,ORIENTATION,place_profiles latitude/longitude joined to canonical entities,Only real places with explicit coordinates and a non-baseline evidence grade are plotted; missing coordinates are not inferred.,LIMITED,0.24.0,10,2026-08-27T17:00:00Z,The initial coordinate-backed layer is intentionally sparse.
deity_story_cards,神祇故事卡,Deity story cards,STORY_READING,"Build-time cards for every deity-classified entity: linked story versions, evidence-backed claim beats and access policies.","A card never adds facts: each beat is an existing claim with evidence, and permission-limited deities show their boundary instead of a story.",ACTIVE,v0.31.0,330,2026-10-09T03:00:00Z,"Sealed: 184 deity cards — 111 linked to full stories, 71 evidence cards, 2 permission-limited."
global_story_expansion_audit,全球故事扩张审计,Global story expansion audit,STORY_READING,story_expansion_batches and story_expansion_targets,Target failures and permission blocks remain visible and do not imply failure or completion for another tradition.,ACTIVE,v0.28.0,290,2026-09-01T12:05:39Z,"The sealed checkpoint contains Maya, Japanese and Khmer stories; China and India remain queued, while Māori and Yorùbá are permission-gated."
offline_story_archive,离线故事档案,Offline story archive,STORY_READING,Generated from the same browser-safe story snapshot used by the public explorer.,"The archive preserves source, locator, evidence-note and rights boundaries; it does not reproduce evidence short quotes.",ACTIVE,v0.29.0,310,2026-09-02T03:15:59Z,"Sealed self-contained HTML and JSON remain searchable, bilingual and print-friendly while preserving source and rights boundaries."
reader_local_state,本机阅读工具,On-device reader tools,STORY_READING,"Versioned browser localStorage containing bookmarks, section progress and presentation settings only.","Local state is not evidence and never enters SQLite, JSONL, CSV or the public snapshot.",ACTIVE,v0.29.0,300,2026-09-02T03:15:59Z,"Sealed on-device reader tools use a versioned localStorage key; no account, telemetry or cloud synchronization is introduced."
story_expansion_batch_history,扩张批次历史,Expansion batch history,STORY_READING,"All rows of story_expansion_batches with their targets, newest first.",Earlier sealed batches stay unchanged; a later batch can complete a target that an earlier batch recorded as queued.,ACTIVE,v0.30.0,320,2026-10-02T06:30:00Z,"Sealed: the story library switches between the sealed v0.28 and v0.30 batch audits, newest first."
story_witness_comparison,原典见证对读,Witness-by-witness comparison,STORY_READING,"story_witness_profiles, story_witness_comparisons and comparison members","Alignment is editorial navigation. NOT_STATED and UNMODELED are explicit gaps, not negative claims.",ACTIVE,v0.27.0,280,2026-08-31T23:05:00Z,First batch covers Aphrodite origins and Ask/Embla creator triads.
storyteller_mode,讲故事模式,Storyteller mode,STORY_READING,"Full-screen, one-beat-at-a-time presentation of story sections and deity-card beats from the public snapshot.",Source notes and uncertainty notes stay one tap away on every beat.,ACTIVE,v0.31.0,340,2026-10-09T00:30:00Z,"Keyboard, swipe and on-screen controls; preferences stay on the device."
