id,canonical_name,name_zh,iso_639_3,script_name,historical_stage,notes
lang.akk,Akkadian,阿卡德语,akk,Cuneiform,,
lang.ave,Avestan,阿维斯陀语,ave,Avestan,,
lang.egy,Egyptian,古埃及语,egy,Hieroglyphic/Hieratic/Demotic,,
lang.en,English,英语,eng,Latin,,
lang.gle,Irish,爱尔兰语,gle,Latin/Ogham,,
lang.grc,Ancient Greek,古希腊语,grc,Greek,,
lang.haw,Hawaiian,夏威夷语,haw,Latin,,
lang.jpn,Japanese,日语,jpn,Kanji/Kana,,
lang.lat,Latin,拉丁语,lat,Latin,,
lang.lzh,Classical Chinese,文言文,lzh,Han,,
lang.mai,Māori,毛利语,mri,Latin,,
lang.myn,Mayan languages,玛雅语言,myn,Maya script/Latin,,
lang.nci,Classical Nahuatl,古典纳瓦特尔语,nci,Latin/Pictorial,,
lang.non,Old Norse,古诺斯语,non,Runic/Latin,,
lang.ojp,Old Japanese,上代日语,ojp,Man'yōgana,,
lang.pal,Middle Persian,中古波斯语,pal,Pahlavi,,
lang.san,Sanskrit,梵语,san,Multiple,,
lang.sux,Sumerian,苏美尔语,sux,Cuneiform,,
lang.uga,Ugaritic,乌加里特语,uga,Ugaritic cuneiform,,
lang.yrb,Yoruba,约鲁巴语,yor,Latin,,
lang.zh,Chinese,中文,zho,Han,,
