entity_id,holding_institution,catalogue_number,object_type,provenance,date_range,acquisition_notes
museum.babylon.flood_tablet_k3375,British Museum,K.3375,CUNEIFORM_TABLET,,,
museum.bm.khepri_hymn_stela_ea826,British Museum,EA826,Stela with solar hymn,Egypt,,Catalogue record retained
museum.egypt.papyrus_ani_frame3,British Museum,"EA10470,3",PAPYRUS,,,
museum.greek.zeus_poseidon_met_21_88_52,Metropolitan Museum of Art,21.88.52,BRONZE_STATUETTE,,,
museum.japan.sotatsu_wind_thunder_screens,Kyoto National Museum catalogue; owned by Kennin-ji Temple,National Treasure; Kennin-ji pair,PAIR_OF_TWO_FOLD_SCREENS,"Kennin-ji Temple, Kyoto","Edo period, 17th century",Official catalogue states ink and color on gold-foiled paper; no image is packaged.
museum.met.amun_re_scarab_09_180_953,The Metropolitan Museum of Art,09.180.953,Faience scarab,Lisht North cemetery debris; MMA excavations,ca. 1300-1080 BCE,"Rogers Fund, 1909"
museum.met.eleusinian_relief_14_130_9,The Metropolitan Museum of Art,14.130.9,MARBLE_RELIEF_FRAGMENTS,"Roman copy fragments, set in a cast of the Greek original",ca. 27 BCE-14 CE,Official museum catalogue; public-domain object media is not packaged.
museum.met.nauny_book_dead_30_3_31,The Metropolitan Museum of Art,30.3.31,"Papyrus, paint","Thebes, Deir el-Bahri, Tomb TT358",ca. 1050 BCE,"MMA excavations, 1928-29; Rogers Fund, 1930"
museum.met.ra_horakhty_amulet_74_51_4497,The Metropolitan Museum of Art,74.51.4497,Faience amulet,Egypt,664-334 BCE,"Cesnola Collection, purchased by subscription, 1874-76"
museum.met.ra_horakhty_stela_oc81,The Metropolitan Museum of Art,O.C.81,Wooden stela with gesso and paint,Egypt,ca. 721-664 BCE,"Gift of James Douglas, 1890"
museum.nam.great_eleusinian_relief_126,"National Archaeological Museum, Athens",126,MARBLE_RELIEF,Found at Eleusis,ca. 440-430 BCE,Official museum collection record; images not packaged.
museum.norse.mjolnir_rings,Swedish History Museum,107837_HST; 108686_HST,AMULET_COLLECTION,,,
museum.ugarit.baal_cycle_ao16643,Musée du Louvre,AO 16643 / RS 3.361 / KTU 1.1,CUNEIFORM_TABLET,,,
museum.ugarit.baal_thunder_ao15775,Musée du Louvre,AO 15775 / RS 4.427,STELE,,,
