entity_id,place_type,ancient_name,modern_name,country_code,latitude,longitude,date_range,builders,architecture_summary,excavation_summary,major_finds_summary,unesco_status,reality_status,evidence_grade
museum.ugarit.baal_thunder_ao15775,MONUMENT,,,,,,,,,,,,REAL_ARCHAEOLOGICAL,UNASSESSED
place.norse.mimisbrunnr,MYTHICAL_WELL,Mímisbrunnr,,,,,Mythic time,,,,,,MYTHICAL,TEXTUAL
realm.egypt.duat,REALM,,,,,,,,,,,,MYTHICAL,UNASSESSED
realm.greek.tartarus,MYTHICAL_REALM,Τάρταρος,,,,,Mythic time,,,,,,MYTHICAL,TEXTUAL
realm.norse.valhalla,REALM,,,,,,,,,,,,MYTHICAL,UNASSESSED
realm.sumerian.kur,REALM,,,,,,,,,,,,MYTHICAL,UNASSESSED
site.bolivia.tiwanaku,ANCIENT_CITY,,,BO,,,,,,,,World Heritage,REAL_ARCHAEOLOGICAL,BASELINE_METADATA
site.cambodia.angkor,TEMPLE_CITY,,,KH,,,,,,,,World Heritage,REAL_ARCHAEOLOGICAL,BASELINE_METADATA
site.celtic.groves_scope,COLLECTION_SCOPE,,,,,,,,,,,,MIXED,BASELINE_METADATA
site.celtic.hillforts_scope,COLLECTION_SCOPE,,,,,,,,,,,,REAL_ARCHAEOLOGICAL,BASELINE_METADATA
site.chile.rapa_nui,CULTURAL_LANDSCAPE,,,CL,,,,,,,,World Heritage,REAL_ARCHAEOLOGICAL,BASELINE_METADATA
site.china.kunlun_scope,MYTH_GEOGRAPHY_SCOPE,,,CN,,,,,,,,,MIXED,BASELINE_METADATA
site.china.ritual_sites_scope,COLLECTION_SCOPE,,,CN,,,,,,,,,REAL_ARCHAEOLOGICAL,BASELINE_METADATA
site.china.taishan,SACRED_MOUNTAIN,,,CN,,,,,,,,World Heritage 437,REAL_SACRED,BASELINE_METADATA
site.chinese.mogao_cave_249,CAVE_TEMPLE_COMPONENT,莫高窟第249窟,Mogao Cave 249,CN,,,Western Wei,,Individual rock-cut cave within the Mogao complex,,Official Dunhuang Academy public context identifies a thunder-deity mural,"Part of Mogao Caves, World Heritage property 440",REAL_ARCHAEOLOGICAL,OFFICIAL_SITE
site.chinese.mogao_cave_285,CAVE_TEMPLE,莫高窟第285窟,Mogao Cave 285,CN,,,Western Wei; dated inscriptions 538-539 CE,,Rock-cut Buddhist cave with a painted ceiling program.,Official Dunhuang Academy site record; excavation history remains queued.,Thunder-deity imagery is an iconographic identification within a wider ceiling program.,"Part of Mogao Caves, World Heritage property 440",REAL_ARCHAEOLOGICAL,OFFICIAL_SITE
site.denmark.hedeby,VIKING_AGE_TRADING_TOWN,,,DE,,,,,,,,World Heritage,REAL_ARCHAEOLOGICAL,BASELINE_METADATA
site.egypt.abu_simbel,ROCK_CUT_TEMPLES,,,EG,,,,,,,,Nubian Monuments World Heritage component,REAL_ARCHAEOLOGICAL,BASELINE_METADATA
site.egypt.abydos,SACRED_CITY_AND_NECROPOLIS,,,EG,,,,,,,,,REAL_ARCHAEOLOGICAL,BASELINE_METADATA
site.egypt.dahshur,PYRAMID_FIELD,,,EG,,,,,,,,World Heritage property 86 component,REAL_ARCHAEOLOGICAL,BASELINE_METADATA
site.egypt.dendera,TEMPLE_COMPLEX,,,EG,,,,,,,,,REAL_ARCHAEOLOGICAL,BASELINE_METADATA
site.egypt.edfu,TEMPLE,,,EG,,,,,,,,,REAL_ARCHAEOLOGICAL,BASELINE_METADATA
site.egypt.giza,PYRAMID_COMPLEX,,,EG,,,,,,,,World Heritage property 86 component,REAL_ARCHAEOLOGICAL,BASELINE_METADATA
site.egypt.heliopolis_atum_precinct,CULT_PRECINCT,Iunu,Heliopolis / Matariya area,EG,,,Ancient Egyptian through later reuse,Multiple rulers and temple institutions,Atum cult precinct; no reconstructed Darius-statue installation is treated as excavated fact,Ancient site remains survive in a heavily transformed urban landscape,Monumental fragments and inscriptions; Darius statue destination remains a scholarly proposal,,REAL_HISTORIC,SOURCE_BACKED
site.egypt.karnak,TEMPLE_COMPLEX,,,EG,,,,,,,,World Heritage property 87 component,REAL_ARCHAEOLOGICAL,BASELINE_METADATA
site.egypt.karnak_great_temple_amun_ra,TEMPLE,Ipet-Sut,"Great Temple of Amun-Ra, Karnak",EGY,25.7188,32.6573,Middle Kingdom foundations through Roman-period additions,Successive Egyptian rulers,Large temple within the Karnak complex; east-west solar axis plus north-south link toward Luxor.,CFEETK records Middle Kingdom foundations and an Intef II column.,"Architectural, textual, sculptural and ritual remains",Within Ancient Thebes World Heritage List 87,REAL_ARCHAEOLOGICAL,HIGH
site.egypt.karnak_luxor_processional_way,PROCESSIONAL_WAY,,Karnak–Luxor processional connection,EG,,,New Kingdom and later,,Official record says the temples were linked by a sphinx-bordered processional way.,,Opet procession route context,,REAL_ARCHAEOLOGICAL,OFFICIAL_SITE_RECORD
site.egypt.luxor_temple,TEMPLE,,,EG,,,,,,,,World Heritage property 87 component,REAL_ARCHAEOLOGICAL,BASELINE_METADATA
site.egypt.philae,TEMPLE_COMPLEX,,,EG,,,,,,,,Nubian Monuments World Heritage component,REAL_ARCHAEOLOGICAL,BASELINE_METADATA
site.egypt.saqqara,NECROPOLIS,,,EG,,,,,,,,World Heritage property 86 component,REAL_ARCHAEOLOGICAL,BASELINE_METADATA
site.egypt.valley_kings,ROYAL_NECROPOLIS,,,EG,,,,,,,,World Heritage property 87 component,REAL_ARCHAEOLOGICAL,BASELINE_METADATA
site.egypt.wadi_hammamat_quarries,QUARRY_LANDSCAPE,Wadi Hammamat,Wadi Hammamat,EG,,,Pharaonic through later quarry and route use,Multiple quarrying expeditions,Eastern Desert quarry and route landscape,Rock inscriptions and extraction traces document long use,Stone and inscription contexts; exact Darius-statue sample chain remains queued,,REAL_ARCHAEOLOGICAL,SOURCE_BACKED
site.ethiopia.aksum,ANCIENT_CITY_AND_STELAE,,,ET,,,,,,,,World Heritage,REAL_ARCHAEOLOGICAL,BASELINE_METADATA
site.ethiopia.lalibela,ROCK_HEWN_CHURCHES,,,ET,,,,,,,,World Heritage,REAL_SACRED,BASELINE_METADATA
site.greece.acropolis,SANCTUARY_AND_CITADEL,,,GR,,,,,,,,World Heritage,REAL_ARCHAEOLOGICAL,BASELINE_METADATA
site.greece.delos,ISLAND_SANCTUARY,,,GR,,,,,,,,World Heritage 530,REAL_ARCHAEOLOGICAL,BASELINE_METADATA
site.greece.delphi,PANHELLENIC_SANCTUARY,,,GR,,,,,,,,World Heritage 393,REAL_ARCHAEOLOGICAL,BASELINE_METADATA
site.greece.dodona,ORACULAR_SANCTUARY,,,GR,,,,,,,,,REAL_ARCHAEOLOGICAL,BASELINE_METADATA
site.greece.eleusinion_athens,SANCTUARY,Eleusinion,Athens Eleusinion,GR,,,Ancient Greek,,,,Museum record notes finds from the sanctuary in the route exhibition.,,REAL_ARCHAEOLOGICAL,OFFICIAL_MUSEUM_RECORD
site.greece.eleusis,MYSTERY_CULT_SANCTUARY,,,GR,,,,,,,,,REAL_ARCHAEOLOGICAL,BASELINE_METADATA
site.greece.eleusis_telesterion,RITUAL_HALL,Τελεστήριον,Telesterion at Eleusis,GR,,,Late Geometric worship through Roman period and closure in 392 CE; prehistoric phases also excavated,,"Successive sanctuary and Telesterion phases include Peisistratid, Periclean/Lykourgean and Roman monumental building programmes; phase boundaries must remain explicit",Systematic excavations from 1882 onward; 1930s campaigns exposed Telesterion remains and a longer prehistoric-to-late-antique sequence,Architectural foundations and sanctuary context.,NOT_LISTED_AS_INDEPENDENT_PROPERTY,REAL_ARCHAEOLOGICAL,HIGH
site.greece.epidaurus,HEALING_SANCTUARY,,,GR,,,,,,,,World Heritage,REAL_ARCHAEOLOGICAL,BASELINE_METADATA
site.greece.knossos,PALATIAL_COMPLEX,,,GR,,,,,,,,,REAL_ARCHAEOLOGICAL,BASELINE_METADATA
site.greece.mycenae,CITADEL_AND_TOMBS,,,GR,,,,,,,,World Heritage,REAL_ARCHAEOLOGICAL,BASELINE_METADATA
site.greece.olympia,PANHELLENIC_SANCTUARY,,,GR,,,,,,,,World Heritage 517,REAL_ARCHAEOLOGICAL,BASELINE_METADATA
site.greece.sacred_way,PROCESSIONAL_ROUTE,Ἱερὰ Ὁδός,"Sacred Way, Athens-Eleusis",GR,,,Ancient route; monuments span multiple periods,,Processional route approaching Eleusis and continuing through the sanctuary entrance sequence.,Route and associated monuments require segment-level expansion.,"Road segments, funerary monuments and sanctuary approach.",NOT_LISTED_AS_INDEPENDENT_PROPERTY,REAL_ARCHAEOLOGICAL,HIGH
site.greece.sacred_way_aphrodite_daphne,OPEN_AIR_SANCTUARY,,Chaidari / Daphne,GR,,,Classical to Roman period,,"Small temple, courtyard, altar and a four-sided building; natural rock niches held offerings",Official regional archaeological catalogue record,Inscriptions and offerings associated with Aphrodite,,REAL_ARCHAEOLOGICAL,SOURCE_BACKED
site.greece.sacred_way_roman_bridge,BRIDGE,,Elefsina,GR,,,Hadrianic period,Roman-period builders,Bridge carrying a dated Sacred Way segment over the Eleusinian Cephissus,Official regional archaeological catalogue record,Preserved road-and-bridge fabric,,REAL_ARCHAEOLOGICAL,SOURCE_BACKED
site.guatemala.tikal,ANCIENT_CITY,,,GT,,,,,,,,World Heritage 64,REAL_ARCHAEOLOGICAL,BASELINE_METADATA
site.iceland.sacred_scope,COLLECTION_SCOPE,,,IS,,,,,,,,,MIXED,BASELINE_METADATA
site.india.elephanta,ROCK_CUT_CAVES,,,IN,,,,,,,,World Heritage,REAL_ARCHAEOLOGICAL,BASELINE_METADATA
site.india.ellora,ROCK_CUT_CAVES,,,IN,,,,,,,,World Heritage,REAL_ARCHAEOLOGICAL,BASELINE_METADATA
site.india.khajuraho,TEMPLE_GROUP,,,IN,,,,,,,,World Heritage,REAL_ARCHAEOLOGICAL,BASELINE_METADATA
site.india.konark,TEMPLE,,,IN,,,,,,,,World Heritage,REAL_ARCHAEOLOGICAL,BASELINE_METADATA
site.india.varanasi,LIVING_SACRED_CITY,,,IN,,,,,,,,,REAL_SACRED,BASELINE_METADATA
site.indonesia.borobudur,BUDDHIST_MONUMENT,,,ID,,,,,,,,World Heritage,REAL_ARCHAEOLOGICAL,BASELINE_METADATA
site.indonesia.prambanan,TEMPLE_COMPOUND,,,ID,,,,,,,,World Heritage,REAL_ARCHAEOLOGICAL,BASELINE_METADATA
site.iran.susa,ARCHAEOLOGICAL_SITE,Susa,Shush,IR,,,Late fifth millennium BCE to thirteenth century CE; multiple superimposed settlements,Multiple periods; Darius I and successors in the Achaemenid layer,Serial World Heritage property with archaeological mounds east of the Shavur and a palace component west of the river,"Long-running excavations exposed administrative, residential and palatial structures across many periods","Darius statue, palace inscriptions, architecture and multi-period finds","UNESCO 1455, inscribed 2015 under criteria (i)(ii)(iii)(iv); components 1455-001 and 1455-002",REAL_ARCHAEOLOGICAL,SOURCE_BACKED
site.iran.susa_darius_gate,MONUMENT,Gate of Darius,Susa archaeological site,IR,,,"Achaemenid, Darius I to Xerxes I",Begun by Darius I; completed by Xerxes I,Square official entrance with a hypostyle central hall; mud-brick construction with stone elements,Excavated within the palace approach; statue found beside the passage,Egyptian statue of Darius I and inscribed column bases,,REAL_ARCHAEOLOGICAL,SOURCE_BACKED
site.iraq.ashur,ANCIENT_CITY,,,IQ,,,,,,,,World Heritage 1130,REAL_ARCHAEOLOGICAL,BASELINE_METADATA
site.iraq.babylon,ANCIENT_CITY,,,IQ,,,,,,,,World Heritage 278,REAL_ARCHAEOLOGICAL,BASELINE_METADATA
site.iraq.eridu,ANCIENT_CITY,,,IQ,,,,,,,,Ahwar World Heritage component,REAL_ARCHAEOLOGICAL,BASELINE_METADATA
site.iraq.nineveh,ANCIENT_CITY,,,IQ,,,,,,,,,REAL_ARCHAEOLOGICAL,BASELINE_METADATA
site.iraq.nippur,ANCIENT_CITY,,,IQ,,,,,,,,,REAL_ARCHAEOLOGICAL,BASELINE_METADATA
site.iraq.ur,ANCIENT_CITY,,,IQ,,,,,,,,Ahwar World Heritage component,REAL_ARCHAEOLOGICAL,BASELINE_METADATA
site.iraq.uruk,ANCIENT_CITY,,,IQ,,,,,,,,Ahwar World Heritage component,REAL_ARCHAEOLOGICAL,BASELINE_METADATA
site.ireland.newgrange,PASSAGE_TOMB,,,IE,,,,,,,,Brú na Bóinne World Heritage component,REAL_ARCHAEOLOGICAL,BASELINE_METADATA
site.italy.pompeii,BURIED_CITY,,,IT,,,,,,,,World Heritage,REAL_ARCHAEOLOGICAL,BASELINE_METADATA
site.italy.rome,HISTORIC_CITY,,,IT,,,,,,,,World Heritage historic centre,REAL_HISTORIC,BASELINE_METADATA
site.japan.kamigamo_jinja,LIVING_SHRINE,賀茂別雷神社,Kamigamo Jinja,JP,35.060528,135.753222,Late seventh century establishment; later reconstructions; continuing use,,Official heritage records distinguish the historical buildings from continuing shrine practice.,,,WORLD_HERITAGE_COMPONENT_688_001,REAL_SACRED,HIGH
site.japan.shrines_scope,COLLECTION_SCOPE,,,JP,,,,,,,,,REAL_SACRED,BASELINE_METADATA
site.mexico.chichen_itza,ANCIENT_CITY,,,MX,,,,,,,,World Heritage 483,REAL_ARCHAEOLOGICAL,BASELINE_METADATA
site.mexico.monte_alban,ANCIENT_CITY,,,MX,,,,,,,,World Heritage,REAL_ARCHAEOLOGICAL,BASELINE_METADATA
site.mexico.palenque,ANCIENT_CITY,,,MX,,,,,,,,World Heritage,REAL_ARCHAEOLOGICAL,BASELINE_METADATA
site.mexico.tenochtitlan,ANCIENT_CAPITAL,,,MX,,,,,,,,Within Historic Centre of Mexico City World Heritage,REAL_HISTORIC,BASELINE_METADATA
site.mexico.teotihuacan,ANCIENT_CITY,,,MX,,,,,,,,World Heritage 414,REAL_ARCHAEOLOGICAL,BASELINE_METADATA
site.micronesia.nan_madol,CEREMONIAL_CENTRE,,,FM,,,,,,,,World Heritage,REAL_ARCHAEOLOGICAL,BASELINE_METADATA
site.nigeria.benin_city,HISTORIC_CITY_SCOPE,,,NG,,,,,,,,,REAL_HISTORIC,BASELINE_METADATA
site.nigeria.ife,HISTORIC_SACRED_CITY,,,NG,,,,,,,,,REAL_SACRED,BASELINE_METADATA
site.norse.runestones_scope,COLLECTION_SCOPE,,,,,,,,,,,,REAL_ARCHAEOLOGICAL,BASELINE_METADATA
site.peru.cusco,HISTORIC_CAPITAL,,,PE,,,,,,,,World Heritage,REAL_HISTORIC,BASELINE_METADATA
site.peru.machu_picchu,ANDEAN_CITY,,,PE,,,,,,,,World Heritage,REAL_ARCHAEOLOGICAL,BASELINE_METADATA
site.peru.nazca,GEOGLYPHS,,,PE,,,,,,,,World Heritage,REAL_ARCHAEOLOGICAL,BASELINE_METADATA
site.polynesia.taputapuatea,MARAЕ_AND_SACRED_LANDSCAPE,,,PF,,,,,,,,World Heritage 1529,REAL_SACRED,BASELINE_METADATA
site.sweden.birka,VIKING_AGE_SETTLEMENT,,,SE,,,,,,,,World Heritage 555,REAL_ARCHAEOLOGICAL,BASELINE_METADATA
site.sweden.uppsala,BURIAL_AND_CULT_CENTRE,,,SE,,,,,,,,,REAL_ARCHAEOLOGICAL,BASELINE_METADATA
site.syria.mari,ANCIENT_CITY,,,SY,,,,,,,,,REAL_ARCHAEOLOGICAL,BASELINE_METADATA
site.syria.ugarit,ANCIENT_CITY,,,SY,,,,,,,,,REAL_ARCHAEOLOGICAL,BASELINE_METADATA
site.tibet.kailash,LIVING_SACRED_MOUNTAIN,,,CN,,,,,,,,,REAL_SACRED,BASELINE_METADATA
site.uk.avebury,MEGALITHIC_MONUMENT,,,GB,,,,,,,,World Heritage,REAL_ARCHAEOLOGICAL,BASELINE_METADATA
site.uk.stonehenge,MEGALITHIC_MONUMENT,,,GB,,,,,,,,World Heritage,REAL_ARCHAEOLOGICAL,BASELINE_METADATA
site.yoruba.koso_temple,LIVING_TEMPLE,,Koso Temple,NG,,,Living sacred site,,Only the public site-level association is registered; restricted interiors are intentionally omitted.,,,"Associated with the UNESCO-inscribed Sango Festival, Oyo",REAL_SACRED,COMMUNITY_BACKED_PUBLIC_SOURCE
site.zimbabwe.great_zimbabwe,STONE_CITY,,,ZW,,,,,,,,World Heritage,REAL_ARCHAEOLOGICAL,BASELINE_METADATA
