id,queue_id,old_status,new_status,changed_at,reason
history.queue.celtic.newgrange_guardrail.1,queue.celtic.newgrange_guardrail,,NEEDS_REVIEW,2026-08-10T00:00:00Z,First-round discovery baseline
history.queue.china.wuxing_sources.1,queue.china.wuxing_sources,,SOURCE_FOUND,2026-08-10T00:00:00Z,First-round discovery baseline
history.queue.egypt.amun_ra.1,queue.egypt.amun_ra,,NEW,2026-08-10T00:00:00Z,First-round discovery baseline
history.queue.egypt.ra_horakhty.1,queue.egypt.ra_horakhty,,NEW,2026-08-10T00:00:00Z,First-round discovery baseline
history.queue.greek.hydra.1,queue.greek.hydra,,DISCOVERED,2026-08-10T00:00:00Z,First-round discovery baseline
history.queue.greek.metis.1,queue.greek.metis,,NEW,2026-08-10T00:00:00Z,First-round discovery baseline
history.queue.greek.olympia_cult.1,queue.greek.olympia_cult,,SOURCE_FOUND,2026-08-10T00:00:00Z,First-round discovery baseline
history.queue.greek.typhon.1,queue.greek.typhon,,NEW,2026-08-10T00:00:00Z,First-round discovery baseline
history.queue.ifa.permission_model.1,queue.ifa.permission_model,,NEEDS_REVIEW,2026-08-10T00:00:00Z,First-round discovery baseline
history.queue.india.weapon_sources.1,queue.india.weapon_sources,,SOURCE_FOUND,2026-08-10T00:00:00Z,First-round discovery baseline
history.queue.japan.kusanagi_versions.1,queue.japan.kusanagi_versions,,SOURCE_FOUND,2026-08-10T00:00:00Z,First-round discovery baseline
history.queue.maya.hero_twins.1,queue.maya.hero_twins,,SOURCE_FOUND,2026-08-10T00:00:00Z,First-round discovery baseline
history.queue.mesopotamia.anzu.1,queue.mesopotamia.anzu,,SOURCE_FOUND,2026-08-10T00:00:00Z,First-round discovery baseline
history.queue.mesopotamia.inanna_ishtar.1,queue.mesopotamia.inanna_ishtar,,NEEDS_REVIEW,2026-08-10T00:00:00Z,First-round discovery baseline
history.queue.mexica.templo_mayor_objects.1,queue.mexica.templo_mayor_objects,,SOURCE_FOUND,2026-08-10T00:00:00Z,First-round discovery baseline
history.queue.norse.bestla.1,queue.norse.bestla,,NEW,2026-08-10T00:00:00Z,First-round discovery baseline
history.queue.norse.borr.1,queue.norse.borr,,NEW,2026-08-10T00:00:00Z,First-round discovery baseline
history.queue.norse.brokkr_eitri.1,queue.norse.brokkr_eitri,,SOURCE_FOUND,2026-08-10T00:00:00Z,First-round discovery baseline
history.queue.norse.mimir.1,queue.norse.mimir,,NEW,2026-08-10T00:00:00Z,First-round discovery baseline
history.queue.norse.ve.1,queue.norse.ve,,NEW,2026-08-10T00:00:00Z,First-round discovery baseline
history.queue.norse.vili.1,queue.norse.vili,,NEW,2026-08-10T00:00:00Z,First-round discovery baseline
history.queue.polynesia.iwi_variants.1,queue.polynesia.iwi_variants,,SOURCE_FOUND,2026-08-10T00:00:00Z,First-round discovery baseline
history.queue.slavic.primary_claims.1,queue.slavic.primary_claims,,SOURCE_FOUND,2026-08-10T00:00:00Z,First-round discovery baseline
history.queue.ugarit.baal_title.1,queue.ugarit.baal_title,,CONFLICT,2026-08-10T00:00:00Z,First-round discovery baseline
history.queue.zoroastrian.avesta_witnesses.1,queue.zoroastrian.avesta_witnesses,,SOURCE_FOUND,2026-08-10T00:00:00Z,First-round discovery baseline
qhist.20260811.bestla,queue.norse.bestla,NEW,PARTIAL,2026-08-11T03:05:26Z,Entity and Gylfaginning genealogy added
qhist.20260811.borr,queue.norse.borr,NEW,PARTIAL,2026-08-11T03:05:26Z,Entity and Gylfaginning genealogy added
qhist.20260811.brokkr_eitri,queue.norse.brokkr_eitri,SOURCE_FOUND,PARTIAL,2026-08-11T03:05:26Z,"Separate smith entities, products and identity conflict recorded"
qhist.20260811.metis,queue.greek.metis,NEW,PARTIAL,2026-08-11T03:05:26Z,"Entity, genealogy claims and evidence added"
qhist.20260811.mimir,queue.norse.mimir,NEW,PARTIAL,2026-08-11T03:05:26Z,Entity and well relationship added; classification remains open
qhist.20260811.typhon,queue.greek.typhon,NEW,PARTIAL,2026-08-11T03:05:26Z,"Entity, primary-text claims and evidence added"
qhist.20260811.ve,queue.norse.ve,NEW,PARTIAL,2026-08-11T03:05:26Z,"Entity, sibling and cosmogony claims added"
qhist.20260811.vili,queue.norse.vili,NEW,PARTIAL,2026-08-11T03:05:26Z,"Entity, sibling and cosmogony claims added"
qhist.20260811.wuxing,queue.china.wuxing_sources,SOURCE_FOUND,PARTIAL,2026-08-11T03:05:26Z,Hong Fan and Han Shu source locations and native component entities added
qhist.20260814.celestial_variants,queue.greek.v040.celestial_variants,DISCOVERED,NEEDS_REVIEW,2026-08-14T00:00:00Z,Later identifications must be dated and must not become automatic merges
qhist.20260814.community_feedback,queue.greek.v040.community_feedback_gaps,DISCOVERED,PARTIAL,2026-08-14T00:00:00Z,Seven requested entities and their first-ring genealogy were added with primary-text evidence; broader coverage remains open
qhist.20260814.hecate_layers,queue.greek.v040.hecate_later_layers,DISCOVERED,SOURCE_FOUND,2026-08-14T00:00:00Z,Early textual baseline established; later layers queued separately
qhist.20260814.hestia_cult,queue.greek.v040.hestia_cult,DISCOVERED,SOURCE_FOUND,2026-08-14T00:00:00Z,Hymn source registered; archaeological and epigraphic work remains
qhist.20260814.nyx_children,queue.greek.v040.nyx_extended_children,DISCOVERED,SOURCE_FOUND,2026-08-14T00:00:00Z,Primary source located; expansion deliberately continues
qhist.20260814.perses_identity,queue.greek.v040.perses_identity,DISCOVERED,CONFLICT,2026-08-14T00:00:00Z,Homonym requires witness-level identity review
qhist.20260814.v050.eleusis_layers,queue.greek.v050.eleusis_layers,DISCOVERED,SOURCE_FOUND,2026-08-14T00:00:00Z,Poetic source located; material and historical layers remain open
qhist.20260814.v050.hades_helm,queue.greek.v050.hades_helm,NEW,DISCOVERED,2026-08-14T00:00:00Z,Seeded helm record lacks an adequate exact witness
qhist.20260814.v050.hephaestus_parentage,queue.greek.v050.hephaestus_parentage,DISCOVERED,CONFLICT,2026-08-14T00:00:00Z,Hesiodic genealogy should not overwrite alternate ancient accounts
qhist.20260814.v050.hermes_caduceus,queue.greek.v050.hermes_caduceus,DISCOVERED,SOURCE_FOUND,2026-08-14T00:00:00Z,Early Hermes source registered; object history remains open
qhist.20260814.v050.olympian_membership,queue.greek.v050.olympian_membership,DISCOVERED,NEEDS_REVIEW,2026-08-14T00:00:00Z,Fixed membership must be historically sourced
qhist.v060.chinese.leigong,queue.v060.chinese.leigong_diachronic,SOURCE_FOUND,PARTIAL,2026-08-14T00:00:00Z,"Chu Ci, Lunheng and Mogao layers separated"
qhist.v060.japanese.raijin,queue.v060.japanese.raijin_regional,DISCOVERED,SOURCE_FOUND,2026-08-14T00:00:00Z,Kokugakuin umbrella and name indexes registered
qhist.v060.norse.family,queue.v060.norse.thor_genealogy_variants,SOURCE_FOUND,PARTIAL,2026-08-14T00:00:00Z,First source-located Thor household graph created
qhist.v060.norse.modern,queue.v060.norse.thor_modern_adaptations,DISCOVERED,SOURCE_FOUND,2026-08-14T00:00:00Z,Official Marvel screen source registered
qhist.v060.slavic.axe,queue.v060.slavic.perun_axe,DISCOVERED,NEEDS_REVIEW,2026-08-14T00:00:00Z,No named medieval weapon found in the registered chronicle evidence
qhist.v060.slavic.primary,queue.slavic.primary_claims,SOURCE_FOUND,PARTIAL,2026-08-14T00:00:00Z,Perun chronicle claims extracted; wider Slavic dossier remains open
qhist.v060.ugarit.baal_title,queue.ugarit.baal_title,CONFLICT,PARTIAL,2026-08-14T00:00:00Z,Title lexeme and Ugaritic deity record are now separated; regional Baal audit remains open
qhist.v060.ugaritic.mot,queue.v060.ugaritic.baal_mot_cycle,DISCOVERED,SOURCE_FOUND,2026-08-14T00:00:00Z,Corpus and tablet concordance located
qhist.v060.ugaritic.parentage,queue.v060.ugaritic.baal_parentage,DISCOVERED,CONFLICT,2026-08-14T00:00:00Z,Dagan and El genealogy expressions require witness-level comparison
qhist.v060.vedic.vajra,queue.v060.vedic.vajra_reception,DISCOVERED,SOURCE_FOUND,2026-08-14T00:00:00Z,Rigvedic weapon witness registered
qhist.v060.yoruba.permissions,queue.v060.yoruba.sango_permissions,SOURCE_FOUND,NEEDS_REVIEW,2026-08-14T00:00:00Z,Community authorization remains required for any non-public expansion
