id,canonical_name,name_zh,parent_id,region_type,notes
region.arctic,Arctic,北极地区,region.global,CULTURAL,
region.central_africa,Central Africa,中非,region.global,CULTURAL,
region.central_asia,Central Asia,中亚,region.global,CULTURAL,
region.east_africa,East Africa,东非,region.global,CULTURAL,
region.east_asia,East Asia,东亚,region.global,CULTURAL,
region.eastern_europe,Eastern Europe,东欧,region.europe,CULTURAL,
region.europe,Europe,欧洲,region.global,CULTURAL,
region.global,Global,全球,,CULTURAL,
region.levant,Levant,黎凡特,region.west_asia,HISTORICAL_REGION,Broad historical-geographic research region; individual sites remain distinct.
region.mediterranean,Mediterranean,地中海,region.europe,CULTURAL,
region.mesoamerica,Mesoamerica,中部美洲,region.north_america,CULTURAL,
region.mesopotamia,Mesopotamia,美索不达米亚,region.west_asia,HISTORICAL_REGION,Historical riverine region; not a modern-state equivalence.
region.north_america,North America,北美洲,region.global,CULTURAL,
region.northeast_africa,Northeast Africa,东北非洲,region.global,CULTURAL,
region.northern_europe,Northern Europe,北欧,region.europe,CULTURAL,
region.oceania,Oceania,大洋洲,region.global,CULTURAL,
region.south_america,South America,南美洲,region.global,CULTURAL,
region.south_asia,South Asia,南亚,region.global,CULTURAL,
region.southeast_asia,Southeast Asia,东南亚,region.global,CULTURAL,
region.southern_africa,Southern Africa,南部非洲,region.global,CULTURAL,
region.west_africa,West Africa,西非,region.global,CULTURAL,
region.west_asia,West Asia,西亚,region.global,CULTURAL,
