code,inverse_code,label_en,label_zh,category,is_symmetric,description
ALLY_OF,ALLY_OF,ally of,盟友,SOCIAL,1,
APPEARS_IN,HAS_APPEARANCE_OF,appears in,出现于,TEXT,0,
ASSOCIATED_WITH,ASSOCIATED_WITH,associated with,关联,ASSOCIATION,1,
ATTESTED_BY,WITNESS_OF,attested by,由……见证,EVIDENCE,0,
BIRTHPLACE_OF,BORN_IN,birthplace of,诞生地,PLACE,0,
BORN_IN,BIRTHPLACE_OF,born in,诞生于,PLACE,0,
CARRIED_BY,CARRIES,carried by,由……携带,POSSESSION,0,
CARRIES,CARRIED_BY,carries,携带,POSSESSION,0,
CAUSED,CAUSED_BY,caused,导致,EVENT,0,
CAUSED_BY,CAUSED,caused by,由……导致,EVENT,0,
CHILD_OF,PARENT_OF,child of,子女／后代,KINSHIP,0,
COMPARABLE_TO,COMPARABLE_TO,comparable to,可比较但不等同,COMPARISON,1,
CONSORT_OF,CONSORT_OF,consort of,配偶／伴侣,KINSHIP,1,
CO_INVOKED_WITH,CO_INVOKED_WITH,co-invoked with,共同受誓言援引,RITUAL,1,"Two entities named together in a source; does not imply enmity, identity, or a reconstructed cosmic opposition."
CREATED_BY,CREATOR_OF,created by,由……创造,CREATION,0,
CREATOR_OF,CREATED_BY,creator of,创造者,CREATION,0,
DEATHPLACE_OF,DIED_IN,deathplace of,死亡地点,PLACE,0,
DEFEATED,DEFEATED_BY,defeated,击败,CONFLICT,0,
DEFEATED_BY,DEFEATED,defeated by,被……击败,CONFLICT,0,
DEPICTED_ON,DEPICTS,depicted on,描绘于,OBJECT,0,
DEPICTS,DEPICTED_ON,depicts,描绘,OBJECT,0,
DESTROYED,DESTROYED_BY,destroyed,毁灭,EVENT,0,
DESTROYED_BY,DESTROYED,destroyed by,被……毁灭,EVENT,0,
DIED_IN,DEATHPLACE_OF,died in,死亡于,PLACE,0,
EARLIER_COUNTERPART_OF,LATER_EQUIVALENT_OF,earlier counterpart of,早期对应,IDENTITY,0,
ELEMENT_OF,HAS_ELEMENT,element of,构成元素,CLASSIFICATION,0,
ENEMY_OF,ENEMY_OF,enemy of,敌人,SOCIAL,1,
EXCAVATED_AT,FINDSPOT_OF,excavated at,出土于,OBJECT,0,
FATHER_OF,CHILD_OF,father of,父亲,KINSHIP,0,
FINDSPOT_OF,EXCAVATED_AT,findspot of,出土地,OBJECT,0,
FREED,FREED_BY,freed,释放,CONFLICT,0,
FREED_BY,FREED,freed by,被……释放,CONFLICT,0,
HAS_APPEARANCE_OF,APPEARS_IN,has appearance of,包含形象／角色,TEXT,0,
HAS_ELEMENT,ELEMENT_OF,has element,包含元素,CLASSIFICATION,0,
HAS_MEMBER,MEMBER_OF,has member,包含成员,CLASSIFICATION,0,
HAS_PARTICIPANT,PARTICIPATED_IN,has participant,参与者,EVENT,0,
HAS_VARIANT,VARIANT_OF,has variant,具有变体,IDENTITY,0,
HELD_BY_MUSEUM,HOLDS,held by museum,由博物馆收藏,OBJECT,0,
HOLDS,HELD_BY_MUSEUM,holds,收藏,OBJECT,0,
IDENTIFIED_WITH,IDENTIFIED_WITH,identified with,被认同为／融合,IDENTITY,1,
IMPRISONED,IMPRISONED_BY,imprisoned,囚禁,CONFLICT,0,
IMPRISONED_BY,IMPRISONED,imprisoned by,被……囚禁,CONFLICT,0,
INHABITED_BY,LIVES_IN,inhabited by,居住者,PLACE,0,
KILLED,KILLED_BY,killed,杀死,CONFLICT,0,
KILLED_BY,KILLED,killed by,被……杀死,CONFLICT,0,
LATER_EQUIVALENT_OF,EARLIER_COUNTERPART_OF,later equivalent of,后世对应,IDENTITY,0,
LIVES_IN,INHABITED_BY,lives in,居住于,PLACE,0,
MEMBER_OF,HAS_MEMBER,member of,属于体系,CLASSIFICATION,0,
MENTIONED_IN,MENTIONS,mentioned in,见于文献,TEXT,0,
MENTIONS,MENTIONED_IN,mentions,提及,TEXT,0,
MOTHER_OF,CHILD_OF,mother of,母亲,KINSHIP,0,
OWNED_BY,OWNS,owned by,属于,POSSESSION,0,
OWNS,OWNED_BY,owns,拥有,POSSESSION,0,
PARENT_OF,CHILD_OF,parent of,父母／亲代,KINSHIP,0,
PARTICIPATED_IN,HAS_PARTICIPANT,participated in,参与事件,EVENT,0,
PROTECTED,PROTECTED_BY,protected,保护,ASSOCIATION,0,
PROTECTED_BY,PROTECTED,protected by,受……保护,ASSOCIATION,0,
REPRESENTED_BY,REPRESENTS,represented by,被……象征,SYMBOL,0,
REPRESENTS,REPRESENTED_BY,represents,代表／象征,SYMBOL,0,
RULED_BY,RULES,ruled by,由……统治,PLACE,0,
RULES,RULED_BY,rules,统治,PLACE,0,
SIBLING_OF,SIBLING_OF,sibling of,兄弟姐妹,KINSHIP,1,
SITE_OF_WORSHIP_FOR,WORSHIPPED_AT,site of worship for,崇拜地点,CULT,0,
STEP_CHILD_OF,STEP_PARENT_OF,step-child of,继子女,KINSHIP,0,Inverse of STEP_PARENT_OF.
STEP_PARENT_OF,STEP_CHILD_OF,step-parent of,继父母,KINSHIP,0,Witness-specific social kinship; never normalized into biological parentage.
USED_BY,USES,used by,被……使用,POSSESSION,0,
USES,USED_BY,uses,使用,POSSESSION,0,
VARIANT_OF,HAS_VARIANT,variant of,变体,IDENTITY,0,
WITNESS_OF,ATTESTED_BY,witness of,文本／物证见证,EVIDENCE,0,
WORSHIPPED_AT,SITE_OF_WORSHIP_FOR,worshipped at,崇拜于,CULT,0,
