id,title,original_title,source_type,evidence_tier,institution,author_or_editor,language_id,publication_date,accessed_date,url,stable_url,doi,isbn,catalogue_number,manuscript_number,rights_status,source_perspective,community_or_lineage,collector_context,living_tradition,access_or_reuse_restrictions,community_permission_required,same_witness_as_source_id,translation_status,verification_status,notes
source.babylonian.atrahasis.ebl,Story of the Flood (Atraḫasīs),,PRIMARY_TEXT_DIGITAL_CRITICAL_EDITION,2,electronic Babylonian Library / LMU Munich,,lang.akk,,2026-08-10,https://www.ebl.lmu.de/corpus/L/1/1,,,,,,,,,,0,,0,,,URL_SYNTAX_VALID,The platform marks the new full edition as work in progress; baseline status remains PARTIAL.
source.babylonian.enuma_elish.ebl,Poem of Creation (Enūma eliš),,PRIMARY_TEXT_DIGITAL_CRITICAL_EDITION,2,electronic Babylonian Library / LMU Munich,,lang.akk,,2026-08-10,https://www.ebl.lmu.de/corpus/L/1/2,,,,,,,,,,0,,0,,,URL_SYNTAX_VALID,Dynamic scholarly edition; preserve manuscript witness and reconstruction status.
source.babylonian.enuma_elish_iv.ebl,Enūma eliš Tablet IV,,PRIMARY_TEXT_DIGITAL_CRITICAL_EDITION,2,electronic Babylonian Library / LMU Munich,,lang.akk,,2026-08-10,https://www.ebl.lmu.de/corpus/L/1/2/SB/IV,,,,,,,,,,0,,0,,,URL_SYNTAX_VALID,
source.babylonian.flood_tablet.bm.k3375,Flood Tablet,,MUSEUM_OBJECT,8,British Museum,,,,2026-08-10,https://www.britishmuseum.org/collection/object/W_K-3375,,,,K.3375,,,,,,0,,0,,,URL_SYNTAX_VALID,"Neo-Assyrian copy of Gilgamesh Tablet XI, not the date of the epic's origin."
source.babylonian.gilgamesh.ebl,Poem of Gilgameš,,PRIMARY_TEXT_DIGITAL_CRITICAL_EDITION,2,electronic Babylonian Library / LMU Munich,,lang.akk,,2026-08-10,https://www.ebl.lmu.de/corpus/L/1/4,,,,,,,,,,0,,0,,,URL_SYNTAX_VALID,"Old Babylonian, Middle Babylonian and Standard Babylonian versions must remain distinct."
source.babylonian.marduk.oracc,Marduk,,SPECIALIST_REFERENCE,10,ORACC / University of Pennsylvania Museum,,,,2026-08-10,https://oracc.museum.upenn.edu/amgg/listofdeities/marduk/,,,,,,,,,,0,,0,,,URL_SYNTAX_VALID,
source.cdli,Cuneiform Digital Library Initiative,,ACADEMIC_OBJECT_AND_TEXT_CORPUS,2,Cuneiform Digital Library Initiative / University of Oxford and partners,,,,2026-08-10,https://cdli.earth/,,,,,,,,,,0,,0,,,URL_SYNTAX_VALID,
source.china.ctext,Chinese Text Project,,SCHOLARLY_DIGITAL_LIBRARY,2,Chinese Text Project / Donald Sturgeon,,lang.lzh,,2026-08-10,https://ctext.org/,,,,,,,,,,0,,0,,,URL_SYNTAX_VALID,Check each section's edition metadata; AI translations are not authoritative ancient evidence.
source.china.han_shu.wuxing_zhi.ctext,"Han Shu, Treatise on the Five Phases, first part",漢書·五行志上,PRIMARY_TEXT_DIGITAL_EDITION,2,Chinese Text Project,Ban Gu tradition; digital edition by Chinese Text Project,lang.lzh,,2026-08-11,https://ctext.org/han-shu/wu-xing-zhi-shang,urn:ctp:han-shu/wu-xing-zhi-shang,,,ctp:han-shu/wu-xing-zhi-shang,,Site terms apply; ancient text is public-domain cultural heritage,Eastern Han historiographical treatise preserving interpretive traditions,,Digital scholarly library,0,No bulk copying; cite the page and verify edition metadata,0,,Classical Chinese with digital alignment,URL_SYNTAX_VALID,Exact opening quotation of the five xing located through CTP on 2026-08-11.
source.china.hong_fan.ctext,"Shang Shu, Zhou Documents, Hong Fan",尚書·周書·洪範,PRIMARY_TEXT_DIGITAL_EDITION,2,Chinese Text Project,Received-text tradition; digital edition by Chinese Text Project,lang.lzh,,2026-08-11,https://ctext.org/shang-shu/great-plan/zh,urn:ctp:shang-shu/great-plan,,,ctp:shang-shu/great-plan,,Site terms apply; ancient text is public-domain cultural heritage,Received text with Legge translation and digital alignment,,Digital scholarly library,0,No bulk copying; cite the page and verify edition metadata,0,,Classical Chinese with English alignment,URL_SYNTAX_VALID,Exact Hong Fan wuxing paragraph found through the CTP page on 2026-08-11.
source.china.national_museum,National Museum of China,,MUSEUM_COLLECTION_PORTAL,8,National Museum of China,,,,2026-08-10,https://en.chnmuseum.cn/,,,,,,,,,,0,,0,,,URL_SYNTAX_VALID,Object claims require individual accession numbers; exhibition pages are not substitutes.
source.china.scripta_sinica,Scripta Sinica database registry,,ACADEMIC_FULLTEXT_DATABASE,2,"Academia Sinica, Institute of History and Philology",,,,2026-08-10,https://www1.ihp.sinica.edu.tw/en/Resource/Database,,,,,,,,,,0,"Some database content may require controlled access; record specific edition, not search snippets.",0,,,URL_SYNTAX_VALID,
source.chinese.chuci_yuanyou.ctext,"Chu Ci, Yuan You",楚辭·遠遊,PRIMARY_TEXT_DIGITAL_EDITION,3,Chinese Text Project,Traditional text; digital editor Donald Sturgeon,lang.lzh,,2026-08-14,https://ctext.org/chu-ci/yuan-you/zh,urn:ctext:chu-ci/yuan-you,,,CTP Yuan You,,Text witness may be public domain; site and translations retain separate rights,Digital transcription of a transmitted classical text,,,0,Cite the URN and short original-language locator; do not bulk copy the site or its translation,0,,Traditional Chinese text,URL_SYNTAX_VALID,"The poem places Leigong to the right of the speaker as a guard, with the Rain Master to the left."
source.chinese.lunheng_leixu.ctext,"Lunheng, Lei Xu",論衡·雷虛,ANCIENT_TEXT_DIGITAL_EDITION,3,Chinese Text Project,Wang Chong; digital editor Donald Sturgeon,lang.lzh,,2026-08-14,https://ctext.org/lunheng/lei-xu/zh,urn:ctext:lunheng/lei-xu,,,CTP Lei Xu,,Text witness may be public domain; site and translations retain separate rights,Han critique recording and rejecting a thunder-god image tradition,,,0,Cite the URN and short original-language locator; do not bulk copy the site or its translation,0,,Traditional Chinese text,URL_SYNTAX_VALID,"Records linked drums, a mallet and a strongman image called Leigong, then argues against that explanation."
source.chinese.mogao285.dunhuang,Mogao Cave 285,莫高窟第285窟,OFFICIAL_SITE_AND_ART_HISTORY,4,Dunhuang Academy,,lang.zh,538-539,2026-08-14,https://www.dha.ac.cn/info/1425/3698.htm,,,,Mogao Cave 285,,All rights reserved unless otherwise stated; metadata and link only,Official archaeological-site and art-historical description,,,0,Do not package images; link to the official page,0,,Modern Chinese site description,URL_SYNTAX_VALID,Official page dates the Western Wei cave and identifies thunder-deity imagery among the ceiling subjects.
source.chinese.mogao440.unesco,Mogao Caves,莫高窟,OFFICIAL_HERITAGE_RECORD,3,UNESCO World Heritage Centre,,lang.en,1987,2026-08-14,https://whc.unesco.org/en/list/440,,,,World Heritage List 440,,UNESCO site terms; descriptive text under stated IGO licence,Official World Heritage property record,,,0,Link and metadata; follow UNESCO reuse terms,0,,English official heritage record,URL_SYNTAX_VALID,Establishes the real archaeological and heritage context of Mogao; it does not identify every image in Cave 285.
source.chinese.shanhaijing_leize.ctext,"Classic of Mountains and Seas, Hai Nei Dong Jing",山海經·海內東經,ANCIENT_TEXT_DIGITAL_EDITION,3,Chinese Text Project,Traditional text; digital editor Donald Sturgeon,lang.lzh,,2026-08-14,https://ctext.org/shan-hai-jing/hai-nei-dong-jing/zh,urn:ctext:shan-hai-jing/hai-nei-dong-jing,,,CTP Hai Nei Dong Jing,,Text witness may be public domain; site and translations retain separate rights,Digital transcription of a transmitted classical text,,,0,Cite the URN and short original-language locator; do not bulk copy the site or its translation,0,,Traditional Chinese text,URL_SYNTAX_VALID,Witnesses an unnamed thunder spirit in Leize with dragon body and human head; it is not automatically merged with later Leigong.
source.egypt.book_dead.ucl_index,Book of the Dead chapter index,,ACADEMIC_TEXT_INDEX,2,UCL Digital Egypt,,lang.egy,,2026-08-10,https://www.ucl.ac.uk/museums-static/digitalegypt/literature/religious/bdbynumber.html,,,,,,,,,,0,,0,,,URL_SYNTAX_VALID,"Book of the Dead is a corpus with variable selections and order, not one fixed book."
source.egypt.coffin_texts.oip34,The Egyptian Coffin Texts I: Spells 1–75,,SCHOLARLY_CRITICAL_EDITION,2,University of Chicago ISAC,Adriaan de Buck,lang.egy,,2026-08-10,https://isac.uchicago.edu/research/publications/oip/egyptian-coffin-texts-1-texts-spells-1-75,,,,,,,,,,0,,0,,,URL_SYNTAX_VALID,
source.egypt.creation.ucl,Gods and goddesses: creation,,MODERN_SCHOLARSHIP,10,UCL Digital Egypt,,,,2026-08-10,https://www.ucl.ac.uk/museums-static/digitalegypt/religion/deitiescreation.html,,,,,,,,,,0,,0,,,URL_SYNTAX_VALID,Scholarly synthesis that explicitly cautions there was no single unified Egyptian creation account.
source.egypt.papyrus_ani.bm.ea10470_3,"Papyrus of Ani, frame 3",,MUSEUM_OBJECT,8,British Museum,,,,2026-08-10,https://www.britishmuseum.org/collection/object/Y_EA10470-3,,,,"EA10470,3",,,,,,0,,0,,,URL_SYNTAX_VALID,One frame of one manuscript witness; not representative of every Book of the Dead copy.
source.egypt.pyramid_text.pt147.tla,Pyramid Text PT 147,,INSCRIPTION_DIGITAL_EDITION,1,Thesaurus Linguae Aegyptiae / BBAW and SAW,,lang.egy,,2026-08-10,https://tla.digital/text/BNMVUHO6YBC6RIELHK6CTSENT4?lang=en&page=1,,,,PT 147,,,,,,0,,0,,,URL_SYNTAX_VALID,"Single composition entry, not the whole Pyramid Text corpus."
source.egypt.pyramid_text.ucl,A pyramid text,,MUSEUM_OBJECT_AND_CURATORIAL_ENTRY,3,UCL Petrie Museum,,,,2026-08-10,https://www.ucl.ac.uk/museums-collections/petrie-museum/highlights/pyramid-text,,,,,,,,,,0,,0,,,URL_SYNTAX_VALID,
source.greek.homeric_hymn_aphrodite5.scaife,"Homeric Hymn 5 to Aphrodite, Evelyn-White English text",,PRIMARY_TEXT_DIGITAL_EDITION,2,"Perseus / Scaife, Tufts University",Anonymous; Hugh G. Evelyn-White (editor and translator),lang.en,1914,2026-08-14,https://scaife.perseus.org/library/urn%3Acts%3AgreekLit%3Atlg0013.tlg005/,urn:cts:greekLit:tlg0013.tlg005.perseus-eng2,,,urn:cts:greekLit:tlg0013.tlg005.perseus-eng2,,Public-domain 1914 translation; Scaife presentation terms apply,Ancient Greek hymn through a 1914 English translation,,Digital scholarly edition; divine influence is a narrative claim within the hymn,0,Attribute Perseus/Scaife and verify any substantial reuse,0,source.greek.homeric_hymns.scaife,English translation aligned to an ancient Greek edition,URL_SYNTAX_VALID,Opening account of Aphrodite and the three exempt goddesses checked.
source.greek.homeric_hymn_apollo3.scaife,"Homeric Hymn 3 to Apollo, Evelyn-White English text",,PRIMARY_TEXT_DIGITAL_EDITION,2,"Perseus / Scaife, Tufts University",Anonymous; Hugh G. Evelyn-White (editor and translator),lang.en,1914,2026-08-14,https://scaife.perseus.org/library/urn%3Acts%3AgreekLit%3Atlg0013.tlg003.perseus-eng2/,urn:cts:greekLit:tlg0013.tlg003.perseus-eng2,,,urn:cts:greekLit:tlg0013.tlg003.perseus-eng2,,Public-domain 1914 translation; Scaife presentation terms apply,Ancient Greek hymn through a 1914 English translation,,Digital scholarly edition; claims remain witness-specific,0,Attribute Perseus/Scaife and verify any substantial reuse,0,source.greek.homeric_hymns.scaife,English translation aligned to an ancient Greek edition,URL_SYNTAX_VALID,"Apollo, Delos, bow and oracle passages checked at lines 1-20 and 115-132."
source.greek.homeric_hymn_ares8.scaife,"Homeric Hymn 8 to Ares, Evelyn-White edition",,PRIMARY_TEXT_DIGITAL_EDITION,2,"Perseus / Scaife, Tufts University",Anonymous; Hugh G. Evelyn-White (editor and translator),lang.grc,1914,2026-08-14,https://scaife.perseus.org/library/urn%3Acts%3AgreekLit%3Atlg0013.tlg008.perseus-grc2/,urn:cts:greekLit:tlg0013.tlg008.perseus-grc2,,,urn:cts:greekLit:tlg0013.tlg008.perseus-grc2,,Public-domain 1914 edition; Scaife presentation terms apply,Ancient Greek hymn in a 1914 edition,,Digital scholarly edition; closing prayer complicates a flat war-god label,0,Attribute Perseus/Scaife and verify any substantial reuse,0,source.greek.homeric_hymns.scaife,Ancient Greek edition with aligned English translation available,URL_SYNTAX_VALID,Martial titles and closing prayer checked at lines 1-17.
source.greek.homeric_hymn_artemis27.scaife,"Homeric Hymn 27 to Artemis, Evelyn-White English text",,PRIMARY_TEXT_DIGITAL_EDITION,2,"Perseus / Scaife, Tufts University",Anonymous; Hugh G. Evelyn-White (editor and translator),lang.en,1914,2026-08-14,https://scaife.perseus.org/library/urn%3Acts%3AgreekLit%3Atlg0013.tlg027.perseus-eng2/,urn:cts:greekLit:tlg0013.tlg027.perseus-eng2,,,urn:cts:greekLit:tlg0013.tlg027.perseus-eng2,,Public-domain 1914 translation; Scaife presentation terms apply,Ancient Greek hymn through a 1914 English translation,,Digital scholarly edition; hunting imagery is witness-specific,0,Attribute Perseus/Scaife and verify any substantial reuse,0,source.greek.homeric_hymns.scaife,English translation aligned to an ancient Greek edition,URL_SYNTAX_VALID,"Artemis, archery, hounds, deer, Apollo and Delphi checked at lines 1-20."
source.greek.homeric_hymn_athena28.scaife,"Homeric Hymn 28 to Athena, Evelyn-White English text",,PRIMARY_TEXT_DIGITAL_EDITION,2,"Perseus / Scaife, Tufts University",Anonymous; Hugh G. Evelyn-White (editor and translator),lang.en,1914,2026-08-14,https://scaife.perseus.org/reader/urn%3Acts%3AgreekLit%3Atlg0013.tlg028.perseus-eng2%3A1-18/,urn:cts:greekLit:tlg0013.tlg028.perseus-eng2,,,urn:cts:greekLit:tlg0013.tlg028.perseus-eng2,,Public-domain 1914 translation; Scaife presentation terms apply,Ancient Greek hymn through a 1914 English translation,,Digital scholarly edition; birth and armor are mythic narrative,0,Attribute Perseus/Scaife and verify any substantial reuse,0,source.greek.homeric_hymns.scaife,English translation aligned to an ancient Greek edition,URL_SYNTAX_VALID,Birth from Zeus and martial equipment checked at lines 1-18.
source.greek.homeric_hymn_demeter.scaife,"Homeric Hymn 2 to Demeter, Evelyn-White English text",,PRIMARY_TEXT_DIGITAL_EDITION,2,"Perseus / Scaife, Tufts University",Anonymous; Hugh G. Evelyn-White (editor and translator),lang.en,1914,2026-08-14,https://scaife.perseus.org/reader/urn%3Acts%3AgreekLit%3Atlg0013.tlg002.perseus-eng2%3A1-135/,urn:cts:greekLit:tlg0013.tlg002.perseus-eng2,,,urn:cts:greekLit:tlg0013.tlg002.perseus-eng2,,Public-domain 1914 translation; Scaife presentation terms apply,Ancient Greek hymn through a 1914 English translation,,Digital scholarly edition; textual claims are not historical facts,0,Attribute Perseus/Scaife and verify any substantial reuse,0,source.greek.homeric_hymns.scaife,English translation aligned to an ancient Greek edition,URL_SYNTAX_VALID,Hecate and Helios passage checked at lines 25-62 on 2026-08-14.
source.greek.homeric_hymn_dionysus7.scaife,"Homeric Hymn 7 to Dionysus, Evelyn-White English text",,PRIMARY_TEXT_DIGITAL_EDITION,2,"Perseus / Scaife, Tufts University",Anonymous; Hugh G. Evelyn-White (editor and translator),lang.en,1914,2026-08-14,https://scaife.perseus.org/reader/urn%3Acts%3AgreekLit%3Atlg0013.tlg007.perseus-eng2%3A1-55/,urn:cts:greekLit:tlg0013.tlg007.perseus-eng2,,,urn:cts:greekLit:tlg0013.tlg007.perseus-eng2,,Public-domain 1914 translation; Scaife presentation terms apply,Ancient Greek hymn through a 1914 English translation,,Digital scholarly edition; miraculous events are mythic narrative,0,Attribute Perseus/Scaife and verify any substantial reuse,0,source.greek.homeric_hymns.scaife,English translation aligned to an ancient Greek edition,URL_SYNTAX_VALID,"Dionysus, Semele and the pirate episode checked at lines 1-55."
source.greek.homeric_hymn_helios31.scaife,"Homeric Hymn 31 to Helios, Evelyn-White English text",,PRIMARY_TEXT_DIGITAL_EDITION,2,"Perseus / Scaife, Tufts University",Anonymous; Hugh G. Evelyn-White (editor and translator),lang.en,1914,2026-08-14,https://scaife.perseus.org/reader/urn%3Acts%3AgreekLit%3Atlg0013.tlg031.perseus-eng2%3A1-15a/,urn:cts:greekLit:tlg0013.tlg031.perseus-eng2,,,urn:cts:greekLit:tlg0013.tlg031.perseus-eng2,,Public-domain 1914 translation; Scaife presentation terms apply,Ancient Greek hymn through a 1914 English translation,,Digital scholarly edition; textual claims are witness-specific,0,Attribute Perseus/Scaife and verify any substantial reuse,0,source.greek.homeric_hymns.scaife,English translation aligned to an ancient Greek edition,URL_SYNTAX_VALID,Complete hymn passage checked at lines 1-15a on 2026-08-14.
source.greek.homeric_hymn_hephaestus20.scaife,"Homeric Hymn 20 to Hephaestus, Evelyn-White English text",,PRIMARY_TEXT_DIGITAL_EDITION,2,"Perseus / Scaife, Tufts University",Anonymous; Hugh G. Evelyn-White (editor and translator),lang.en,1914,2026-08-14,https://scaife.perseus.org/library/urn%3Acts%3AgreekLit%3Atlg0013.tlg020.perseus-eng2/,urn:cts:greekLit:tlg0013.tlg020.perseus-eng2,,,urn:cts:greekLit:tlg0013.tlg020.perseus-eng2,,Public-domain 1914 translation; Scaife presentation terms apply,Ancient Greek hymn through a 1914 English translation,,Digital scholarly edition; craft role is restricted to this witness,0,Attribute Perseus/Scaife and verify any substantial reuse,0,source.greek.homeric_hymns.scaife,English translation aligned to an ancient Greek edition,URL_SYNTAX_VALID,"Hephaestus, Athena and craft instruction checked at lines 1-5."
source.greek.homeric_hymn_hermes4.scaife,"Homeric Hymn 4 to Hermes, Evelyn-White English text",,PRIMARY_TEXT_DIGITAL_EDITION,2,"Perseus / Scaife, Tufts University",Anonymous; Hugh G. Evelyn-White (editor and translator),lang.en,1914,2026-08-14,https://scaife.perseus.org/reader/urn%3Acts%3AgreekLit%3Atlg0013.tlg004.perseus-eng2%3A1-140/,urn:cts:greekLit:tlg0013.tlg004.perseus-eng2,,,urn:cts:greekLit:tlg0013.tlg004.perseus-eng2,,Public-domain 1914 translation; Scaife presentation terms apply,Ancient Greek hymn through a 1914 English translation,,Digital scholarly edition; claims remain witness-specific,0,Attribute Perseus/Scaife and verify any substantial reuse,0,source.greek.homeric_hymns.scaife,English translation aligned to an ancient Greek edition,URL_SYNTAX_VALID,"Hermes, Maia, messenger role and lyre-making checked at lines 1-55."
source.greek.homeric_hymn_hestia29.scaife,"Homeric Hymn 29 to Hestia, Evelyn-White English text",,PRIMARY_TEXT_DIGITAL_EDITION,2,"Perseus / Scaife, Tufts University",Anonymous; Hugh G. Evelyn-White (editor and translator),lang.en,1914,2026-08-14,https://scaife.perseus.org/reader/urn%3Acts%3AgreekLit%3Atlg0013.tlg029.perseus-eng2%3A1-14/,urn:cts:greekLit:tlg0013.tlg029.perseus-eng2,,,urn:cts:greekLit:tlg0013.tlg029.perseus-eng2,,Public-domain 1914 translation; Scaife presentation terms apply,Ancient Greek hymn through a 1914 English translation,,Digital scholarly edition; individual hymn dating remains a research question,0,Attribute Perseus/Scaife and verify any substantial reuse,0,source.greek.homeric_hymns.scaife,English translation aligned to an ancient Greek edition,URL_SYNTAX_VALID,Complete fourteen-line hymn checked on 2026-08-14.
source.greek.homeric_hymn_poseidon22.scaife,"Homeric Hymn 22 to Poseidon, Evelyn-White English text",,PRIMARY_TEXT_DIGITAL_EDITION,2,"Perseus / Scaife, Tufts University",Anonymous; Hugh G. Evelyn-White (editor and translator),lang.en,1914,2026-08-14,https://scaife.perseus.org/reader/urn%3Acts%3AgreekLit%3Atlg0013.tlg022.perseus-eng2%3A1-7/,urn:cts:greekLit:tlg0013.tlg022.perseus-eng2,,,urn:cts:greekLit:tlg0013.tlg022.perseus-eng2,,Public-domain 1914 translation; Scaife presentation terms apply,Ancient Greek hymn through a 1914 English translation,,Digital scholarly edition; domains are witness-specific poetic attributions,0,Attribute Perseus/Scaife and verify any substantial reuse,0,source.greek.homeric_hymns.scaife,English translation aligned to an ancient Greek edition,URL_SYNTAX_VALID,"Earth, sea, horses and ships checked at lines 1-7."
source.greek.homeric_hymn_selene32.scaife,"Homeric Hymn 32 to Selene, Evelyn-White edition and translation",,PRIMARY_TEXT_DIGITAL_EDITION,2,"Perseus / Scaife, Tufts University",Anonymous; Hugh G. Evelyn-White (editor and translator),lang.grc,1914,2026-08-14,https://scaife.perseus.org/reader/urn%3Acts%3AgreekLit%3Atlg0013.tlg032.perseus-grc2%3A1-20/,urn:cts:greekLit:tlg0013.tlg032.perseus-grc2,,,urn:cts:greekLit:tlg0013.tlg032.perseus-grc2,,Public-domain 1914 edition; Scaife presentation terms apply,Ancient Greek hymn in a 1914 edition,,Digital scholarly edition; textual claims are witness-specific,0,Attribute Perseus/Scaife and verify any substantial reuse,0,source.greek.homeric_hymns.scaife,Ancient Greek edition with aligned English translation available,URL_SYNTAX_VALID,Complete twenty-line hymn checked on 2026-08-14.
source.greek.homeric_hymns.scaife,Homeric Hymns,,PRIMARY_TEXT_DIGITAL_EDITION,2,"Perseus / Scaife, Tufts University",Multiple anonymous poets,lang.grc,,2026-08-10,https://scaife.perseus.org/library/urn:cts:greekLit:tlg0013/,,,,,,,,,,0,,0,,,URL_SYNTAX_VALID,Individual hymns have different dates and transmission histories.
source.greek.iliad.scaife,"Homer, Iliad",,PRIMARY_TEXT_DIGITAL_EDITION,2,"Perseus / Scaife, Tufts University",Homeric tradition,lang.grc,,2026-08-10,https://scaife.perseus.org/library/urn:cts:greekLit:tlg0012.tlg001/,,,,,,,,,,0,,0,,Multiple editions/translations,URL_SYNTAX_VALID,
source.greek.object.zeus_poseidon.met.21_88_52,Bronze statuette of Zeus or Poseidon,,MUSEUM_OBJECT,3,Metropolitan Museum of Art,,,,2026-08-10,https://www.metmuseum.org/art/collection/search/251078,,,,21.88.52,,,,,,0,,0,,,URL_SYNTAX_VALID,Missing attribute makes the figure's identity uncertain; the museum explains thunderbolt/trident iconography.
source.greek.odyssey.scaife,"Homer, Odyssey",,PRIMARY_TEXT_DIGITAL_EDITION,2,"Perseus / Scaife, Tufts University",Homeric tradition,lang.grc,,2026-08-10,https://scaife.perseus.org/library/urn:cts:greekLit:tlg0012.tlg002.perseus-eng3/,,,,,,,,,,0,,0,,English digital edition,URL_SYNTAX_VALID,
source.greek.theogony.perseus_eng1,"Hesiod, Theogony, Evelyn-White English text",Θεογονία,PRIMARY_TEXT_DIGITAL_EDITION,2,"Perseus Digital Library, Tufts University",Hesiod; Hugh G. Evelyn-White (translator),lang.en,1914,2026-08-11,https://www.perseus.tufts.edu/hopper/text?doc=Perseus%3Atext%3A1999.01.0130,http://data.perseus.org/texts/urn:cts:greekLit:tlg0020.tlg001.perseus-eng1,,,urn:cts:greekLit:tlg0020.tlg001.perseus-eng1,,CC BY-SA 3.0 US for the Perseus presentation,Ancient Greek poem through a 1914 English translation,,Digitized scholarly edition; narrative claims remain claims about the text,0,Observe Perseus attribution and share-alike terms,0,source.greek.theogony.scaife,English translation of ancient Greek,URL_SYNTAX_VALID,"Exact line groups 820-852, 853-885 and 886-900 checked on 2026-08-11."
source.greek.theogony.scaife,"Hesiod, Theogony",,PRIMARY_TEXT_DIGITAL_EDITION,2,"Perseus / Scaife, Tufts University",Hesiod; H. G. Evelyn-White edition/translation,lang.grc,,2026-08-10,https://scaife.perseus.org/library/urn:cts:greekLit:tlg0020.tlg001/,,,,,,,,,,0,,0,,Public-domain 1914 English translation available,URL_SYNTAX_VALID,Supports genealogies and mythic narrative as text claims; not historical fact.
source.hawaii.bishop.maukaleo,Mau Ka Leo,,COMMUNITY_CONTEXTUALIZED_MUSEUM_ARCHIVE,8,Bernice Pauahi Bishop Museum,,,,2026-08-10,https://www.bishopmuseum.org/maukaleo/,,,,,,,,Native Hawaiian and Pacific communities,,1,Community voices and media retain context and rights; do not bulk-extract as ownerless data.,1,,,URL_SYNTAX_VALID,
source.hawaiian.kumulipo.ulukau,The Kumulipo: a Hawaiian creation chant,,DIGITAL_TEXT_EDITION,2,Ulukau Hawaiian Electronic Library,Martha Warren Beckwith edition,lang.haw,,2026-08-10,https://www.ulukau.org/ulukau-books/?a=d&d=EBOOK-BECKWIT2&l=haw,,,,,,,,Native Hawaiian,,1,Sacred royal genealogy and living cultural heritage; preserve translation and colonial-era editorial context.,0,,,URL_SYNTAX_VALID,
source.india.bori_mahabharata,Critical Edition of Mahabharata,,CRITICAL_EDITION_REGISTRY,2,Bhandarkar Oriental Research Institute,,,,2026-08-10,https://bori.ac.in/department/mahabharata/,,,,,,,,,,0,,0,,,URL_SYNTAX_VALID,Critical edition is not the only religious or regional Mahābhārata tradition; local and performative variants remain separate.
source.india.gretil,Göttingen Register of Electronic Texts in Indian Languages,,ACADEMIC_TEXT_CORPUS,2,Göttingen University Library,,,,2026-08-10,https://gretil.sub.uni-goettingen.de/,,,,,,,,,,0,Individual text metadata and terms vary; site states scholarly reference and excludes commercial use.,0,,,URL_SYNTAX_VALID,
source.india.vedic_heritage,Vedic Heritage Portal,,GOVERNMENT_TEXT_AND_ORAL_PORTAL,5,"IGNCA / Ministry of Culture, Government of India",,,,2026-08-10,https://vedicheritage.gov.in/,,,,,,,,Vedic recitation lineages and participating Indian institutions,,1,"Curated portal, not a uniform critical edition; separate modern interpretive pages from textual witnesses and follow item-level media terms.",0,,,URL_SYNTAX_VALID,
source.iran.avestan_archive,Avestan Digital Archive,,MANUSCRIPT_ARCHIVE,1,"Freie Universität Berlin, Institute of Iranian Studies",,lang.ave,,2026-08-10,https://ada.geschkult.fu-berlin.de/,,,,,,,,,,1,,0,,,URL_SYNTAX_VALID,Late manuscript witnesses to layered oral traditions; do not invent a single original Avesta.
source.iranica.avesta,AVESTA i. Survey of the history and contents,,SPECIALIST_REFERENCE,10,Encyclopaedia Iranica,,,,2026-08-10,https://www.iranicaonline.org/articles/avesta-holy-book/,,,,,,,,,,0,,0,,,URL_SYNTAX_VALID,Separates traditional narratives from modern philological reconstruction and uncertainty.
source.ireland.nmi_collections,Collections Online,,MUSEUM_COLLECTION_DATABASE,8,National Museum of Ireland,,,,2026-08-10,https://www.museum.ie/collections/,,,,,,,,,,0,,0,,,URL_SYNTAX_VALID,
source.irish.book_leinster.dias,"Book of Leinster, MS 1339",,MANUSCRIPT_FACSIMILE_CATALOG,1,Irish Script on Screen / Dublin Institute for Advanced Studies,,,,2026-08-10,https://www.isos.dias.ie/TCD/TCD_MS_1339.html,,,,,TCD MS 1339,,,,,0,,0,,,URL_SYNTAX_VALID,"Medieval Christian manuscript context, not a direct Iron Age pagan scripture."
source.irish.tain.celt,Táin Bó Cúalnge from the Book of Leinster,,SCHOLARLY_TEXT_EDITION,2,"CELT, University College Cork",Cecile O'Rahilly,lang.gle,,2026-08-10,https://celt.ucc.ie/published/T301035.html,,,,,,,,,,0,Academic research and teaching use; do not bulk republish the full modern edition.,0,,,URL_SYNTAX_VALID,
source.japan.eos,Encyclopedia of Shinto,,SPECIALIST_ENCYCLOPEDIA,10,Kokugakuin University Digital Museum,,,,2026-08-10,https://d-museum.kokugakuin.ac.jp/eos/,,,,,,,,,,0,,0,,,URL_SYNTAX_VALID,"Scholarly secondary reference; return to Kojiki, Nihon Shoki and local records for primary claims."
source.japan.nihon_shoki.ndl,Nihon shoki Vols. I–II rare book record,,RARE_BOOK_CATALOG_AND_FACSIMILE,1,National Diet Library of Japan,,,,2026-08-10,https://www.ndl.go.jp/exhibit60/e/copy1/4rekishi.html,,,,,WA7-251,,,,,0,,0,,,URL_SYNTAX_VALID,"1599 Keichō edition, not the lost 720 original."
source.japanese.jhti.berkeley,Japanese Historical Text Initiative resources,,UNIVERSITY_DIGITAL_TEXT_INDEX,3,"University of California, Berkeley",,lang.en,,2026-08-14,https://ieas.berkeley.edu/centers/center-japanese-studies-cjs/academic-resources/japanese-historical-text-initiative,,,,JHTI resources,,University site and edition rights apply,University-hosted index for Kojiki and Nihon Shoki digital resources,,,0,Store bibliographic metadata and locators; modern translations may remain copyrighted,0,,Japanese text resources and English metadata,URL_SYNTAX_VALID,Supports text-registry provenance and source discovery; exact mythic claims use witness-specific locators.
source.japanese.kojiki_kami_index.kokugakuin,Kojiki divine-name index,古事記神名データベース,SCHOLARLY_DIGITAL_INDEX,3,Kokugakuin University,,lang.jpn,,2026-08-14,https://kojiki.kokugakuin.ac.jp/shinmei/,,,,Kojiki divine-name database,,All rights reserved; metadata and link only,Academic name and passage index for Kojiki deities,,,0,"Store names, passage locators and short summaries only",0,,Japanese scholarly index,URL_SYNTAX_VALID,Indexes the eight thunder kami in the Yomi episode separately; member pages warn against unsupported later identifications.
source.japanese.naruikazuchi.kokugakuin,Naruikazuchi,鳴雷,SCHOLARLY_NAME_ENTRY,3,Kokugakuin University Kojiki Divine-name Database,,lang.jpn,,2026-08-14,https://kojiki.kokugakuin.ac.jp/shinmei/naruikazuchi/,,,,"Kojiki: Upper Scroll, Yomi episode",,All rights reserved; metadata and link only,Academic entry for one of the eight thunder kami on Izanami,,,0,"Do not reproduce entry text; store name, witness locator and a short summary only",0,source.japanese.kojiki_kami_index.kokugakuin,Japanese scholarly entry,URL_SYNTAX_VALID,Warns that identity with a later Naruikazuchi shrine tradition is uncertain.
source.japanese.raijin.kokugakuin,Raijin,雷神,ACADEMIC_REFERENCE,4,Kokugakuin University Digital Museum,,lang.jpn,,2026-08-14,https://d-museum.kokugakuin.ac.jp/bts/detail/id%3D3892,,,,Basic Terms of Shinto ID 3892,,All rights reserved; metadata and link only,Academic overview of Shinto terminology and regional thunder-kami traditions,,,1,Do not reproduce text or images without permission; store only a short independent summary,0,,Japanese academic reference,URL_SYNTAX_VALID,"Supports treating Raijin as a broad thunder-kami designation with regional manifestations, not a globally fixed single genealogy."
source.japanese.raijin_screen.kyohaku,Wind God and Thunder God screens,風神雷神図屏風,MUSEUM_OBJECT,3,Kyoto National Museum,,lang.en,17th century,2026-08-14,https://www.kyohaku.go.jp/eng/collection/meihin/kinsei/item10/,,,,National Treasure; Kennin-ji pair of screens,,Museum page and image rights apply,Official museum record for later Raijin iconography,,,0,Link only; do not package museum images,0,,English museum catalogue,URL_SYNTAX_VALID,Later visual evidence for Raijin with linked drums; not an ancient textual genealogy or a unique named weapon.
source.japanese.takemikazuchi.kokugakuin,Takemikazuchi,建御雷之男神,ACADEMIC_REFERENCE,4,Kokugakuin University Encyclopedia of Shinto,,lang.jpn,,2026-08-14,https://d-museum.kokugakuin.ac.jp/eos/detail/id%3D9145,,,,Encyclopedia of Shinto ID 9145,,All rights reserved; metadata and link only,Academic overview citing Kojiki and Nihon Shoki variants,,,0,Do not reproduce text or images without permission; store only a short independent summary,0,,Japanese academic reference,URL_SYNTAX_VALID,"Supports martial envoy and land-transfer roles; thunder is retained as a secondary, contested classification."
source.japanese.takemikazuchi_names.kokugakuin,Takemikazuchi-no-o-no-kami divine-name entry,建御雷之男神,SCHOLARLY_NAME_ENTRY,3,Kokugakuin University Kojiki Divine-name Database,,lang.jpn,,2026-08-14,https://kojiki.kokugakuin.ac.jp/shinmei/takemikazuchinoonokami/,,,,Kojiki divine-name entry,,All rights reserved; metadata and link only,Academic entry listing Kojiki names and witness variants,,,0,"Do not reproduce entry text; store names, passage locators and a short summary only",0,source.japanese.takemikazuchi.kokugakuin,Japanese scholarly entry,URL_SYNTAX_VALID,Supports Takefutsu and Toyofutsu as Kojiki names while preserving multiple etymological proposals.
source.japanese.wakaikazuchi.kokugakuin,Wakaikazuchi,若雷,SCHOLARLY_NAME_ENTRY,3,Kokugakuin University Kojiki Divine-name Database,,lang.jpn,,2026-08-14,https://kojiki.kokugakuin.ac.jp/shinmei/wakaikazuchi/,,,,"Kojiki: Upper Scroll, Yomi episode",,All rights reserved; metadata and link only,Academic entry for one of the eight thunder kami on Izanami,,,0,"Do not reproduce entry text; store name, witness locator and a short summary only",0,source.japanese.kojiki_kami_index.kokugakuin,Japanese scholarly entry,URL_SYNTAX_VALID,The page treats Wakaikazuchi as one of the eight thunder kami and notes uncertainty about detailed form or character.
source.maori.creation.teara,Māori creation traditions,,INDIGENOUS_AUTHORED_CURATED_SYNTHESIS,6,Te Ara / New Zealand Government,Te Ahukaramū Charles Royal,,,2026-08-10,https://teara.govt.nz/en/maori-creation-traditions,,,,,,,,Māori iwi and hapū,,1,,0,,,URL_SYNTAX_VALID,Preserve iwi/hapū variants and the recorded debate around Io traditions.
source.maori.nzetc.natlib,New Zealand Electronic Text Collection,,NATIONAL_DIGITAL_TEXT_COLLECTION,5,National Library of New Zealand,,,,2026-08-10,https://natlib.govt.nz/collections/a-z/new-zealand-electronic-text-collection-nzetc,,,,,,,,,Includes colonial-era ethnographies requiring perspective labels,0,,0,,,URL_SYNTAX_VALID,Deep links may change after the 2024 archive transfer.
source.marvel.thor.onscreen,Thor: on-screen biography,,OFFICIAL_MODERN_ADAPTATION,14,Marvel,Marvel Editorial,lang.en,,2026-08-14,https://www.marvel.com/characters/thor-thor-odinson/on-screen,,,,,,Copyright Marvel; metadata and link only,Official modern screen-continuity character biography,,,0,Do not reproduce page text or images; store a short research summary and link only,0,,Official English page,URL_SYNTAX_VALID,This source supports MCU continuity only: Loki is an adoptive brother and Hela a half-sister. It is not evidence for Old Norse kinship.
source.maya.codex_mexico.inah,Códice Maya de México,,OFFICIAL_CODEX_RESEARCH_PORTAL,1,Instituto Nacional de Antropología e Historia,,,,2026-08-10,https://codicemayademexico.inah.gob.mx/,,,,,,,,,,0,,0,,,URL_SYNTAX_VALID,Retain the former Grolier Codex name and history of authenticity debate.
source.maya.creation.nmai,Creation Story of the Maya,,MUSEUM_EDUCATIONAL_SYNTHESIS,9,Smithsonian National Museum of the American Indian,,,,2026-08-10,https://maya.nmai.si.edu/the-maya/creation-story-maya,,,,,,,,K'iche' Maya,,0,,0,,,URL_SYNTAX_VALID,Educational retelling based on Popol Vuh; not a substitute for the K'iche' manuscript text.
source.maya.dresden_codex.slub,The Maya Codex in the SLUB Dresden,,MANUSCRIPT_FACSIMILE_CATALOG,1,SLUB Dresden,,,,2026-08-10,https://www.slub-dresden.de/en/explore/manuscripts/the-dresden-maya-codex,,,,,,,,,,0,Image reuse follows repository rights terms.,0,,,URL_SYNTAX_VALID,
source.maya.popol_vuh.loc,Popol Vuh: K'iche' transcription and Spanish translation,,MANUSCRIPT_FACSIMILE_CATALOG,1,Library of Congress,,,,2026-08-10,https://www.loc.gov/item/2021668226/,,,,,,,,K'iche' Maya,,0,,0,,,URL_SYNTAX_VALID,"Colonial-period Ximénez witness, not a pre-Columbian original or a universal Maya scripture."
source.mesoamerica.codex_borgia.vatican,Codex Borgia,,MANUSCRIPT_FACSIMILE,1,Vatican Apostolic Library,,,,2026-08-10,https://digi.vatlib.it/view/MSS_Borg.mess.1,,,,,Borg.mess.1,,,,,0,Personal research access; online or print reuse may require repository permission.,0,,,URL_SYNTAX_VALID,Do not assign the manuscript automatically to the Mexica imperial tradition.
source.mesopotamia.enlil.oracc,Enlil/Ellil,,SPECIALIST_REFERENCE,10,ORACC / University of Pennsylvania Museum,,,,2026-08-10,https://oracc.museum.upenn.edu/amgg/listofdeities/enlil/,,,,,,,,,,0,,0,,,URL_SYNTAX_VALID,
source.mexica.codex_mendoza.bodleian,Codex Mendoza,,MANUSCRIPT_FACSIMILE,1,"Bodleian Libraries, University of Oxford",,,,2026-08-10,https://digital.bodleian.ox.ac.uk/objects/2fea788e-2aa2-4f08-b6d9-648c00486220/,,,,,MS. Arch. Selden. A. 1,,,,Early colonial production,0,,0,,,URL_SYNTAX_VALID,
source.mexica.florentine.getty,Digital Florentine Codex,,ENHANCED_MANUSCRIPT_EDITION,1,Getty Research Institute,,lang.nci,,2026-08-10,https://florentinecodex.getty.edu/,,,,,,,,,Colonial collaborative production under Sahagún,0,,0,,,URL_SYNTAX_VALID,"Twelve-book manuscript created with Nahua elders, authors and painters in a colonial context."
source.mexica.florentine.loc,General History of the Things of New Spain,,MANUSCRIPT_FACSIMILE_CATALOG,1,Library of Congress,,lang.nci,,2026-08-10,https://www.loc.gov/item/2021667837/,,,,,,,,,,0,,0,source.mexica.florentine.getty,,URL_SYNTAX_VALID,Alternate access route to the same manuscript; not an independent witness.
source.mexica.templo_mayor.inah,Templo Mayor,,OFFICIAL_ARCHAEOLOGICAL_SITE_AND_MUSEUM,3,Instituto Nacional de Antropología e Historia,,,,2026-08-10,https://lugares.inah.gob.mx/en/node/4463,,,,,,,,,,0,,0,,,URL_SYNTAX_VALID,
source.norse.gylfaginning.vsnr2005,Snorri Sturluson: Edda. Prologue and Gylfaginning,Edda: Prologue and Gylfaginning,MEDIEVAL_TEXT_SCHOLARLY_EDITION,3,Viking Society for Northern Research / University College London,Anthony Faulkes (editor),lang.non,2005,2026-08-11,https://vsnr.org/editions/snorri-sturluson-edda-prologue-and-gylfaginning/,,,9780903521642,,,Edition metadata page; edition copyright applies,Thirteenth-century Icelandic Christian-era compilation in manuscript transmission,,"VSNR scholarly edition, second edition",0,Do not reproduce substantial modern editorial matter,0,,Old Norse edition; modern editorial apparatus,URL_SYNTAX_VALID,Official VSNR edition page verified 2026-08-11; claims cite chapter locations and the registered Faulkes translation source.
source.norse.haustlong.skaldic2017,"Thjodolf of Hvinir, Haustlong",Haustlǫng,SCHOLARLY_POETIC_EDITION,2,Skaldic Poetry of the Scandinavian Middle Ages project,"Margaret Clunies Ross; Kari Ellen Gade and Edith Marold, volume editors",lang.non,2017,2026-08-14,https://skaldic.org/db.php?if=default&table=kenning&val=%C3%9E%C3%B3rr&view=name,,,9782503518947,"SkP III, pp. 431-463",,Edition and database terms apply,Academic edition and kenning index for an Old Norse skaldic poem,,Modern scholarly edition of a medieval witness,0,"Use metadata, stanza locators and short research summaries; do not bulk copy the database",0,,Old Norse edition with scholarly apparatus,URL_SYNTAX_VALID,Haustlong 14 and 16 preserve brother terminology relevant to Meili and Baldr; claims remain stanza-specific.
source.norse.mjolnir_rings.historiska,Thor's hammer rings,,MUSEUM_OBJECT_COLLECTION,3,Swedish History Museum,,,,2026-08-10,https://historiska.se/en/explore-history/history-hub/thors-hammer-rings/,,,,107837_HST; 108686_HST,,,,,,0,,0,,,URL_SYNTAX_VALID,Material-culture context; specific ritual meaning remains uncertain.
source.norse.poetic_edda.gks2365,Codex Regius electronic edition,,MANUSCRIPT_DIGITAL_EDITION,1,University of Copenhagen / Árni Magnússon Institute,,lang.non,2024,2026-08-10,https://eae.ku.dk/q?p=eae/vols/text/1,,,,,GKS 2365 4to,Electronic edition CC BY-SA 4.0; manuscript-image rights follow repository terms,,,,0,,0,,,URL_SYNTAX_VALID,Electronic edition of the circa-1270 manuscript with images and transcription; poem witnesses remain composition- and manuscript-specific. Thrymskvida is at folios 17r12-18r4.
source.norse.prose_edda.gks2367,"GKS 2367 4to, Snorra Edda manuscript",,MANUSCRIPT_CATALOG_AND_FACSIMILE,1,Handrit.is / Árni Magnússon Institute,,lang.non,,2026-08-10,https://handrit.is/manuscript/view/is/GKS04-2367,,,,,GKS 2367 4to,,,,,0,,0,,,URL_SYNTAX_VALID,
source.norse.prose_edda.vsnr,"Snorri Sturluson, Edda",,MEDIEVAL_TEXT_SCHOLARLY_EDITION,4,Viking Society for Northern Research / UCL,Anthony Faulkes (editor),lang.non,,2026-08-10,https://www.vsnrweb-publications.org.uk/Edda-1.pdf,,,,,,Consult edition terms,,,,0,,0,,,URL_SYNTAX_VALID,Thirteenth-century Christian-era author; do not flatten into a uniform prehistoric belief system.
source.norse.skaldskaparmal.vsnr1998,Snorri Sturluson: Edda. Skáldskaparmál,Edda: Skáldskaparmál,MEDIEVAL_TEXT_SCHOLARLY_EDITION,3,Viking Society for Northern Research / University College London,Anthony Faulkes (editor),lang.non,1998,2026-08-11,https://vsnr.org/editions/snorri-sturluson-edda-skaldskaparmal/,,,9780903521345,,,Edition metadata page; edition copyright applies,Thirteenth-century Icelandic poetic handbook in manuscript transmission,,Two-volume VSNR scholarly edition,0,Do not reproduce substantial modern editorial matter,0,,Old Norse edition with modern apparatus,URL_SYNTAX_VALID,Official VSNR edition page verified 2026-08-11; forging episode located at Skáldskaparmál 35 in common chapter numbering.
source.slavic.helmold.hathitrust,"Helmoldi presbyteri Chronica Slavorum, MGH 1868",,DIGITIZED_SCHOLARLY_EDITION,2,HathiTrust / Harvard,,,,2026-08-10,https://catalog.hathitrust.org/Record/011546377,,,,,,,,,Medieval Christian missionary/external observer,0,,0,,,URL_SYNTAX_VALID,Biased external account; western Slavic context must remain distinct from eastern Slavic sources.
source.slavic.laurentian.nlr,"Laurentian Codex, 1377",,MANUSCRIPT_FACSIMILE_AND_TRANSCRIPTION,1,National Library of Russia,,,,2026-08-10,https://expositions.nlr.ru/LaurentianCodex/eng/,,,,,,,,,,0,,0,,,URL_SYNTAX_VALID,Christian chronicler context; cannot reconstruct a complete unified Slavic pantheon by itself.
source.slavic.laurentian.unesco,The Laurentian Chronicle 1377,,OFFICIAL_MANUSCRIPT_REGISTRY,5,UNESCO Memory of the World,,,,2026-08-10,https://www.unesco.org/en/memory-world/laurentian-chronicle-1377,,,,,,,,,,0,,0,source.slavic.laurentian.nlr,,URL_SYNTAX_VALID,"Provenance confirmation for the same object, not a second textual witness."
source.slavic.perun.cius,Perun,Перун,ACADEMIC_REFERENCE,5,Internet Encyclopedia of Ukraine / Canadian Institute of Ukrainian Studies,,lang.en,,2026-08-14,https://www.encyclopediaofukraine.com/display.asp?linkpath=pages%5CP%5CE%5CPerun.htm,,,,Perun authority article,,Copyright CIUS; metadata and short research summary only,Modern academic reference on East Slavic evidence,,,0,Do not reproduce article text; use to contextualize primary chronicle evidence,0,,English academic reference,URL_SYNTAX_VALID,Used only as context; primary claims remain attached to the chronicle edition.
source.slavic.pvl.obdurodon,Tale of Bygone Years digital critical edition,Повѣсть временныхъ лѣтъ,SCHOLARLY_DIGITAL_EDITION,2,Obdurodon / academic PVL project,Donald Ostrowski and David J. Birnbaum project,lang.en,,2026-08-14,https://pvl.obdurodon.org/,,,,PVL digital edition,,Project terms apply,Critical digital presentation of the Primary Chronicle tradition,,,0,Store locators and independent summaries; verify manuscript variants before quotation,0,source.slavic.laurentian.nlr,Critical apparatus with text witnesses,URL_SYNTAX_VALID,"Used for entries 907, 945, 971, 980 and 988; Perun/Veles oath and idol claims remain entry-specific."
source.sumerian.enki_world_order.etcsl,Enki and the World Order,,PRIMARY_TEXT_DIGITAL_EDITION,2,University of Oxford ETCSL,,lang.sux,,2026-08-10,https://etcsl.orinst.ox.ac.uk/section1/tr113.htm,,,,,,,,,,0,,0,,,URL_SYNTAX_VALID,
source.sumerian.enlil_ekur.etcsl,Enlil in the E-kur,,PRIMARY_TEXT_DIGITAL_EDITION,2,University of Oxford ETCSL,,lang.sux,,2026-08-10,https://etcsl.orinst.ox.ac.uk/section4/tr4051.htm,,,,,,,,,,0,,0,,,URL_SYNTAX_VALID,
source.sumerian.etcsl,Electronic Text Corpus of Sumerian Literature,,ACADEMIC_TEXT_CORPUS,2,University of Oxford,,lang.sux,,2026-08-10,https://etcsl.orinst.ox.ac.uk/,,,,,,,,,,0,,0,,,URL_SYNTAX_VALID,Stable completed corpus last updated in 2006; not the last word in current Sumerology.
source.sumerian.inanna_descent.etcsl,Inana's Descent to the Netherworld,,PRIMARY_TEXT_DIGITAL_EDITION,2,University of Oxford ETCSL,,lang.sux,,2026-08-10,https://etcsl.orinst.ox.ac.uk/section1/tr141.htm,,,,,,,,,,0,,0,,,URL_SYNTAX_VALID,Composite text based on multiple witnesses; variants must not be erased.
source.sumerian.ur.penn,Ur and Its Treasures,,ARCHAEOLOGICAL_ARCHIVE_OVERVIEW,6,Penn Museum,,,,2026-08-10,https://www.penn.museum/sites/expedition/ur-and-its-treasures/,,,,,,,,,,0,,0,,,URL_SYNTAX_VALID,
source.ugarit.met,Ugarit,,MODERN_SCHOLARSHIP,10,Metropolitan Museum of Art,,,,2026-08-10,https://www.metmuseum.org/essays/ugarit,,,,,,,,,,0,,0,,,URL_SYNTAX_VALID,
source.ugaritic.baal_corpus.goettingen,Edition of Ugaritic Poetic Texts: corpus and tablet concordance,Edition der ugaritischen poetischen Texte,SCHOLARLY_PROJECT,2,University of Goettingen,,lang.en,,2026-08-14,https://eupt.uni-goettingen.de/Korpus.html,,,,KTU 1.1-1.6 corpus concordance,,Project terms apply,Academic project description and museum/tablet concordance,,,0,Do not imply that future 2027-2029 editions are already published,0,,German/English academic project,URL_SYNTAX_VALID,"Supports six-tablet Baal Cycle scope, Ilimilku attribution context and museum concordances."
source.ugaritic.baal_cycle.louvre.ao16643,Baal Cycle tablet,,MUSEUM_OBJECT_AND_PRIMARY_TEXT,1,Musée du Louvre,,lang.uga,,2026-08-10,https://collections.louvre.fr/ark:/53355/cl010141446,,,,AO 16643 / RS 3.361 / KTU 1.1,,,,,,0,,0,,,URL_SYNTAX_VALID,Fragmentary tablet; column order and missing text must remain explicit.
source.ugaritic.baal_thunder.louvre.ao15775,Stèle du Baal au foudre,,MUSEUM_OBJECT,8,Musée du Louvre,,,,2026-08-10,https://collections.louvre.fr/en/ark:/53355/cl010140542,,,,AO 15775 / RS 4.427,,,,,,0,,0,,,URL_SYNTAX_VALID,"Supports iconography, not a named supernatural weapon or historical storm claim."
source.ugaritic.canaan.met,The Gods and Goddesses of Canaan,,MUSEUM_SCHOLARSHIP,5,The Metropolitan Museum of Art,,lang.en,,2026-08-14,https://www.metmuseum.org/essays/the-gods-and-goddesses-of-canaan,,,,Met Heilbrunn Timeline essay,,Copyright The Metropolitan Museum of Art; short summary and link only,Museum scholarly essay on Canaanite divine imagery,,,0,Do not reproduce substantial essay text or images,0,,English museum scholarship,URL_SYNTAX_VALID,Contextualizes the Baal stele imagery and the storm/fertility layer without replacing tablet evidence.
source.ugaritic.hadad.bm,Hadad authority record,Hadad,MUSEUM_AUTHORITY_RECORD,5,British Museum,,lang.en,,2026-08-14,https://www.britishmuseum.org/collection/term/BIOG143718,,,,BIOG143718,,Collection metadata link only,"Museum authority record distinguishing the title Baal, Lord, from a universal personal name",,,0,Metadata and link only,0,,English authority record,URL_SYNTAX_VALID,Supports title caution and Hadad/Baal scope; it does not authorize merging every Baal-named deity.
source.ugaritic.ktu1_2.inventory.uchicago,Ras Shamra tablet inventory record for KTU 1.2,,SCHOLARLY_TABLET_INVENTORY,2,University of Chicago OCHRE,,lang.en,,2026-08-14,https://pi.lib.uchicago.edu/1001/org/ochre/172a3413-6438-4e53-9629-34f86a0e1fd0,,,,KTU 1.2 / RS 3.367 + RS 3.346,,Project terms apply,Academic archaeological and textual inventory record,,,0,Metadata and locator use only,0,,English inventory metadata,URL_SYNTAX_VALID,Supports KTU 1.2 tablet identity and the Baal-Yamm combat witness.
source.ugaritic.weapons.die_bibel,Baal weapons Yagrush and Ayyamur in KTU 1.2 IV,Baal-Zyklus: Waffen,ACADEMIC_REFERENCE,4,German Bible Society,,lang.en,,2026-08-14,https://www.die-bibel.de/stichwort/22163,,,,KTU 1.2 IV 11-26,,Copyright German Bible Society; metadata and link only,Academic lexical and textual locator,,,0,Do not reproduce substantial page content,0,,German academic reference,URL_SYNTAX_VALID,"Supports the two named weapons, Kothar-wa-Khasis as maker and the sequence of blows against Yamm."
source.unesco.ashur.1130,Ashur (Qal'at Sherqat),,OFFICIAL_ARCHAEOLOGICAL_SITE,3,UNESCO World Heritage Centre,,,,2026-08-10,https://whc.unesco.org/en/list/1130/,,,,1130,,,,,,0,,0,,,URL_SYNTAX_VALID,
source.unesco.babylon.278,Babylon,,OFFICIAL_ARCHAEOLOGICAL_SITE,3,UNESCO World Heritage Centre,,,,2026-08-10,https://whc.unesco.org/en/list/278/,,,,278,,,,,,0,,0,,,URL_SYNTAX_VALID,
source.unesco.birka.555,Birka and Hovgården,,OFFICIAL_ARCHAEOLOGICAL_SITE,3,UNESCO World Heritage Centre,,,,2026-08-10,https://whc.unesco.org/en/list/555/,,,,555,,,,,,0,,0,,,URL_SYNTAX_VALID,
source.unesco.bru_na_boinne.659,Brú na Bóinne,,OFFICIAL_ARCHAEOLOGICAL_SITE,3,UNESCO World Heritage Centre,,,,2026-08-10,https://whc.unesco.org/en/list/659/,,,,659,,,,,,0,,0,,,URL_SYNTAX_VALID,Neolithic site predates historical Celtic-language evidence; do not bind it to specific deities without evidence.
source.unesco.chichen_itza.483,Pre-Hispanic City of Chichen-Itza,,OFFICIAL_ARCHAEOLOGICAL_SITE,3,UNESCO World Heritage Centre,,,,2026-08-10,https://whc.unesco.org/en/list/483/,,,,483,,,,,,0,,0,,,URL_SYNTAX_VALID,
source.unesco.delos.530,Delos,,OFFICIAL_ARCHAEOLOGICAL_SITE,3,UNESCO World Heritage Centre,,,,2026-08-10,https://whc.unesco.org/en/list/530/,,,,530,,,,,,0,,0,,,URL_SYNTAX_VALID,
source.unesco.delphi.393,Archaeological Site of Delphi,,OFFICIAL_ARCHAEOLOGICAL_SITE,3,UNESCO World Heritage Centre,,,,2026-08-10,https://whc.unesco.org/en/list/393/,,,,393,,,,,,0,,0,,,URL_SYNTAX_VALID,
source.unesco.india_registry,India World Heritage Registry,,OFFICIAL_SITE_REGISTRY,3,UNESCO World Heritage Centre,,,,2026-08-10,https://whc.unesco.org/en/statesparties/in,,,,,,,,,,0,,0,,,URL_SYNTAX_VALID,
source.unesco.kii.1142,Sacred Sites and Pilgrimage Routes in the Kii Mountain Range,,OFFICIAL_LIVING_SACRED_SITE,3,UNESCO World Heritage Centre,,,,2026-08-10,https://whc.unesco.org/en/list/1142/,,,,1142,,,,"Kumano, Kōyasan, Yoshino and associated pilgrimage communities",,1,,0,,,URL_SYNTAX_VALID,Living syncretic sacred landscape; historical layers and current practice must remain distinct.
source.unesco.memphis_necropolis.86,Memphis and its Necropolis — Pyramid Fields from Giza to Dahshur,,OFFICIAL_ARCHAEOLOGICAL_SITE,3,UNESCO World Heritage Centre,,,,2026-08-10,https://whc.unesco.org/en/list/86/,,,,86,,,,,,0,,0,,,URL_SYNTAX_VALID,
source.unesco.olympia.517,Archaeological Site of Olympia,,OFFICIAL_ARCHAEOLOGICAL_SITE,3,UNESCO World Heritage Centre,,,,2026-08-10,https://whc.unesco.org/en/list/517/,,,,517,,,,,,0,,0,,,URL_SYNTAX_VALID,
source.unesco.persepolis.114,Persepolis,,OFFICIAL_ARCHAEOLOGICAL_SITE,3,UNESCO World Heritage Centre,,,,2026-08-10,https://whc.unesco.org/en/list/114/,,,,114,,,,,,0,,0,,,URL_SYNTAX_VALID,Palatial/imperial site; do not label it a Zoroastrian temple without specific evidence.
source.unesco.taishan.437,Mount Taishan,,OFFICIAL_LIVING_SACRED_SITE,3,UNESCO World Heritage Centre,,,,2026-08-10,https://whc.unesco.org/en/list/437/,,,,437,,,,,,0,,0,,,URL_SYNTAX_VALID,
source.unesco.takht_soleyman.1077,Takht-e Soleyman,,OFFICIAL_ARCHAEOLOGICAL_SITE,3,UNESCO World Heritage Centre,,,,2026-08-10,https://whc.unesco.org/en/list/1077/,,,,1077,,,,,,0,,0,,,URL_SYNTAX_VALID,"Separate Sasanian sanctuary, Ilkhanid rebuilding and later Solomon legend layers."
source.unesco.taputapuatea.1529,Taputapuātea,,OFFICIAL_LIVING_SACRED_SITE,3,UNESCO World Heritage Centre,,,,2026-08-10,https://whc.unesco.org/en/list/1529/,,,,1529,,,,Raiatea and wider Polynesian communities,,1,Respect local sacred-site protocols and obtain community permission before collecting restricted ritual or oral knowledge.,1,,,URL_SYNTAX_VALID,
source.unesco.teotihuacan.414,Pre-Hispanic City of Teotihuacan,,OFFICIAL_ARCHAEOLOGICAL_SITE,3,UNESCO World Heritage Centre,,,,2026-08-10,https://whc.unesco.org/en/list/414/,,,,414,,,,,,0,,0,,,URL_SYNTAX_VALID,Teotihuacan predates the Mexica; later Nahuatl sacred interpretation is a distinct layer.
source.unesco.thebes.87,Ancient Thebes with its Necropolis,,OFFICIAL_ARCHAEOLOGICAL_SITE,3,UNESCO World Heritage Centre,,,,2026-08-10,https://whc.unesco.org/en/list/87/,,,,87,,,,,,0,,0,,,URL_SYNTAX_VALID,
source.unesco.tikal.64,Tikal National Park,,OFFICIAL_ARCHAEOLOGICAL_SITE,3,UNESCO World Heritage Centre,,,,2026-08-10,https://whc.unesco.org/en/list/64/,,,,64,,,,,,0,,0,,,URL_SYNTAX_VALID,
source.vedic.rigveda.1_32.vhp,"Rigveda Shakala Samhita, Mandala 1, Sukta 32",ऋग्वेद शाकल संहिता १.३२,PRIMARY_TEXT_OFFICIAL_PORTAL,1,Vedic Heritage Portal / Indira Gandhi National Centre for the Arts,,lang.san,,2026-08-14,https://vedicheritage.gov.in/samhitas/rigveda/shakala-samhita/rigveda-shakala-samhitas-mandal-01-sukta-032/,,,,RV 1.32,,Portal content reuse requires permission,Official Sanskrit recitation and text portal,,,0,"Store metadata, verse locators and original research summaries; do not bulk reproduce portal content",0,,Sanskrit primary text,URL_SYNTAX_VALID,"Verses 1-15 witness Indra, vajra, Tvastr, the serpent/Vrtra and released waters."
source.vedic.rigveda.2_12.vhp,"Rigveda Shakala Samhita, Mandala 2, Sukta 12",ऋग्वेद शाकल संहिता २.१२,PRIMARY_TEXT_OFFICIAL_PORTAL,1,Vedic Heritage Portal / Indira Gandhi National Centre for the Arts,,lang.san,,2026-08-14,https://vedicheritage.gov.in/samhitas/rigveda/shakala-samhita/rigveda-shakala-samhita-mandal-02-sukta-012/,,,,RV 2.12,,Portal content reuse requires permission,Official Sanskrit recitation and text portal,,,0,"Store metadata, verse locators and original research summaries; do not bulk reproduce portal content",0,,Sanskrit primary text,URL_SYNTAX_VALID,"Verses 2-3, 7 and 11-13 situate Indra in atmospheric, water-release and battle imagery."
source.vedic.rigveda.gretIL_padapatha,"Rigveda Padapatha, Mandala 1 digital text",Rgveda-Padapatha,SCHOLARLY_DIGITAL_TEXT,2,GRETIL / University of Goettingen,,lang.san,,2026-08-14,https://gretil.sub.uni-goettingen.de/gretil/1_sanskr/1_veda/1_sam/1_rv/rvpp_01u.htm,,,,"RV_1,32.1-15",,Reference use; source-file rights apply,Academic digital transcription,,,0,Reference and locator use only; follow GRETIL source-file terms,0,,Sanskrit padapatha transcription,URL_SYNTAX_VALID,Independent scholarly digital locator for RV 1.32.
source.welsh.white_book.nlw,White Book of Rhydderch,,MANUSCRIPT_FACSIMILE_CATALOG,1,National Library of Wales,,,,2026-08-10,https://www.library.wales/discover-learn/digital-exhibitions/manuscripts/the-middle-ages/white-book-of-rhydderch,,,,,Peniarth MS 4,,,,,0,,0,,,URL_SYNTAX_VALID,
source.yoruba.ifa.unesco,Ifá divination system,,LIVING_ORAL_TRADITION_REGISTRY,7,UNESCO Intangible Cultural Heritage,,,,2026-08-10,https://ich.unesco.org/en/RL/ifa-divination-system-00146,,,,,,,,Yoruba and diaspora lineages,,1,Sacred/restricted knowledge requires lineage and practitioner permission; no claim of a complete scraped corpus.,1,,,URL_SYNTAX_VALID,The corpus is living and expanding; exact total verse count is unknown.
source.yoruba.opon_ifa.bm,Ifá divination board,,MUSEUM_OBJECT,8,British Museum,,,,2026-08-10,https://www.britishmuseum.org/collection/object/E_Af1956-07-2,,,,"Af1956,07.2",,,,Yoruba,,0,,0,,,URL_SYNTAX_VALID,Twentieth-century museum object does not date the origin of Ifá; provenance and acquisition require separate review.
source.yoruba.opon_ifa.smithsonian,Ifá divination board,,MUSEUM_OBJECT,8,Smithsonian National Museum of African Art,,,,2026-08-10,https://africa.si.edu/collection/object/nmafa_2005-6-69,,,,nmafa_2005-6-69,,,,Yoruba,,0,,0,,,URL_SYNTAX_VALID,
source.yoruba.ose_sango.met.1983_603_5,Ose Sango staff,Ose Sango,MUSEUM_OBJECT,3,The Metropolitan Museum of Art,,lang.en,20th century,2026-08-14,https://www.metmuseum.org/art/collection/search/314326,,,,1983.603.5,,Collection metadata link only; object image not bundled,Museum catalogue description of a Yoruba Sango staff,,Collected in a modern museum context; provenance must remain attached,1,Do not download or redistribute the object image; do not infer restricted ritual procedure,1,,English museum catalogue,URL_SYNTAX_VALID,"Supports the double-axe-topped staff as a sacred/devotional object, not an ancient battlefield weapon."
source.yoruba.ose_sango.smithsonian,Sango staff,Staff for Shango,MUSEUM_OBJECT,3,Smithsonian National Museum of African Art,,lang.en,,2026-08-14,https://africa.si.edu/collection/selected-artwork/1713,,,,NMAfA selected artwork 1713,,Smithsonian terms apply; metadata link only,Museum catalogue interpretation of a Yoruba Sango staff,,Museum collection context,1,Do not infer secret ritual instructions; do not package media without checking rights,1,,English museum catalogue,URL_SYNTAX_VALID,Corroborates public iconographic and devotional context for the double-axe staff.
source.yoruba.sango_decision.unesco,"Decision 18.COM 8.b.2: Sango Festival, Oyo",,OFFICIAL_DECISION,3,UNESCO Intangible Cultural Heritage Committee,,lang.en,2023,2026-08-14,https://ich.unesco.org/en/decisions/18.COM/8.B.2,,,,18.COM 8.b.2,,UNESCO page terms apply,Official inscription decision and safeguarding/access summary,Oyo communities and Sango devotees,Community nomination and consent reviewed by UNESCO,1,Keep initiated-only spaces and knowledge restricted; store access classification only,1,source.yoruba.sango_festival.unesco,English official decision,URL_SYNTAX_VALID,"Explicitly records community consent, apprenticeship transmission and restricted shrine spaces."
source.yoruba.sango_festival.unesco,"Sango Festival, Oyo","Sango Festival, Oyo",LIVING_TRADITION_OFFICIAL_NOMINATION,3,UNESCO Intangible Cultural Heritage,,lang.en,2023,2026-08-14,https://ich.unesco.org/en/RL/sango-festival-oyo-01974?RL=01974,,,,ICH 01974,,UNESCO page terms; nomination materials retain their stated rights,Community-backed public nomination dossier,"Oyo communities, Alaafin institution and Sango devotees","Community nomination with free, prior and informed consent materials",1,"Do not record initiated-only knowledge, shrine interiors or ritual operating instructions",1,,English and Yoruba nomination materials,URL_SYNTAX_VALID,"Public layer supports the annual festival, Koso association, kingship/ancestor memory and stated access boundaries."
