id,story_id,comparison_order,topic_zh,topic_en,comparison_scope,synthesis_policy,editorial_note_zh,editorial_note_en,created_at
wcomp.aphrodite.01_origin_scene,story.greek.aphrodite_origins,1,起源／出生场景,Origin or birth scene,ASYMMETRIC_WITNESS,KEEP_SEPARATE,《神谱》提供叙事场景；《伊利亚特》所选定位只提供亲属称谓。,The Theogony provides a narrative scene; the selected Iliad passages provide kinship language only.,2026-08-31T23:05:00Z
wcomp.aphrodite.02_mother_term,story.greek.aphrodite_origins,2,母亲称谓,Maternal designation,ASYMMETRIC_WITNESS,KEEP_SEPARATE,“未陈述”不是反证，也不等于该文本否定狄俄涅。,Not stated is not counter-evidence and does not mean that the text rejects Dione.,2026-08-31T23:05:00Z
wcomp.aphrodite.03_zeus_daughter,story.greek.aphrodite_origins,3,宙斯之女称谓,Daughter-of-Zeus designation,ASYMMETRIC_WITNESS,KEEP_SEPARATE,称谓与海中诞生叙事并列保存，不强制统一。,The kinship designation and sea-birth narrative remain side by side without forced harmonization.,2026-08-31T23:05:00Z
wcomp.aphrodite.04_editorial_result,story.greek.aphrodite_origins,4,当前对读结论,Current comparison result,DIVERGENT_ACCOUNT,NO_SYNTHESIS,当前资料支持两个古代见证并存，不支持合成第三个统一版本。,"The current record supports two coexisting ancient witnesses, not a third synthesized account.",2026-08-31T23:05:00Z
wcomp.ask_embla.01_human_pair,story.norse.ask_embla,1,最初人类姓名,Names of the first human pair,SHARED_ELEMENT,KEEP_SEPARATE,两份见证都明确命名阿斯克与恩布拉。,Both witnesses explicitly name Ask and Embla.,2026-08-31T23:05:00Z
wcomp.ask_embla.02_divine_triad,story.norse.ask_embla,2,参与的神祇组合,Participating divine triad,DIVERGENT_ACCOUNT,KEEP_SEPARATE,诗歌三神与散文三神分别记录；功能相似不能建立身份等同。,The poetic and prose triads are recorded separately; perceived functional similarity cannot establish identity.,2026-08-31T23:05:00Z
wcomp.ask_embla.03_gift_lexemes,story.norse.ask_embla,3,赐予项目的逐词层,Gift terms at word level,EXPLICIT_UNKNOWN,NO_SYNTHESIS,本检查点尚未完成两份古诺斯语见证的逐词对齐，故不补写具体赐予项目。,"This checkpoint has not completed word-level alignment of the two Old Norse witnesses, so specific gifts are not supplied.",2026-08-31T23:05:00Z
wcomp.churn.01_uprooting,story.hindu.samudra_manthana_texts,1,谁拔起曼陀罗山,Who uproots Mount Mandara,DIVERGENT_ACCOUNT,KEEP_SEPARATE,两份见证对拔山者的叙述不同；均为中等置信度，待逐颂校对。,The witnesses differ on who uproots the mountain; both rows are medium confidence pending verse-level collation.,2026-10-02T05:40:00Z
wcomp.churn.02_rod_rope,story.hindu.samudra_manthana_texts,2,搅棒与搅绳,Churning rod and rope,SHARED_ELEMENT,KEEP_SEPARATE,两份见证都以曼陀罗山为搅棒、婆苏吉为搅绳。,Both witnesses use Mount Mandara as the rod and Vāsuki as the rope.,2026-10-02T05:40:00Z
wcomp.churn.03_tortoise,story.hindu.samudra_manthana_texts,3,托山的龟,The tortoise beneath the mountain,DIVERGENT_ACCOUNT,KEEP_SEPARATE,龟王阿库帕拉与毗湿奴的龟形化身分开建模；见显式冲突档案。,The tortoise king Akūpāra and Viṣṇu's tortoise form are modeled separately; see the explicit conflict record.,2026-10-02T05:40:00Z
wcomp.churn.04_poison,story.hindu.samudra_manthana_texts,4,毒药与湿婆,The poison and Śiva,ASYMMETRIC_WITNESS,KEEP_SEPARATE,精校本当前定位未陈述，不等于所有写本都没有。,Not stated at the critical-edition locator does not mean that every manuscript lacks it.,2026-10-02T05:40:00Z
wcomp.churn.05_emergent_items,story.hindu.samudra_manthana_texts,5,涌现之物的逐项清单,Item-by-item list of emergent beings and treasures,EXPLICIT_UNKNOWN,NO_SYNTHESIS,本检查点尚未逐项对齐两份清单，不从任一版本补齐另一版本。,This checkpoint has not aligned the two lists item by item and does not fill one from the other.,2026-10-02T05:40:00Z
wcomp.churn.06_dhanvantari,story.hindu.samudra_manthana_texts,6,檀文陀利与甘露,Dhanvantari and the amṛta,SHARED_ELEMENT,KEEP_SEPARATE,两份见证都让檀文陀利捧着甘露出现。,Both witnesses have Dhanvantari emerge with the amṛta.,2026-10-02T05:40:00Z
wcomp.churn.07_female_form_rahu,story.hindu.samudra_manthana_texts,7,女身取回甘露与罗睺被斩,"The female form, the amṛta and Rāhu",SHARED_ELEMENT,KEEP_SEPARATE,情节相近，但“摩希尼”专名实体只连接往世书见证。,"The episodes are close, but the proper-name entity Mohinī is linked only to the Purāṇic witness.",2026-10-02T05:40:00Z
wcomp.gonggong.01_pillar,story.chinese.gonggong_buzhou,1,天柱折与地维绝,The broken pillar and snapped cords,SHARED_ELEMENT,KEEP_SEPARATE,两份见证共有撞山、折天柱与天倾西北；措辞略有差异。,"Both share the collision, the broken pillar and the northwest tilt; the wording differs slightly.",2026-10-02T05:40:00Z
wcomp.gonggong.02_placement,story.chinese.gonggong_buzhou,2,叙事位置,Narrative placement,DIVERGENT_ACCOUNT,NO_SYNTHESIS,《天文训》独立成段，《列子》接在补天之后；见显式冲突档案。,"“Tian Wen” stands alone, the Liezi follows the repair; see the explicit conflict record.",2026-10-02T05:40:00Z
wcomp.nuwa.01_framing,story.chinese.nuwa_repairs_sky,1,补天前的天地状况,How the need for repair is framed,DIVERGENT_ACCOUNT,KEEP_SEPARATE,《淮南子》写宇宙崩坏的场面，《列子》用“物有不足”的问答来说明。,The Huainanzi depicts a cosmic collapse; the Liezi explains the repair through a dialogue on deficient things.,2026-10-02T05:40:00Z
wcomp.nuwa.02_stones_turtle,story.chinese.nuwa_repairs_sky,2,五色石与鳌足,Five-colored stones and the turtle's legs,SHARED_ELEMENT,KEEP_SEPARATE,两份见证都写炼石补天与断鳌足立四极。,Both witnesses have the stones and the turtle's legs.,2026-10-02T05:40:00Z
wcomp.nuwa.03_dragon_ash,story.chinese.nuwa_repairs_sky,3,黑龙与芦灰,The black dragon and reed ash,ASYMMETRIC_WITNESS,KEEP_SEPARATE,只有《淮南子》写到；“未陈述”不是反证。,Only the Huainanzi has them; not stated is not counter-evidence.,2026-10-02T05:40:00Z
wcomp.nuwa.04_gonggong,story.chinese.nuwa_repairs_sky,4,共工事件的位置,Where Gonggong appears,DIVERGENT_ACCOUNT,NO_SYNTHESIS,两份见证都不把共工写成补天的起因；不合成后世因果版本。,Neither witness makes Gonggong the cause of the repair; no later causal version is synthesized.,2026-10-02T05:40:00Z
