comparison_id,story_version_id,story_section_id,member_order,evidence_state,original_form,transliteration,source_location,anchor_claim_id,summary_zh,summary_en,difference_note_zh,difference_note_en,created_at
wcomp.aphrodite.01_origin_scene,storyver.greek.aphrodite_theogony,storysec.aphro.theogony.2,1,ATTESTED,Ἀφροδίτη,Aphrodítē,"Theogony, lines 188–206",claim.v050.theogony.aphrodite_origin,叙述阿佛洛狄忒在海中形成并显现。,Narrates Aphrodite forming and appearing from the sea.,这是完整叙事段落，而非单一亲属称谓。,This is a narrative passage rather than a single kinship designation.,2026-08-31T23:05:00Z
wcomp.aphrodite.01_origin_scene,storyver.greek.aphrodite_iliad,,2,NOT_STATED,Ἀφροδίτη,Aphrodítē,Iliad 5.370–372; 14.193,,当前定位没有叙述完整出生过程。,The selected passages do not narrate a complete birth process.,只保留“当前定位未陈述”；不从沉默推演结论。,Only the absence in the selected locators is recorded; no conclusion is inferred from silence.,2026-08-31T23:05:00Z
wcomp.aphrodite.02_mother_term,storyver.greek.aphrodite_theogony,,1,NOT_STATED,Ἀφροδίτη,Aphrodítē,"Theogony, lines 188–206",,当前起源段落没有把狄俄涅称为母亲。,The selected origin passage does not call Dione the mother.,未陈述不等于文本否定狄俄涅。,Not stated does not mean that the text rejects Dione.,2026-08-31T23:05:00Z
wcomp.aphrodite.02_mother_term,storyver.greek.aphrodite_iliad,storysec.aphro.iliad.1,2,ATTESTED,Διώνη,Diṓnē,"Iliad, Book 5, lines 370–372",claim.v050.iliad5.aphrodite_child_dione,文本把狄俄涅称为阿佛洛狄忒的母亲。,The passage designates Dione as Aphrodite’s mother.,这是亲属称谓见证，不是完整诞生叙事。,"This is kinship evidence, not a complete birth narrative.",2026-08-31T23:05:00Z
wcomp.aphrodite.03_zeus_daughter,storyver.greek.aphrodite_theogony,,1,NOT_STATED,Ἀφροδίτη,Aphrodítē,"Theogony, lines 188–206",,当前起源段落没有使用“宙斯之女”称谓。,The selected origin passage does not use a daughter-of-Zeus designation.,只记录此段落的文本范围。,Only the scope of this passage is recorded.,2026-08-31T23:05:00Z
wcomp.aphrodite.03_zeus_daughter,storyver.greek.aphrodite_iliad,storysec.aphro.iliad.2,2,ATTESTED,Διὸς θυγάτηρ,Diòs thugátēr,"Iliad, Book 14, line 193",claim.v050.iliad14.aphrodite_child_zeus,文本使用宙斯之女的称谓。,The passage uses a daughter-of-Zeus designation.,称谓不自动提供出生过程。,The designation does not automatically supply a birth process.,2026-08-31T23:05:00Z
wcomp.aphrodite.04_editorial_result,storyver.greek.aphrodite_theogony,storysec.aphro.theogony.3,1,ATTESTED,Θεογονία,Theogonía,"Theogony, lines 188–206",claim.v050.theogony.aphrodite_origin,海中诞生见证独立保留。,The sea-birth witness remains independent.,不由《伊利亚特》称谓改写。,It is not rewritten by Iliadic kinship language.,2026-08-31T23:05:00Z
wcomp.aphrodite.04_editorial_result,storyver.greek.aphrodite_iliad,storysec.aphro.iliad.3,2,ATTESTED,Ἰλιάς,Iliás,Iliad 5.370–372; 14.193,claim.v050.iliad5.dione_mentioned,宙斯—狄俄涅亲属见证独立保留。,The Zeus-Dione kinship witness remains independent.,不被改写为《神谱》海中诞生。,It is not rewritten as the Theogony sea birth.,2026-08-31T23:05:00Z
wcomp.ask_embla.01_human_pair,storyver.norse.ask_embla_voluspa,storysec.ask.voluspa.1,1,ATTESTED,Askr / Embla,Askr / Embla,Völuspá 17–18,claim.v0190.voluspa_ask,诗歌见证命名阿斯克与恩布拉。,The poetic witness names Ask and Embla.,两个人名是共享元素；叙述细节仍按见证分开。,The two names are shared elements; narrative details remain witness-specific.,2026-08-31T23:05:00Z
wcomp.ask_embla.01_human_pair,storyver.norse.ask_embla_gylf,storysec.ask.gylf.1,2,ATTESTED,Askr / Embla,Askr / Embla,Gylfaginning 8–9,claim.v0190.gylf_ask,散文见证同样命名阿斯克与恩布拉。,The prose witness also names Ask and Embla.,同名不使散文成为诗歌的简单复本。,Shared names do not make the prose a simple copy of the poem.,2026-08-31T23:05:00Z
wcomp.ask_embla.02_divine_triad,storyver.norse.ask_embla_voluspa,storysec.ask.voluspa.2,1,ATTESTED,Óðinn / Hœnir / Lóðurr,Óðinn / Hœnir / Lóðurr,Völuspá 17–18,claim.v0190.voluspa_triad,诗歌列出奥丁、赫尼尔与洛杜尔。,"The poem presents Odin, Hoenir, and Lodurr.",不把赫尼尔／洛杜尔自动等同于维利／维。,Hoenir and Lodurr are not automatically equated with Vili and Ve.,2026-08-31T23:05:00Z
wcomp.ask_embla.02_divine_triad,storyver.norse.ask_embla_gylf,storysec.ask.gylf.2,2,ATTESTED,Óðinn / Vili / Vé,Óðinn / Vili / Vé,Gylfaginning 8–9,claim.v0190.gylf_triad,散文列出奥丁、维利与维。,"The prose presents Odin, Vili, and Ve.",神祇组合差异保持为文本版本差异。,The difference in divine groupings remains a textual variant.,2026-08-31T23:05:00Z
wcomp.ask_embla.03_gift_lexemes,storyver.norse.ask_embla_voluspa,,1,UNMODELED,Völuspá 18,Völuspá 18,Völuspá 17–18,,具体赐予项目尚未进入逐词对齐表。,Specific gifts have not yet entered the word-level alignment layer.,当前证据未说明于本结构化检查点；保留为研究队列。,The current structured checkpoint does not state them; the gap remains queued.,2026-08-31T23:05:00Z
wcomp.ask_embla.03_gift_lexemes,storyver.norse.ask_embla_gylf,,2,UNMODELED,Gylfaginning 9,Gylfaginning 9,Gylfaginning 8–9,,具体赐予项目尚未进入逐词对齐表。,Specific gifts have not yet entered the word-level alignment layer.,不凭现代通俗转述补齐。,Modern popular retellings are not used to fill the gap.,2026-08-31T23:05:00Z
