id,story_version_id,event_order,title_zh,title_en,summary_zh,summary_en,anchor_claim_id,event_entity_id,place_entity_id,location_kind,coordinate_policy,evidence_status,uncertainty_note,created_at
storyevent.anzu.1,storyver.akkadian.anzu_oracc,1,命运泥板被夺,The Tablet is stolen,ORACC的学术纲要把安祖写成夺走命运泥板的对手。,The ORACC scholarly synopsis presents Anzu as the antagonist who steals the Tablet of Destinies.,claim.v0200.anzu_steals,,,UNSPECIFIED,NO_COORDINATE,SOURCE_BACKED,本站不是泥板全文译本。,2026-08-30T03:30:00Z
storyevent.anzu.2,storyver.akkadian.anzu_oracc,2,宁努尔塔出战,Ninurta fights,宁努尔塔在登记的叙事纲要中成为获胜的神圣英雄，并击败安祖。,Ninurta becomes the victorious divine hero in the registered synopsis and defeats Anzu.,claim.v0200.ninurta_defeats,,,UNSPECIFIED,NO_COORDINATE,SOURCE_BACKED,战斗动作的逐行细节未在当前层展开。,2026-08-30T03:30:00Z
storyevent.anzu.3,storyver.akkadian.anzu_oracc,3,泥板被取回,The Tablet is recovered,故事以宁努尔塔取回命运泥板作为当前证据层的结果。,The current evidence layer ends with Ninurta recovering the Tablet of Destinies.,claim.v0200.ninurta_recovers,,,UNSPECIFIED,NO_COORDINATE,SOURCE_BACKED,不同安祖文本版本将在后续分别建档。,2026-08-30T03:30:00Z
storyevent.aphro.iliad.1,storyver.greek.aphrodite_iliad,1,狄俄涅被称为母亲,Dione is called mother,《伊利亚特》第5卷写阿佛洛狄忒来到母亲狄俄涅身边。这是亲属称谓见证，不是完整诞生场景。,"Iliad Book 5 presents Aphrodite coming to her mother Dione. This is a kinship witness, not a complete birth scene.",claim.v050.iliad5.aphrodite_child_dione,,,UNSPECIFIED,NO_COORDINATE,SOURCE_BACKED,不要从一处称谓推演未叙述的出生过程。,2026-08-30T03:30:00Z
storyevent.aphro.iliad.2,storyver.greek.aphrodite_iliad,2,宙斯之女,Daughter of Zeus,《伊利亚特》第14卷又把阿佛洛狄忒称为宙斯之女，形成与《神谱》海中诞生不同的家谱层。,"Iliad Book 14 also calls Aphrodite a daughter of Zeus, creating a genealogical layer different from the sea-birth account in the Theogony.",claim.v050.iliad14.aphrodite_child_zeus,,,UNSPECIFIED,NO_COORDINATE,SOURCE_BACKED,“女儿”是文本称谓；本页不补写其出生情节。,2026-08-30T03:30:00Z
storyevent.aphro.iliad.3,storyver.greek.aphrodite_iliad,3,两个古代版本共存,Two ancient versions coexist,数据库保留《神谱》与《伊利亚特》的差异，并通过冲突档案让读者并排查看，而不是按名称或现代常识合并。,The database preserves the difference between the Theogony and the Iliad and exposes it through a conflict record instead of merging the accounts by name or modern convention.,claim.v050.iliad5.dione_mentioned,,,UNSPECIFIED,NO_COORDINATE,SOURCE_BACKED,冲突状态保持开放。,2026-08-30T03:30:00Z
storyevent.aphro.theogony.1,storyver.greek.aphrodite_theogony,1,乌拉诺斯之后,After Uranus,《神谱》的出身叙事把阿佛洛狄忒的出现连接到乌拉诺斯受创后落入海中的身体部分。,The Theogony connects the appearance of Aphrodite to what falls into the sea after the wounding of Uranus.,claim.v050.theogony.aphrodite_origin,,,UNSPECIFIED,NO_COORDINATE,SOURCE_BACKED,本站以简洁概述处理古代文本中的身体暴力。,2026-08-30T03:30:00Z
storyevent.aphro.theogony.2,storyver.greek.aphrodite_theogony,2,海中诞生,Birth from the sea,这一见证叙述她从海中形成并显现，因此不使用“宙斯之女”作为此版本的出生框架。,This witness narrates her formation and appearance from the sea and therefore does not use the daughter-of-Zeus genealogy as its birth frame.,claim.v050.theogony.aphrodite_origin,,,UNSPECIFIED,NO_COORDINATE,SOURCE_BACKED,只说明此版本，不否定其他古代见证。,2026-08-30T03:30:00Z
storyevent.aphro.theogony.3,storyver.greek.aphrodite_theogony,3,版本边界,Version boundary,海中诞生是《神谱》的故事版本；《伊利亚特》的家谱称谓在下一版本单独阅读。,The sea birth is the Theogony version; the genealogy terms in the Iliad are read separately in the next version.,claim.v050.theogony.aphrodite_origin,,,UNSPECIFIED,NO_COORDINATE,SOURCE_BACKED,系统不裁定唯一正确版本。,2026-08-30T03:30:00Z
storyevent.ask.gylf.1,storyver.norse.ask_embla_gylf,1,散文中的最初人类,First humans in prose,《欺骗古鲁菲》8–9章同样命名阿斯克与恩布拉，构成散文版的人类起源见证。,"Gylfaginning 8–9 also names Ask and Embla, forming the prose witness to human origins.",claim.v0190.gylf_ask,,,UNSPECIFIED,NO_COORDINATE,SOURCE_BACKED,不把散文版当作诗歌版的简单翻译。,2026-08-30T03:30:00Z
storyevent.ask.gylf.2,storyver.norse.ask_embla_gylf,2,奥丁、维利与维,"Odin, Vili, and Ve",散文序列把奥丁、维利与维列为博尔之子，并放在这一创造框架中。,"The prose sequence identifies Odin, Vili, and Ve as sons of Borr and places them in this creation frame.",claim.v0190.gylf_triad,,,UNSPECIFIED,NO_COORDINATE,SOURCE_BACKED,人物组合与《女巫预言》不同。,2026-08-30T03:30:00Z
storyevent.ask.gylf.3,storyver.norse.ask_embla_gylf,3,不强制对应,No forced equivalence,系统不把维利／维与赫尼尔／洛杜尔按功能相似强制合并；当前只呈现两个文本明确给出的名字。,The system does not force Vili and Ve to equal Hoenir and Lodurr by perceived functional similarity; it presents only the names explicit in each text.,claim.v0190.gylf_embla,,,UNSPECIFIED,NO_COORDINATE,SOURCE_BACKED,身份对应留作研究问题。,2026-08-30T03:30:00Z
storyevent.ask.voluspa.1,storyver.norse.ask_embla_voluspa,1,阿斯克与恩布拉,Ask and Embla,《女巫预言》17–18节在最初人类段落中分别命名阿斯克与恩布拉。,Voluspa 17–18 names Ask and Embla in its first-human episode.,claim.v0190.voluspa_ask,,,UNSPECIFIED,NO_COORDINATE,SOURCE_BACKED,当前中文概述不复制现代译文。,2026-08-30T03:30:00Z
storyevent.ask.voluspa.2,storyver.norse.ask_embla_voluspa,2,诗歌中的三位神,The poetic triad,这段诗歌把奥丁、赫尼尔与洛杜尔放在同一创造人类场景中。,"The poetic passage places Odin, Hoenir, and Lodurr together in the human-creation scene.",claim.v0190.voluspa_triad,,,UNSPECIFIED,NO_COORDINATE,SOURCE_BACKED,各神具体赐予项目将在逐词校勘后补充。,2026-08-30T03:30:00Z
storyevent.ask.voluspa.3,storyver.norse.ask_embla_voluspa,3,与散文版不同,Different from the prose account,这里记录的是诗歌三神组合；《欺骗古鲁菲》的奥丁、维利、维组合不会覆盖它。,"This is the poetic triad; the Odin, Vili, and Ve grouping in Gylfaginning does not overwrite it.",claim.v0190.voluspa_embla,,,UNSPECIFIED,NO_COORDINATE,SOURCE_BACKED,差异保持为版本并存，而非人物自动等同。,2026-08-30T03:30:00Z
storyevent.demeter.1,storyver.greek.demeter_hymn2,1,女儿被带走,The daughter is taken,赞歌开篇把珀耳塞福涅置于被带往冥界的事件中心，并说哈得斯在本见证中得到宙斯同意。,The hymn opens with Persephone at the center of the taking to the underworld and says that Hades acts with the consent of Zeus in this witness.,claim.v050.h2.hades_participated,,,UNSPECIFIED,NO_COORDINATE,SOURCE_BACKED,这里只陈述本赞歌的叙事，不代表所有希腊版本。,2026-08-30T03:30:00Z
storyevent.demeter.2,storyver.greek.demeter_hymn2,2,得墨忒耳寻找,Demeter searches,得墨忒耳离开诸神寻找女儿。赫卡忒与赫利俄斯出现在寻找段落中，承担的角色以已登记的赞歌行号为限。,"Demeter leaves the gods and searches for her daughter. Hecate and Helios appear in the search passage, with their roles limited to the registered hymn lines.",claim.v050.h2.demeter_participated,,,UNSPECIFIED,NO_COORDINATE,SOURCE_BACKED,未把其他作者的寻找情节混入。,2026-08-30T03:30:00Z
storyevent.demeter.3,storyver.greek.demeter_hymn2,3,厄琉息斯与回返框架,Eleusis and the return framework,事件档案记录得墨忒耳来到厄琉息斯；赞歌继续处理珀耳塞福涅的回返安排及仪式建立。秘密仪式的内部内容没有从公开证据重构。,The event record brings Demeter to Eleusis; the hymn continues with arrangements for Persephone to return and the establishment of rites. The internal content of the mysteries is not reconstructed from public evidence.,claim.v050.h2.event_appears,,,UNSPECIFIED,NO_COORDINATE,SOURCE_BACKED,仪式内部内容明确保留为未知。,2026-08-30T03:30:00Z
storyevent.eightthunder.1,storyver.japanese.eight_thunder_kojiki,1,黄泉段落,The Yomi passage,学术神名索引把八位雷神定位到《古事记》上卷的黄泉段落，并说他们出现在伊邪那美身上。,The scholarly divine-name index locates the eight thunder kami in the Yomi episode of the upper Kojiki scroll and places them on Izanami.,claim.v060.japanese.eight_thunder_appears_kojiki,,,UNSPECIFIED,NO_COORDINATE,SOURCE_BACKED,只采用公开学术索引范围。,2026-08-30T03:30:00Z
storyevent.eightthunder.2,storyver.japanese.eight_thunder_kojiki,2,八个独立名称,Eight distinct names,数据库为大雷、火雷、黑雷、拆雷、若雷、土雷、鸣雷与伏雷分别建档，不把八名压成一个泛称。,"The database keeps Ooikazuchi, Honoikazuchi, Kuroikazuchi, Sakuikazuchi, Wakaikazuchi, Tsuchiikazuchi, Naruikazuchi, and Fusuikazuchi as separate records rather than one generic name.",claim.v060.japanese.ooikazuchi_member,,,UNSPECIFIED,NO_COORDINATE,SOURCE_BACKED,部分名称的精细语义仍待校勘。,2026-08-30T03:30:00Z
storyevent.eightthunder.3,storyver.japanese.eight_thunder_kojiki,3,不自动等同地方神,No automatic local identification,鸣雷、若雷等相近名称在后世神社或地方传统中可能出现，但系统不会仅凭名字相似就认定为《古事记》中的同一神。,"Similar names such as Naruikazuchi or Wakaikazuchi may occur in later shrine or local traditions, but name similarity alone does not establish identity with the Kojiki figures.",claim.v060.japanese.naruikazuchi_member,,,UNSPECIFIED,NO_COORDINATE,SOURCE_BACKED,身份关系保留为争议或未知。,2026-08-30T03:30:00Z
storyevent.eleusinia.1,storyver.greek.eleusinia_acropolis,1,雅典的公开起点,Public beginning in Athens,博物馆档案说宗教进程从雅典开始，并把雅典厄琉西尼翁出土材料纳入路线展览。,The museum record says the religious procession began in Athens and includes material from the Athenian Eleusinion in the route exhibition.,claim.v0260.eleusinion_procession_start,,site.greece.eleusinion_athens,REAL_SITE,NO_COORDINATE,SOURCE_BACKED,当前档案不是逐日祭程表。,2026-08-30T03:30:00Z
storyevent.eleusinia.2,storyver.greek.eleusinia_acropolis,2,沿圣道前往厄琉息斯,Along the Sacred Way to Eleusis,公开进程由雅典沿圣道通向厄琉息斯；达夫尼阿佛洛狄忒圣所等地点属于道路考古层，不是虚构的冒险节点。,"The public procession moved from Athens along the Sacred Way toward Eleusis; sites such as the Aphrodite sanctuary at Daphne belong to the road’s archaeology, not an invented adventure sequence.",claim.v080.eleusinia_sacredway,,site.greece.sacred_way,REAL_SITE,ENTITY_PROFILE_ONLY,SOURCE_BACKED,每一停驻点与日期尚未在当前来源中完整列出。,2026-08-30T03:30:00Z
storyevent.eleusinia.3,storyver.greek.eleusinia_acropolis,3,进入厄琉息斯遗址,Entering the Eleusinian sanctuary,希腊官方遗产资料说明，圣道在厄琉息斯延续为进程道路，并通向遗址内部。,Greek official heritage information describes the Sacred Way continuing as the Processional Road inside the Eleusinian site.,claim.v080.sacredway_eleusis,,site.greece.eleusis,REAL_SITE,ENTITY_PROFILE_ONLY,SOURCE_BACKED,这里只处理可见道路与遗址关系。,2026-08-30T03:30:00Z
storyevent.eleusinia.4,storyver.greek.eleusinia_acropolis,4,在仪式厅结束的公开路线,Public route culminating at the Telesterion,博物馆档案把公开进程的终点置于厄琉息斯圣所的特勒斯特里翁；这不授权重建保密入会仪式。,The museum record places the public procession’s culmination at the Telesterion in the Eleusinian sanctuary; this does not authorize reconstruction of secret initiation rites.,claim.v0260.eleusinia_culminates_telesterion,,site.greece.eleusis_telesterion,REAL_SITE,ENTITY_PROFILE_ONLY,SOURCE_BACKED,秘仪内部内容：当前公开证据未说明，且系统不补写。,2026-08-30T03:30:00Z
storyevent.forge.1,storyver.norse.forging_skald,1,锻造竞赛的参与者,Participants in the contest,《诗语法》第35章把布罗克与铁匠放入诸神宝物的锻造竞赛；名字Sindri/Eitri的关系另有身份审计。,Skaldskaparmal 35 places Brokkr and the smith in the forging contest for divine treasures; the Sindri and Eitri naming issue has a separate identity audit.,claim.brokkr.participated_forging,,,UNSPECIFIED,NO_COORDINATE,PARTIAL,姓名异文不在故事中粗暴合并。,2026-08-30T03:30:00Z
storyevent.forge.2,storyver.norse.forging_skald,2,三件宝物,Three treasures,当前登记的锻造序列产生古林博斯帝、德罗普尼尔和妙尔尼尔，分别连接到创造Claims。,"The registered forging sequence produces Gullinbursti, Draupnir, and Mjolnir, each linked to creation claims.",claim.brokkr.creator_mjolnir,,,UNSPECIFIED,NO_COORDINATE,PARTIAL,未登记的制造细节不在此补写。,2026-08-30T03:30:00Z
storyevent.forge.3,storyver.norse.forging_skald,3,交付诸神,Presented to the gods,事件档案以三件宝物被展示给诸神作为结果层；本页没有把现代武器能力清单当作中世纪文本。,The event profile ends with the three treasures presented to the gods; modern ability lists are not treated as medieval text.,claim.eitri.creator_draupnir,,,UNSPECIFIED,NO_COORDINATE,PARTIAL,更完整竞赛过程仍待逐段证据化。,2026-08-30T03:30:00Z
storyevent.hammer.1,storyver.norse.hammer_thrymskvida,1,索尔寻找锤子,Thor seeks the hammer,《索列姆之歌》把索尔置于寻找妙尔尼尔的中心位置。,Thrymskvida places Thor at the center of the search for Mjolnir.,claim.v060.norse.thor_appears_thrymskvida,,,UNSPECIFIED,NO_COORDINATE,PARTIAL,当前版不扩写尚未逐节入库的情节。,2026-08-30T03:30:00Z
storyevent.hammer.2,storyver.norse.hammer_thrymskvida,2,洛基同行,Loki accompanies him,洛基在诗中同行并提供建议；这项同伴关系不表示索尔与洛基是兄弟。,Loki accompanies and advises him in the poem; this companionship does not make Thor and Loki brothers.,claim.v060.norse.loki_appears_thrymskvida,,,UNSPECIFIED,NO_COORDINATE,PARTIAL,保持亲属关系与故事同伴关系分离。,2026-08-30T03:30:00Z
storyevent.hammer.3,storyver.norse.hammer_thrymskvida,3,寻回框架,Recovery frame,当前证据层确认两者共同处于妙尔尼尔寻回故事，但婚礼伪装与逐节行动尚未在本版本拆成独立Claims。,"The current evidence layer confirms both figures in the recovery story, while the wedding disguise and stanza-by-stanza actions have not yet been modeled as separate claims.",claim.v060.norse.thor_loki_thrymskvida,,,UNSPECIFIED,NO_COORDINATE,PARTIAL,详情将在后续逐节版本扩充。,2026-08-30T03:30:00Z
storyevent.inanna.1,storyver.sumerian.inanna_etcsl,1,把心意转向地下,Turning toward the world below,作品1.4.1开篇说伊南娜把心意转向地下世界，并离开天与地展开下降。,Composition 1.4.1 opens with Inana setting her mind on the world below and leaving heaven and earth to descend.,claim.sumerian.inanna_participates_descent,,,UNSPECIFIED,NO_COORDINATE,PARTIAL,中文为独立转述，不复制ETCSL现代译文。,2026-08-30T03:30:00Z
storyevent.inanna.2,storyver.sumerian.inanna_etcsl,2,冥界事件,The netherworld event,数据库目前确认伊南娜是下降事件的参与者，并将其归为冥界旅程；门、裁决与复生阶段仍待逐行Claims。,"The database currently confirms Inana as the participant in a descent event classified as an underworld journey; the gates, judgment, and revival still need line-level claims.",claim.sumerian.inanna_participates_descent,,,UNSPECIFIED,NO_COORDINATE,PARTIAL,细节未完成结构化。,2026-08-30T03:30:00Z
storyevent.inanna.3,storyver.sumerian.inanna_etcsl,3,替代者段落仍待扩张,The substitute sequence remains open,作品后段与伊南娜返回及替代者有关，但v0.25不在没有逐行证据链接时把整段写成已完成版本。,"The later composition concerns Inanas return and a substitute, but v0.25 does not present the whole sequence as complete without line-level evidence links.",claim.sumerian.inanna_participates_descent,,,UNSPECIFIED,NO_COORDINATE,PARTIAL,明确显示为资料缺口。,2026-08-30T03:30:00Z
storyevent.indra.1,storyver.vedic.indra_vritra_rv132,1,颂歌中的对手,Opponents in the hymn,《梨俱吠陀》1.32把因陀罗列为主要行动者，把弗栗多列为他的对手。,Rigveda 1.32 identifies Indra as the principal agent and Vrtra as his opponent.,claim.v060.vedic.indra_participated_vrtra_event,,,UNSPECIFIED,NO_COORDINATE,SOURCE_BACKED,本页只代表此颂歌见证。,2026-08-30T03:30:00Z
storyevent.indra.2,storyver.vedic.indra_vritra_rv132,2,金刚杵,The vajra,同一颂歌的登记Claims把金刚杵连接到因陀罗，并把其制造连接到陀湿多。,Claims registered from the same hymn connect the vajra to Indra and its making to Tvastr.,claim.v060.vedic.indra_uses_vajra,,,UNSPECIFIED,NO_COORDINATE,SOURCE_BACKED,不把后期佛教或图像版本反投到吠陀颂歌。,2026-08-30T03:30:00Z
storyevent.indra.3,storyver.vedic.indra_vritra_rv132,3,水流释放,Release of the waters,事件档案以对手被击杀、水得以流出作为颂歌叙事结果；它不是现代自然科学陈述。,The event profile records the opponent struck down and the waters flowing out as the narrative result of the hymn; it is not a modern scientific statement.,claim.v060.vedic.event_appears_rigveda,,,UNSPECIFIED,NO_COORDINATE,SOURCE_BACKED,知识层保持为神话叙事／文本见证。,2026-08-30T03:30:00Z
storyevent.kamo.1,storyver.japanese.kamo_fudoki_fragment,1,逸文而非完整原书,"A fragment, not the complete work",资料来自《山城国风土记》逸文的学术说明；原书没有完整保存，因此系统不重建一部想象中的完整《风土记》。,"The evidence comes from an academic account of a surviving Yamashiro Fudoki fragment; the full work is not extant, so the system does not reconstruct an imagined complete text.",claim.v0180.fragment_incomplete,,,UNSPECIFIED,NO_COORDINATE,PARTIAL,文本状态明确为fragment。,2026-08-30T03:30:00Z
storyevent.kamo.2,storyver.japanese.kamo_fudoki_fragment,2,玉依姬与红箭,Tamayorihime and the red arrow,逸文谱系点名玉依姬，并把红箭解释为乙训地区所祭火雷神的变化形。,The fragmentary genealogy names Tamayorihime and explains the red arrow as a transformed form of Honoikazuchi worshipped in Otokuni.,claim.v0180.fragment_mentions_hono,,,UNSPECIFIED,NO_COORDINATE,PARTIAL,独立概述，不复制现代条目原文。,2026-08-30T03:30:00Z
storyevent.kamo.3,storyver.japanese.kamo_fudoki_fragment,3,贺茂别雷大神的出生谱系,Birth genealogy of Kamo Wakeikazuchi,现有Claims把玉依姬登记为母亲，把红箭所对应的火雷神登记为父系角色，并把结果连接到贺茂别雷大神。,"Existing claims register Tamayorihime as mother, the thunder deity associated with the red arrow as the paternal figure, and Kamo Wakeikazuchi as the resulting child.",claim.v0100.tamayori_parent_kamo,,,UNSPECIFIED,NO_COORDINATE,PARTIAL,地方传统与《古事记》八雷神仍保持分离。,2026-08-30T03:30:00Z
storyevent.leize.1,storyver.chinese.leize_shanhaijing,1,雷泽中的神,A spirit in Leize,《山海经·海内东经》的登记段落在雷泽描写一位无名雷神。,The registered Hai Nei Dong Jing passage describes an unnamed thunder spirit in Leize.,claim.v060.chinese.leize_appears_shanhaijing,,,UNSPECIFIED,NO_COORDINATE,SOURCE_BACKED,“雷泽雷神”是数据库定位名，不是文本给出的专名。,2026-08-30T03:30:00Z
storyevent.leize.2,storyver.chinese.leize_shanhaijing,2,击腹发雷,Thunder from the belly,该段把雷声与神灵击打腹部相连，系统把它保存为文本中的神话叙述。,"The passage connects thunder with the spirit striking its belly, and the system preserves this as a mythic statement in the text.",claim.v060.chinese.leize_thunder_scope,,,UNSPECIFIED,NO_COORDINATE,SOURCE_BACKED,不把神话陈述当作自然科学解释。,2026-08-30T03:30:00Z
storyevent.leize.3,storyver.chinese.leize_shanhaijing,3,与后世雷公分开,Separate from later Leigong,因为文本没有给出后世雷公的专名与完整形象，系统不按“雷神”这个共通标签自动合并。,"Because the passage does not give the later proper name and full image of Leigong, the system does not merge the figures under the generic label thunder god.",claim.v060.chinese.leize_thunder_scope,,,UNSPECIFIED,NO_COORDINATE,SOURCE_BACKED,后世接受史将在独立版本中处理。,2026-08-30T03:30:00Z
storyevent.maori.1,storyver.maori.creation_teara,1,多种创世传统,Many creation traditions,Te Ara明确说明毛利拥有多种创世传统，不同部族讲述不同版本；因此本站没有建立单一“标准毛利创世故事”。,Te Ara explicitly states that Maori have many creation traditions and that iwi tell different versions; the site therefore does not create one standard Maori creation story.,claim.v0230.maori_many,,,UNSPECIFIED,NO_COORDINATE,SOURCE_BACKED,公开页面只处理来源允许的概括层。,2026-08-30T03:30:00Z
storyevent.maori.2,storyver.maori.creation_teara,2,Io传统并非普遍,Io is not universal,同一公开来源指出，并非所有部族都有Io传统；系统将这一差异保存为版本范围，而不是判断某一部族错误。,The same public source notes that not all iwi have an Io tradition; the system records this as version scope rather than judging any iwi to be wrong.,claim.v0230.maori_io,,,UNSPECIFIED,NO_COORDINATE,SOURCE_BACKED,不把一个部族版本推广为全体毛利传统。,2026-08-30T03:30:00Z
storyevent.maori.3,storyver.maori.creation_teara,3,权限先于收集,Permission before collection,部族专属、非公开或具限制性的内容默认不收集；只有适当权威给予明确范围许可后，才可建立受控记录。,"Iwi-specific, non-public, or restricted material is not collected by default; a controlled record requires scoped permission from an appropriate authority.",claim.v0230.maori_permission,,,UNSPECIFIED,NO_COORDINATE,SOURCE_BACKED,此处不展示受限故事内容。,2026-08-30T03:30:00Z
storyevent.marduk.1,storyver.babylonian.enuma_elish,1,创世战斗的两方,The two sides of the creation combat,登记的《埃努玛·埃利什》Claims确认马尔杜克与提亚马特都参与这场创世战斗。,Registered Enuma elish claims confirm that both Marduk and Tiamat participate in the creation combat.,claim.babylonian.marduk_participates_combat,,,UNSPECIFIED,NO_COORDINATE,PARTIAL,战斗逐步过程尚未入库。,2026-08-30T03:30:00Z
storyevent.marduk.2,storyver.babylonian.enuma_elish,2,数字校勘语料,A digital critical corpus,故事页直接连接电子巴比伦图书馆的数字语料，而不是引用无出处的现代故事改写。,The story page links directly to the electronic Babylonian Library corpus instead of relying on an unsourced modern retelling.,claim.babylonian.tiamat_participates_combat,,,UNSPECIFIED,NO_COORDINATE,PARTIAL,语料界面与翻译权利按来源条款。,2026-08-30T03:30:00Z
storyevent.marduk.3,storyver.babylonian.enuma_elish,3,当前版本的边界,Boundary of the current version,胜负、世界形成与王权确认的详细次序将在泥板逐行建模后加入；当前不把常见概述冒充已验证Claims。,"The detailed order of victory, world formation, and kingship will be added after tablet-level modeling; common summaries are not presented as verified claims here.",claim.babylonian.marduk_participates_combat,,,UNSPECIFIED,NO_COORDINATE,PARTIAL,当前证据未细分这些阶段。,2026-08-30T03:30:00Z
storyevent.medea.1,storyver.greek.medea_library,1,回到科尔喀斯,Return to Colchis,《书库》1.9.28把美狄亚写成返回科尔喀斯并采取行动的人物。,Library 1.9.28 presents Medea as the figure who returns to Colchis and acts.,claim.v090.medea_participated_restoration,,,UNSPECIFIED,NO_COORDINATE,SOURCE_BACKED,这是汇编中的短序列，不扩写对话或动机。,2026-08-30T03:30:00Z
storyevent.medea.2,storyver.greek.medea_library,2,同名者的结局,The fate of a namesake,在这一段中，被杀并被废黜的是赫利俄斯之子、埃厄忒斯兄弟的珀耳塞斯，而不是赫卡忒之父的泰坦珀耳塞斯。,"The Perses killed and deposed here is the son of Helios and brother of Aeetes, not the Titan Perses who is father of Hecate.",claim.v090.perses_participated_restoration,,,UNSPECIFIED,NO_COORDINATE,SOURCE_BACKED,严格防止同名人物合并。,2026-08-30T03:30:00Z
storyevent.medea.3,storyver.greek.medea_library,3,王位恢复,Restoration of the throne,短篇以埃厄忒斯恢复王位结束；当前证据没有为这一结局补写更长的政治过程。,The short sequence ends with Aeetes restored to the kingdom; the current evidence does not invent a longer political process.,claim.v090.aeetes_participated_restoration,,,UNSPECIFIED,NO_COORDINATE,SOURCE_BACKED,当前证据未说明的过程保持空缺。,2026-08-30T03:30:00Z
storyevent.mimir.1,storyver.norse.odin_mimir_gylf,1,智慧之泉,The well of wisdom,《欺骗古鲁菲》第15章把密米尔写成密米尔之泉的主人或守护者，并把泉水与智慧相连。,Gylfaginning 15 presents Mimir as owner or keeper of Mimirs well and associates the well with wisdom.,claim.mimir.owns_well,,,UNSPECIFIED,NO_COORDINATE,SOURCE_BACKED,只采用登记到数据库的文本层。,2026-08-30T03:30:00Z
storyevent.mimir.2,storyver.norse.odin_mimir_gylf,2,奥丁的交换,Odins exchange,同一章说奥丁为了饮泉而交出一只眼睛。,The same chapter says that Odin gives an eye in order to drink from the well.,claim.odin.associated_mimisbrunnr,,,UNSPECIFIED,NO_COORDINATE,SOURCE_BACKED,不补写文本未登记的对话。,2026-08-30T03:30:00Z
storyevent.mimir.3,storyver.norse.odin_mimir_gylf,3,代价与知识,Cost and knowledge,故事阅读页把这段呈现为有来源的交换事件，而不是对北欧文化作普遍心理学解释。,"The reading page presents the passage as a sourced exchange event, not as a universal psychological interpretation of Norse culture.",claim.odin.associated_mimisbrunnr,,,UNSPECIFIED,NO_COORDINATE,SOURCE_BACKED,象征解释须有独立学术来源后才能加入。,2026-08-30T03:30:00Z
storyevent.mot.1,storyver.ugaritic.baal_mot_ktu15_16,1,巴力与穆特,Baal and Mot,KTU 1.5–1.6的语料登记把巴力与穆特放在同一残缺事件序列。,The KTU 1.5–1.6 corpus record places Baal and Mot in one fragmentary event sequence.,claim.v0200.event_baal,,,UNSPECIFIED,NO_COORDINATE,PARTIAL,不同泥板栏位尚未逐栏发布到本站。,2026-08-30T03:30:00Z
storyevent.mot.2,storyver.ugaritic.baal_mot_ktu15_16,2,阿纳特参与,Anat participates,阿纳特也被已验证的参与Claim连接到巴力—穆特的恢复序列。,A verified participant claim also links Anat to the Baal-Mot recovery sequence.,claim.v0200.event_anat,,,UNSPECIFIED,NO_COORDINATE,PARTIAL,具体动作等待逐栏校勘。,2026-08-30T03:30:00Z
storyevent.mot.3,storyver.ugaritic.baal_mot_ktu15_16,3,返回不等于死亡消失,Return is not the end of death,巴力在叙事序列中返回，但系统明确不把它解释为“死亡永久被消灭”的普遍命题。,"Baal returns within the narrative sequence, but the system explicitly does not interpret this as a universal claim that death was permanently destroyed.",claim.v0200.event_no_permanent_death,,,UNSPECIFIED,NO_COORDINATE,PARTIAL,避免把残缺神话普遍化。,2026-08-30T03:30:00Z
storyevent.opet.1,storyver.egyptian.opet_mota,1,从卡纳克出发,Departure from Karnak,官方档案将奥佩特节的公开进程起点放在卡纳克诸神庙，并点名阿蒙、穆特与孔苏的神像。,"The official record places the public procession’s departure at the Karnak temples and names the cult images of Amun, Mut, and Khonsu.",claim.v070.egypt.opet_associated_karnak,,site.egypt.karnak,REAL_SITE,ENTITY_PROFILE_ONLY,SOURCE_BACKED,当前来源未给出每一尊神像在每一历史时期的完整次序。,2026-08-30T03:30:00Z
storyevent.opet.2,storyver.egyptian.opet_mota,2,仪仗联系,The processional connection,卡纳克与卢克索之间由一条两侧有斯芬克斯像的仪仗道相连；本数据库不凭描述自行绘制精确古路线。,Karnak and Luxor were connected by a sphinx-bordered processional way; the database does not infer an exact ancient route geometry from this description.,claim.v0260.opet_way_sphinxes,,site.egypt.karnak_luxor_processional_way,REAL_SITE,NO_COORDINATE,SOURCE_BACKED,当前证据未说明各段统一的建造日期与完整保存状态。,2026-08-30T03:30:00Z
storyevent.opet.3,storyver.egyptian.opet_mota,3,抵达卢克索,Arrival at Luxor,神像被运往卢克索神庙；官方说明把此行解释为拜访当地的阿蒙涅姆奥佩特。,The cult images were transported to Luxor Temple; the official account interprets the visit as directed to Amenemopet there.,claim.v0260.opet_visits_amenemopet,,site.egypt.luxor_temple,REAL_SITE,ENTITY_PROFILE_ONLY,SOURCE_BACKED,阿蒙涅姆奥佩特本轮只作来源中的名称保存，不与其他阿蒙形态合并。,2026-08-30T03:30:00Z
storyevent.opet.4,storyver.egyptian.opet_mota,4,柱廊保存的图像层,Festival scenes on the colonnade,卢克索大神柱廊的装饰包含奥佩特节场景；这是现实纪念物的图像见证，不等于完整祭典脚本。,"The Great Colonnade decoration includes scenes of the Opet Festival; this is a monumental visual witness, not a complete ritual script.",claim.v0260.opet_colonnade_scenes,,site.egypt.luxor_temple,REAL_SITE,ENTITY_PROFILE_ONLY,SOURCE_BACKED,完整图像学分段与各场景定位仍待专项研究。,2026-08-30T03:30:00Z
storyevent.ragnarok.1,storyver.norse.ragnarok_gylf,1,末世之战的登记层,Registered battle layer,当前数据库把诸神黄昏登记为世界终末与更新类型的神话事件。,The current database registers Ragnarok as a mythic event of world ending and renewal.,claim.norse.odin_participates_ragnarok,,,UNSPECIFIED,NO_COORDINATE,PARTIAL,完整事件阶段仍未全部结构化。,2026-08-30T03:30:00Z
storyevent.ragnarok.2,storyver.norse.ragnarok_gylf,2,奥丁与芬里尔,Odin and Fenrir,已验证的参与Claims把奥丁与芬里尔放入这场战斗。,Verified participant claims place Odin and Fenrir in this battle.,claim.norse.fenrir_participates_ragnarok,,,UNSPECIFIED,NO_COORDINATE,PARTIAL,其他参与者将在逐见证扩张后加入。,2026-08-30T03:30:00Z
storyevent.ragnarok.3,storyver.norse.ragnarok_gylf,3,不以流行文化补齐,No popular-culture completion,毁灭、存活与更新的完整次序仍是研究缺口；网页不会借电影或游戏情节把它补成“完整故事”。,"The full order of destruction, survival, and renewal remains a research gap; films and games are not used to fill it into a supposedly complete story.",claim.norse.odin_participates_ragnarok,,,UNSPECIFIED,NO_COORDINATE,PARTIAL,明确标记为PARTIAL。,2026-08-30T03:30:00Z
storyevent.solar.1,storyver.egyptian.solar_met,1,夜间旅行者,Traveler by night,馆藏与丧葬文本说明把太阳神登记为夜间穿越冥界循环的旅行者。,The museum and funerary-text context registers the sun god as the traveler through a nocturnal netherworld cycle.,claim.v070.egypt.ra_participates_solar_journey,,,UNSPECIFIED,NO_COORDINATE,PARTIAL,博物馆说明与古代文本本身保持分层。,2026-08-30T03:30:00Z
storyevent.solar.2,storyver.egyptian.solar_met,2,太阳舟概念,The solar barque concept,研究层把夜行事件连接到现有太阳舟神器概念，但这项连接标记为综合解释，而非单件对象的物理属性。,"The research layer connects the nocturnal journey to the solar-barque concept, but marks the connection as synthesis rather than a physical property of a single object.",claim.v070.egypt.solar_journey_barque,,,UNSPECIFIED,NO_COORDINATE,PARTIAL,知识层为学术综合／神话叙事。,2026-08-30T03:30:00Z
storyevent.solar.3,storyver.egyptian.solar_met,3,循环与再现,Cycle and re-emergence,事件档案把夜行与太阳再次出现的循环相连，同时说明各文本版本存在差异。,The event profile connects the nocturnal journey with renewed solar emergence while noting that textual versions differ.,claim.v070.egypt.solar_journey_amduat,,,UNSPECIFIED,NO_COORDINATE,PARTIAL,不同冥界书将在后续独立成版本。,2026-08-30T03:30:00Z
storyevent.titan.1,storyver.greek.titanomachy_theogony,1,两方神族,Two divine sides,《神谱》的这一段把与克洛诺斯相连的泰坦置于宙斯及其盟友的对立面。,This passage of the Theogony sets the Titans associated with Cronus against Zeus and his allies.,claim.v050.theogony.cronus_participated_titanomachy,,,UNSPECIFIED,NO_COORDINATE,SOURCE_BACKED,“泰坦战争”是现代通行事件名，见证范围仍指向原诗行。,2026-08-30T03:30:00Z
storyevent.titan.2,storyver.greek.titanomachy_theogony,2,雷霆与战斗,Thunder and battle,宙斯是战斗的主要参与者；事件档案把雷、闪电和雷电武器记录为本段战斗手段，并记录百臂巨人的介入。,"Zeus is a principal combatant; the event profile records thunder, lightning, and the thunderbolt as weapons in this passage and records the intervention of the Hundred-Handers.",claim.v050.theogony.zeus_participated_titanomachy,,,UNSPECIFIED,NO_COORDINATE,SOURCE_BACKED,没有把后世图像或现代叙事写入古诗。,2026-08-30T03:30:00Z
storyevent.titan.3,storyver.greek.titanomachy_theogony,3,战败与囚禁,Defeat and confinement,在这一见证中，泰坦战败并被囚入塔耳塔罗斯；这项结果不自动代表所有古代作者的细节完全相同。,"In this witness, the Titans are defeated and confined in Tartarus; the result does not imply that every ancient author gives identical details.",claim.v050.theogony.titanomachy_appears,,,UNSPECIFIED,NO_COORDINATE,SOURCE_BACKED,其他见证将在独立版本中比较。,2026-08-30T03:30:00Z
storyevent.typhon.1,storyver.greek.typhon_theogony,1,提丰出现,Typhon appears,赫西俄德的段落把提丰置于宙斯的对手位置，并以一场神圣冲突展开。,The Hesiodic passage places Typhon as the opponent of Zeus and unfolds as a divine conflict.,claim.typhon.participated_battle,,,UNSPECIFIED,NO_COORDINATE,SOURCE_BACKED,提丰的出身与形貌只在未来逐行版本中扩充。,2026-08-30T03:30:00Z
storyevent.typhon.2,storyver.greek.typhon_theogony,2,宙斯发动雷霆,Zeus unleashes thunder,事件档案记录宙斯以雷、闪电和雷电武器进攻；此处没有把后世宙斯武器造型反投到赫西俄德文本。,"The event profile records Zeus attacking with thunder, lightning, and the thunderbolt; later visual forms of the weapon are not projected back into Hesiod.",claim.zeus.participated_typhon,,,UNSPECIFIED,NO_COORDINATE,SOURCE_BACKED,武器名与图像史须另行建模。,2026-08-30T03:30:00Z
storyevent.typhon.3,storyver.greek.typhon_theogony,3,本见证的结局,Outcome in this witness,提丰在赫西俄德的战斗段落中被击败；数据库把这个结局限定在该文本见证。,Typhon is defeated in the Hesiodic combat passage; the database scopes this outcome to that textual witness.,claim.typhon.participated_battle,,,UNSPECIFIED,NO_COORDINATE,SOURCE_BACKED,其他作者的结局版本未在本页合并。,2026-08-30T03:30:00Z
storyevent.v0280.japan.atsuta.1,storyver.japanese.kusanagi_atsuta,1,热田奉祀公开说明,Public Atsuta enshrinement account,神社官网公开说明草薙剑与热田的关系。,The shrine's public site describes the Kusanagi–Atsuta relationship.,claim.v0280.japan.kusanagi_worshipped_atsuta,event.japanese.kusanagi.atsuta_enshrinement,site.japanese.atsuta_jingu,REAL_SITE,ENTITY_PROFILE_ONLY,SOURCE_BACKED,未录入坐标；地点只来自现实圣地档案。,2026-09-01T06:30:00Z
storyevent.v0280.japan.atsuta.2,storyver.japanese.kusanagi_atsuta,2,日本武尊关联,Yamato Takeru link,官网历史段连接日本武尊与奉祀传承。,The official history links Yamato Takeru to the enshrinement tradition.,claim.v0280.japan.yamato_atsuta_event,event.japanese.kusanagi.atsuta_enshrinement,site.japanese.atsuta_jingu,REAL_SITE,ENTITY_PROFILE_ONLY,SOURCE_BACKED,中间环节不补写。,2026-09-01T06:30:00Z
storyevent.v0280.japan.atsuta.3,storyver.japanese.kusanagi_atsuta,3,来源层边界,Source-layer boundary,学术文本综述与活态神社公开传统保持独立。,The academic text synopsis and living shrine public tradition remain separate.,claim.v0280.japan.kusanagi_source_boundary,event.japanese.kusanagi.atsuta_enshrinement,site.japanese.atsuta_jingu,REAL_SITE,ENTITY_PROFILE_ONLY,SOURCE_BACKED,不推断实物连续性或受限仪式。,2026-09-01T06:30:00Z
storyevent.v0280.japan.orochi.1,storyver.japanese.kusanagi_orochi,1,击败八岐大蛇,Yamata no Orochi is defeated,学术综述中的战斗环节。,Combat episode in the academic summary.,claim.v0280.japan.susanoo_defeats_orochi,event.japanese.kusanagi.discovery,,TEXTUAL_PLACE,NO_COORDINATE,SOURCE_BACKED,文本地点不映射为未经核验的现实坐标。,2026-09-01T06:30:00Z
storyevent.v0280.japan.orochi.2,storyver.japanese.kusanagi_orochi,2,发现草薙剑,Kusanagi is discovered,剑在叙事中从大蛇尾部被发现。,The sword is found in the serpent's tail in the narrative.,claim.v0280.japan.kusanagi_discovery_event,event.japanese.kusanagi.discovery,,TEXTUAL_PLACE,NO_COORDINATE,SOURCE_BACKED,这不是考古出土事件。,2026-09-01T06:30:00Z
storyevent.v0280.japan.orochi.3,storyver.japanese.kusanagi_orochi,3,呈给天照大神,Presented to Amaterasu,呈递动作结束当前学术综述版本。,The presentation closes this academic-summary version.,claim.v0280.japan.kusanagi_presented_amaterasu,event.japanese.kusanagi.discovery,,UNSPECIFIED,NO_COORDINATE,SOURCE_BACKED,后续传承转入独立来源版本。,2026-09-01T06:30:00Z
storyevent.v0280.khmer.1,storyver.khmer.angkor_churning_apsara,1,浮雕主题识别,Relief subject identified,APSARA 把主题标为乳海搅拌。,APSARA identifies the subject as the Churning of the Sea of Milk.,claim.v0280.khmer.relief_depicts_churning,event.khmer.angkor_wat_churning_scene,site.khmer.angkor_wat,REAL_SITE,ENTITY_PROFILE_ONLY,SOURCE_BACKED,无新坐标推断。,2026-09-01T06:30:00Z
storyevent.v0280.khmer.2,storyver.khmer.angkor_churning_apsara,2,东侧回廊南段定位,Southern eastern-gallery locator,官方页面给出回廊内定位。,The official page supplies the gallery locator.,claim.v0280.khmer.relief_gallery_locator,event.khmer.angkor_wat_churning_scene,site.khmer.angkor_wat,REAL_SITE,ENTITY_PROFILE_ONLY,SOURCE_BACKED,只连接遗址档案，不推测坐标。,2026-09-01T06:30:00Z
storyevent.v0280.khmer.3,storyver.khmer.angkor_churning_apsara,3,物质见证边界,Material-witness boundary,浮雕不被扩写为完整文本版本。,The relief is not expanded into a complete textual recension.,claim.v0280.khmer.material_scope,event.khmer.angkor_wat_churning_scene,site.khmer.angkor_wat,REAL_SITE,ENTITY_PROFILE_ONLY,SOURCE_BACKED,印度文本对读保留到后续目标。,2026-09-01T06:30:00Z
storyevent.v0280.maya.1,storyver.maya.hero_twins_nmai,1,英雄双子成对出现,The Hero Twins appear as a pair,公开页面把两位英雄并列。,The public page presents the two heroes together.,claim.v0280.maya.twins_pair,event.kiche.hero_twins.seven_macaw,,UNSPECIFIED,NO_COORDINATE,SOURCE_BACKED,当前来源没有提供可安全映射的现实地点。,2026-09-01T06:30:00Z
storyevent.v0280.maya.2,storyver.maya.hero_twins_nmai,2,击败七金刚鹦鹉,Seven Macaw is defeated,双子参与同一有名对手事件。,The twins participate in the same named-opponent episode.,claim.v0280.maya.hunahpu_defeats_seven_macaw,event.kiche.hero_twins.seven_macaw,,UNSPECIFIED,NO_COORDINATE,SOURCE_BACKED,神话地点不投射为现代坐标。,2026-09-01T06:30:00Z
storyevent.v0280.maya.3,storyver.maya.hero_twins_nmai,3,见证语境边界,Witness-context boundary,殖民时期手稿目录与当代社区权威保持分开。,The colonial manuscript catalogue remains separate from present-day community authority.,claim.popol_vuh.witness_context,event.kiche.hero_twins.seven_macaw,,UNSPECIFIED,NOT_APPLICABLE,SOURCE_BACKED,这是来源边界节点，不是新增神话动作。,2026-09-01T06:30:00Z
storyevent.v0300.churn.bhp.1,storyver.hindu.churning_bhagavata,1,结盟拔山,Truce and uprooting,诸神与阿修罗合力拔起曼陀罗山。,Gods and asuras uproot Mount Mandara together.,claim.v0300.churn.bhp_devas_asuras_uproot,event.hindu.samudra_manthana,place.hindu.mandara,MYTHIC_PLACE,NO_COORDINATE,SOURCE_BACKED,曼陀罗山不映射为现代山丘。,2026-10-02T05:40:00Z
storyevent.v0300.churn.bhp.2,storyver.hindu.churning_bhagavata,2,化龟托山,The tortoise form,毗湿奴化龟托起沉入水中的山。,Viṣṇu as a tortoise raises the sinking mountain.,claim.v0300.churn.kurma_supports,event.hindu.samudra_manthana,place.hindu.mandara,MYTHIC_PLACE,NO_COORDINATE,SOURCE_BACKED,与精校本的龟王构成显式见证差异。,2026-10-02T05:40:00Z
storyevent.v0300.churn.bhp.3,storyver.hindu.churning_bhagavata,3,湿婆饮毒,Śiva drinks the poison,搅拌最先产生的毒药被湿婆饮下。,"The first product of the churning, a poison, is drunk by Śiva.",claim.v0300.churn.shiva_drinks_poison,event.hindu.samudra_manthana,,MYTHIC_PLACE,NO_COORDINATE,SOURCE_BACKED,精校本当前定位未陈述此情节。,2026-10-02T05:40:00Z
storyevent.v0300.churn.bhp.4,storyver.hindu.churning_bhagavata,4,甘露出现,The amṛta appears,檀文陀利捧甘露而出。,Dhanvantari emerges with the amṛta.,claim.v0300.churn.dhanvantari_carries_amrita,event.hindu.samudra_manthana,,MYTHIC_PLACE,NO_COORDINATE,SOURCE_BACKED,神话海洋不投射为现实坐标。,2026-10-02T05:40:00Z
storyevent.v0300.churn.bhp.5,storyver.hindu.churning_bhagavata,5,摩希尼分甘露,Mohinī distributes the amṛta,摩希尼分甘露，罗睺被斩首。,Mohinī distributes the amṛta; Rāhu is beheaded.,claim.v0300.churn.mohini_distributes,event.hindu.samudra_manthana,,MYTHIC_PLACE,NO_COORDINATE,SOURCE_BACKED,罗睺后来的天体身份不在本批次建模。,2026-10-02T05:40:00Z
storyevent.v0300.churn.mbh.1,storyver.hindu.churning_mbh_ce,1,诸神议求甘露,The gods seek the amṛta,须弥山上的商议与搅海建议。,Deliberation on Mount Meru and the advice to churn.,claim.v0300.churn.amrita_sought,event.hindu.samudra_manthana,,MYTHIC_PLACE,NO_COORDINATE,SOURCE_BACKED,须弥山尚未建实体，不投射坐标。,2026-10-02T05:40:00Z
storyevent.v0300.churn.mbh.2,storyver.hindu.churning_mbh_ce,2,龟王托山,The tortoise king bears the mountain,曼陀罗山为棒、婆苏吉为绳、阿库帕拉托底。,"Mandara as rod, Vāsuki as rope, Akūpāra as support.",claim.v0300.churn.akupara_supports,event.hindu.samudra_manthana,place.hindu.mandara,MYTHIC_PLACE,NO_COORDINATE,SOURCE_BACKED,与《薄伽梵往世书》的托山者不同，见显式冲突。,2026-10-02T05:40:00Z
storyevent.v0300.churn.mbh.3,storyver.hindu.churning_mbh_ce,3,甘露出现,The amṛta appears,檀文陀利捧甘露而出。,Dhanvantari emerges with the amṛta.,claim.v0300.churn.dhanvantari_carries_amrita,event.hindu.samudra_manthana,,MYTHIC_PLACE,NO_COORDINATE,SOURCE_BACKED,神话海洋不投射为现实坐标。,2026-10-02T05:40:00Z
storyevent.v0300.churn.mbh.4,storyver.hindu.churning_mbh_ce,4,罗睺被斩首,Rāhu is beheaded,迷惑女身取回甘露，罗睺被神盘斩首。,A deluding female form recovers the amṛta; Rāhu is beheaded.,claim.v0300.churn.rahu_beheaded,event.hindu.samudra_manthana,,MYTHIC_PLACE,NO_COORDINATE,SOURCE_BACKED,后续战斗只作概述。,2026-10-02T05:40:00Z
storyevent.v0300.churn.mbh.5,storyver.hindu.churning_mbh_ce,5,精校本范围,Critical-text scope,湿婆饮毒在本定位未陈述。,Śiva drinking the poison is not stated at this locator.,claim.v0300.churn.mbh_poison_scope,event.hindu.samudra_manthana,,UNSPECIFIED,NOT_APPLICABLE,SOURCE_BACKED,这是来源边界节点，不是新增神话动作。,2026-10-02T05:40:00Z
storyevent.v0300.gonggong.liezi.1,storyver.chinese.gonggong_liezi_tangwen,1,接续补天之后,After the repair,以“其后”接续女娲补天。,Introduced with “afterwards” after Nüwa's repair.,claim.v0300.gonggong.liezi_after_nuwa,event.chinese.gonggong_strikes_buzhou,,UNSPECIFIED,NOT_APPLICABLE,SOURCE_BACKED,叙事先后节点。,2026-10-02T05:40:00Z
storyevent.v0300.gonggong.liezi.2,storyver.chinese.gonggong_liezi_tangwen,2,触不周之山,Striking Mount Buzhou,共工氏折天柱、绝地维。,Gonggong-shi breaks the pillar and snaps the cords.,claim.v0300.gonggong.strikes_buzhou,event.chinese.gonggong_strikes_buzhou,place.chinese.buzhou_mountain,MYTHIC_PLACE,NO_COORDINATE,SOURCE_BACKED,不周山不映射为现代山名。,2026-10-02T05:40:00Z
storyevent.v0300.gonggong.liezi.3,storyver.chinese.gonggong_liezi_tangwen,3,百川东归,Rivers flow southeast,天倾西北，百川归东南。,Heaven tilts northwest; rivers flow southeast.,claim.v0300.gonggong.tilt_etiology,event.chinese.gonggong_strikes_buzhou,place.chinese.buzhou_mountain,MYTHIC_PLACE,NO_COORDINATE,SOURCE_BACKED,措辞差异只在对读中标注。,2026-10-02T05:40:00Z
storyevent.v0300.gonggong.tianwen.1,storyver.chinese.gonggong_huainanzi_tianwen,1,争为帝,Contest for rulership,共工与颛顼争帝。,Gonggong contends with Zhuanxu.,claim.v0300.gonggong.contends_zhuanxu,event.chinese.gonggong_strikes_buzhou,,UNSPECIFIED,NO_COORDINATE,SOURCE_BACKED,当前见证未定位争帝地点。,2026-10-02T05:40:00Z
storyevent.v0300.gonggong.tianwen.2,storyver.chinese.gonggong_huainanzi_tianwen,2,怒触不周山,Striking Mount Buzhou,天柱折、地维绝。,The pillar of heaven breaks and the cords of earth snap.,claim.v0300.gonggong.strikes_buzhou,event.chinese.gonggong_strikes_buzhou,place.chinese.buzhou_mountain,MYTHIC_PLACE,NO_COORDINATE,SOURCE_BACKED,不周山不映射为现代山名。,2026-10-02T05:40:00Z
storyevent.v0300.gonggong.tianwen.3,storyver.chinese.gonggong_huainanzi_tianwen,3,独立的起源解释,Standalone etiology,天倾西北、地不满东南；不含女娲。,"Heaven tilts northwest, earth falls short southeast; no Nüwa.",claim.v0300.gonggong.tianwen_standalone,event.chinese.gonggong_strikes_buzhou,place.chinese.buzhou_mountain,MYTHIC_PLACE,NO_COORDINATE,SOURCE_BACKED,与《列子》的位置差异进入显式冲突档案。,2026-10-02T05:40:00Z
storyevent.v0300.nuwa.lanming.1,storyver.chinese.nuwa_huainanzi_lanming,1,天地崩坏,Cosmic collapse,四极崩坏、九州开裂。,The four poles fail and the nine provinces split.,claim.v0300.nuwa.lanming_collapse,event.chinese.nuwa_repairs_sky,,UNSPECIFIED,NO_COORDINATE,SOURCE_BACKED,宇宙性的崩坏不投射为现实地点。,2026-10-02T05:40:00Z
storyevent.v0300.nuwa.lanming.2,storyver.chinese.nuwa_huainanzi_lanming,2,炼石补天、立四极,Patching the sky and setting the poles,女娲用五色石与鳌足修复天地。,Nüwa repairs the world with the stones and the turtle's legs.,claim.v0300.nuwa.uses_stones,event.chinese.nuwa_repairs_sky,,UNSPECIFIED,NO_COORDINATE,SOURCE_BACKED,神话地点不推测坐标。,2026-10-02T05:40:00Z
storyevent.v0300.nuwa.lanming.3,storyver.chinese.nuwa_huainanzi_lanming,3,救济冀州,Relief for Jizhou,杀黑龙、积芦灰止水。,The black dragon is killed and reed ash stops the floods.,claim.v0300.nuwa.kills_black_dragon,event.chinese.nuwa_repairs_sky,,TEXTUAL_PLACE,NO_COORDINATE,SOURCE_BACKED,冀州是文本中的九州之一，不映射为现代坐标。,2026-10-02T05:40:00Z
storyevent.v0300.nuwa.lanming.4,storyver.chinese.nuwa_huainanzi_lanming,4,见证边界,Witness boundary,本段不含共工，不与《天文训》拼接。,No Gonggong here; not spliced with “Tian Wen”.,claim.v0300.nuwa.lanming_gonggong_boundary,event.chinese.nuwa_repairs_sky,,UNSPECIFIED,NOT_APPLICABLE,SOURCE_BACKED,这是来源边界节点，不是新增神话动作。,2026-10-02T05:40:00Z
storyevent.v0300.nuwa.liezi.1,storyver.chinese.nuwa_liezi_tangwen,1,物有不足,Things have deficiencies,天地被视为有缺口的“物”。,Heaven and earth are treated as deficient things.,claim.v0300.nuwa.liezi_deficiency_frame,event.chinese.nuwa_repairs_sky,,UNSPECIFIED,NOT_APPLICABLE,SOURCE_BACKED,问答框架节点。,2026-10-02T05:40:00Z
storyevent.v0300.nuwa.liezi.2,storyver.chinese.nuwa_liezi_tangwen,2,炼石补阙,Mending the gap,女娲炼石补缺、断鳌足立四极。,Nüwa mends the gap and sets up the four poles.,claim.v0300.nuwa.uses_stones,event.chinese.nuwa_repairs_sky,,UNSPECIFIED,NO_COORDINATE,SOURCE_BACKED,神话地点不推测坐标。,2026-10-02T05:40:00Z
storyevent.v0300.nuwa.liezi.3,storyver.chinese.nuwa_liezi_tangwen,3,其后共工触山,"Afterwards, Gonggong strikes the mountain",共工事件接在补天之后。,The Gonggong episode follows the repair.,claim.v0300.gonggong.liezi_after_nuwa,event.chinese.gonggong_strikes_buzhou,place.chinese.buzhou_mountain,MYTHIC_PLACE,NO_COORDINATE,SOURCE_BACKED,叙事先后不是绝对年代；不周山不投射坐标。,2026-10-02T05:40:00Z
storyevent.v0300.nuwa.liezi.4,storyver.chinese.nuwa_liezi_tangwen,4,天倾西北,Heaven tilts northwest,天地形势的起源解释。,Etiology of the tilt of heaven and earth.,claim.v0300.gonggong.tilt_etiology,event.chinese.gonggong_strikes_buzhou,place.chinese.buzhou_mountain,MYTHIC_PLACE,NO_COORDINATE,SOURCE_BACKED,不作为地理或天文史实。,2026-10-02T05:40:00Z
storyevent.v0310.chinese_fuxi_xici.1,storyver.chinese.fuxi_xici,1,包牺氏治理天下,When Baoxi ruled the world,《系辞下》讲古代圣人的发明，第一位就是包牺氏——后世通常写作伏羲。,"Xi Ci II lists the inventions of the ancient sages, and the first is Baoxi — usually written Fuxi in later texts.",claim.v0310.china.fuxi_baoxi,event.chinese.fuxi_makes_trigrams,,UNSPECIFIED,NO_COORDINATE,SOURCE_BACKED,“包牺”即“伏羲”是传统注疏的读法。,2026-10-09T00:30:00Z
storyevent.v0310.chinese_fuxi_xici.2,storyver.chinese.fuxi_xici,2,仰观天，俯察地,"Looking up, looking down",他抬头观察天上的日月星辰，低头观察大地的形势；又细看鸟兽身上的花纹，看各地适合生长什么。,He looked up at the images in the sky and down at the patterns of the earth; he studied the markings of birds and beasts and what each land was suited for.,claim.v0310.china.fuxi_observes,event.chinese.fuxi_makes_trigrams,,UNSPECIFIED,NO_COORDINATE,SOURCE_BACKED,,2026-10-09T00:30:00Z
storyevent.v0310.chinese_fuxi_xici.3,storyver.chinese.fuxi_xici,3,画出八卦,The first eight trigrams,于是他开始画出八卦——八个由三条线组成的符号，用来通达神明的德性，把万物的情状分门别类。,Thereupon he first made the eight trigrams — eight figures of three lines each — to communicate with spirit-like virtue and to sort the dispositions of the myriad things.,claim.v0310.china.fuxi_bagua,event.chinese.fuxi_makes_trigrams,,UNSPECIFIED,NO_COORDINATE,SOURCE_BACKED,,2026-10-09T00:30:00Z
storyevent.v0310.chinese_fuxi_xici.4,storyver.chinese.fuxi_xici,4,结绳为网,Cords become nets,他还把绳子打结，做成罗网，人们用它打猎、捕鱼。,"He also knotted cords into nets, which people used to hunt and fish.",claim.v0310.china.fuxi_nets,event.chinese.fuxi_makes_trigrams,,UNSPECIFIED,NO_COORDINATE,SOURCE_BACKED,后续圣人的发明不在本故事范围内。,2026-10-09T00:30:00Z
storyevent.v0310.chinese_nezha_xiyouji_ch4.1,storyver.chinese.nezha_xiyouji_ch4,1,天兵来讨,Heaven sends its army,孙悟空发现“弼马温”只是个看马的小官，一气之下回到花果山，自称“齐天大圣”。,"Discovering that his title merely made him a keeper of horses, Sun Wukong storms back to his mountain and calls himself Great Sage Equal to Heaven.",claim.v0310.china.nezha_title,event.chinese.nezha_fights_wukong,,UNSPECIFIED,NO_COORDINATE,SOURCE_BACKED,,2026-10-09T00:30:00Z
storyevent.v0310.chinese_nezha_xiyouji_ch4.2,storyver.chinese.nezha_xiyouji_ch4,2,三头六臂,"Three heads, six arms",哪吒大喝一声，变成三头六臂，六只手各拿一件兵器打来。,"Nezha gives a shout and becomes a figure with three heads and six arms, a weapon in every hand.",claim.v0310.china.nezha_form,event.chinese.nezha_fights_wukong,,UNSPECIFIED,NO_COORDINATE,SOURCE_BACKED,,2026-10-09T00:30:00Z
storyevent.v0310.chinese_nezha_xiyouji_ch4.3,storyver.chinese.nezha_xiyouji_ch4,3,毫毛分身,A hair becomes a double,两人斗得难分难解。,Neither can win.,claim.v0310.china.wukong_defeats_nezha,event.chinese.nezha_fights_wukong,,UNSPECIFIED,NO_COORDINATE,SOURCE_BACKED,这是小说情节，属于后世文学层。,2026-10-09T00:30:00Z
storyevent.v0310.chinese_pangu_yiwen_leiju.1,storyver.chinese.pangu_yiwen_leiju,1,混沌如鸡蛋,Chaos like an egg,很久以前，天和地还没有分开，到处是一团混沌，样子像一个鸡蛋。,"Long ago heaven and earth were not yet apart; everything was one chaos shaped like a hen's egg, and Pangu was born inside it.",claim.v0310.china.pangu_egg,event.chinese.pangu_heaven_earth,,UNSPECIFIED,NO_COORDINATE,SOURCE_BACKED,原书已佚，只能依靠类书引文。,2026-10-09T00:30:00Z
storyevent.v0310.chinese_pangu_yiwen_leiju.2,storyver.chinese.pangu_yiwen_leiju,2,清者为天，浊者为地,"Clear above, murky below",过了一万八千年，天地开辟：轻而清的阳气上升成为天，重而浊的阴气下沉成为地。,"After 18,000 years heaven and earth opened: the light, clear yang rose to become heaven, the heavy, murky yin sank to become earth.",claim.v0310.china.pangu_separation,event.chinese.pangu_heaven_earth,,UNSPECIFIED,NO_COORDINATE,SOURCE_BACKED,,2026-10-09T00:30:00Z
storyevent.v0310.chinese_pangu_yiwen_leiju.3,storyver.chinese.pangu_yiwen_leiju,3,一天长高一丈,A zhang a day,从此天每天升高一丈，地每天加厚一丈，盘古也每天长高一丈。,"From then on heaven rose a zhang each day, earth grew a zhang thicker, and Pangu grew a zhang taller.",claim.v0310.china.pangu_growth,event.chinese.pangu_heaven_earth,,UNSPECIFIED,NO_COORDINATE,SOURCE_BACKED,“盘古垂死化身为日月山川”出自另一部书，本故事不合并。,2026-10-09T00:30:00Z
storyevent.v0310.chinese_zhuolu_shiji.1,storyver.chinese.zhuolu_shiji,1,神农氏衰落,Shennong's line declines,黄帝是少典的儿子，姓公孙，名轩辕。,"The Yellow Emperor was the son of Shaodian, surnamed Gongsun and named Xuanyuan.",claim.v0310.china.huangdi_identity,event.chinese.battle_of_zhuolu,,UNSPECIFIED,NO_COORDINATE,SOURCE_BACKED,此前轩辕与炎帝在阪泉的三次交战本故事未展开。,2026-10-09T00:30:00Z
storyevent.v0310.chinese_zhuolu_shiji.2,storyver.chinese.zhuolu_shiji,2,蚩尤作乱,Chiyou rebels,诸侯之中，蚩尤最为凶暴，没有人能制服他。,"Among the lords Chiyou was the most violent, and no one could subdue him.",claim.v0310.china.chiyou_rebels,event.chinese.battle_of_zhuolu,,UNSPECIFIED,NO_COORDINATE,SOURCE_BACKED,,2026-10-09T00:30:00Z
storyevent.v0310.chinese_zhuolu_shiji.3,storyver.chinese.zhuolu_shiji,3,涿鹿之野,In the wilds of Zhuolu,轩辕征召各路诸侯的军队，在涿鹿的原野上与蚩尤交战，终于把蚩尤擒住并杀死。,"Xuanyuan called up the armies of the lords and fought Chiyou in the wilds of Zhuolu, and at last captured and killed him.",claim.v0310.china.huangdi_kills_chiyou,event.chinese.battle_of_zhuolu,,UNSPECIFIED,NO_COORDINATE,SOURCE_BACKED,涿鹿不在本站映射为现代坐标。,2026-10-09T00:30:00Z
storyevent.v0310.chinese_zhuolu_shiji.4,storyver.chinese.zhuolu_shiji,4,尊为天子,Honoured as Son of Heaven,诸侯们都尊奉轩辕为天子，取代了神农氏，这就是黄帝。,The lords all honoured Xuanyuan as Son of Heaven in place of Shennong: this was the Yellow Emperor.,claim.v0310.china.huangdi_son_of_heaven,event.chinese.battle_of_zhuolu,,UNSPECIFIED,NO_COORDINATE,SOURCE_BACKED,,2026-10-09T00:30:00Z
storyevent.v0310.egyptian_heavenly_cow_ucl.1,storyver.egyptian.heavenly_cow_ucl,1,人类反叛拉,Humankind rebels against Ra,一部新王国时期的宗教文献记载：人们起来反叛太阳神拉。,A New Kingdom religious composition records that people rebel against the sun-god Ra.,claim.v0310.egypt.ra_rebellion,event.egyptian.heavenly_cow_punishment,,UNSPECIFIED,NO_COORDINATE,SOURCE_BACKED,,2026-10-09T00:30:00Z
storyevent.v0310.egyptian_heavenly_cow_ucl.2,storyver.egyptian.heavenly_cow_ucl,2,眼睛化作塞赫麦特,The Eye becomes Sekhmet,拉把自己的眼睛从身体里派出去，成为一个独立的“女儿”。,"Ra sends his Eye out from his body as a separate offshoot, a 'daughter'.",claim.v0310.egypt.sekhmet_eye_of_ra,event.egyptian.heavenly_cow_punishment,,UNSPECIFIED,NO_COORDINATE,SOURCE_BACKED,“强大的女神”是 UCL 给出的释义。,2026-10-09T00:30:00Z
storyevent.v0310.egyptian_heavenly_cow_ucl.3,storyver.egyptian.heavenly_cow_ucl,3,一湖红色的啤酒,A lake of red beer,众神用计：他们把一湖啤酒染成红色，看起来像人血。,The gods play a trick: they colour a lake of beer red to look like human blood.,claim.v0310.egypt.sekhmet_to_hathor,event.egyptian.heavenly_cow_punishment,,UNSPECIFIED,NO_COORDINATE,SOURCE_BACKED,这是故事中的性格转变；数据库不把两位女神合并为同一实体。,2026-10-09T00:30:00Z
storyevent.v0310.egyptian_heliopolis_ucl.1,storyver.egyptian.heliopolis_ucl,1,太阳神的第一对子女,The creator's first pair,在埃及的创世观念里，主要的创造者是太阳神，他也被称为阿图姆。,"In Egyptian creation thought the principal creator is the sun-god, also called Atum.",claim.v0310.egypt.shu_child_atum,event.egyptian.separation_geb_nut,,UNSPECIFIED,NO_COORDINATE,SOURCE_BACKED,“干燥／湿润”是现代学者的词源解释。,2026-10-09T00:30:00Z
storyevent.v0310.egyptian_heliopolis_ucl.2,storyver.egyptian.heliopolis_ucl,2,大地与天空出生,Earth and sky are born,舒和泰芙努特又生下两个孩子：大地之神盖布和天空女神努特。,"Shu and Tefnet in turn produce two children: Geb, god of the earth, and Nut, goddess of the sky — dryness and moisture crystallised into solid earth and a sky the Egyptians thought of as watery.",claim.v0310.egypt.geb_child_shu,event.egyptian.separation_geb_nut,,UNSPECIFIED,NO_COORDINATE,SOURCE_BACKED,,2026-10-09T00:30:00Z
storyevent.v0310.egyptian_heliopolis_ucl.3,storyver.egyptian.heliopolis_ucl,3,舒把天地分开,Shu holds earth and sky apart,盖布和努特被舒分开，天在上、地在下。,"Shu separates Geb and Nut, sky above and earth below.",claim.v0310.egypt.shu_separation,event.egyptian.separation_geb_nut,,UNSPECIFIED,NO_COORDINATE,SOURCE_BACKED,这是学者对零散材料的归纳，不是单一文本的原话。,2026-10-09T00:30:00Z
storyevent.v0310.egyptian_heliopolis_ucl.4,storyver.egyptian.heliopolis_ucl,4,塞特、奥西里斯与伊西斯,"Seth, Osiris and Isis",后来，奥西里斯“无序的兄弟”塞特出于嫉妒杀害了他，把遗体分开，并取代他成为世界之王。,"Later Osiris's anarchic brother Seth, out of jealousy, murders him, dismembers him and takes his place as king of the world.",claim.v0310.egypt.seth_kills_osiris,event.egyptian.separation_geb_nut,,UNSPECIFIED,NO_COORDINATE,SOURCE_BACKED,古代文献中这个故事有许多版本；本站不合成“标准版”。,2026-10-09T00:30:00Z
storyevent.v0310.egyptian_mourning_sisters_met.1,storyver.egyptian.mourning_sisters_met,1,举手掩面的奈芙蒂斯,Nephthys raises her hand,这尊小木像跪在地上，一只手举到脸前，是古埃及的哀悼姿势。,"The small wooden figure kneels and raises one hand before her face, an Egyptian gesture of mourning.",claim.v0310.egypt.nephthys_figure,,,UNSPECIFIED,NO_COORDINATE,SOURCE_BACKED,,2026-10-09T00:30:00Z
storyevent.v0310.egyptian_mourning_sisters_met.2,storyver.egyptian.mourning_sisters_met,2,和伊西斯成对,A pair with Isis,博物馆说明，这尊像和另一尊伊西斯像（12.182.23b）是一对，两位女神以同样的姿势哀悼。,"The museum states that the figure forms a pair with a figure of Isis (12.182.23b), the two goddesses mourning in the same posture.",claim.v0310.egypt.mourners_pair,,,UNSPECIFIED,NO_COORDINATE,SOURCE_BACKED,,2026-10-09T00:30:00Z
storyevent.v0310.egyptian_mourning_sisters_met.3,storyver.egyptian.mourning_sisters_met,3,守在奥西里斯身旁,Beside the body of Osiris,在古埃及图像中，这两位哀悼女神陪伴在奥西里斯的遗体旁，一左一右。,"In Egyptian representations the two mourning goddesses accompany the body of Osiris, one at each end.",claim.v0310.egypt.nephthys_mourns_osiris,,,UNSPECIFIED,NO_COORDINATE,SOURCE_BACKED,“放在棺椁两端”是博物馆的推测，不是出土记录。,2026-10-09T00:30:00Z
storyevent.v0310.egyptian_weighing_ani_bm.1,storyver.egyptian.weighing_ani_bm,1,心脏与羽毛,A heart and a feather,画面中央是一座天平。,At the centre stands a balance.,claim.v0310.egypt.ani_depicts_weighing,event.egyptian.weighing_heart_ani,,UNSPECIFIED,NO_COORDINATE,SOURCE_BACKED,,2026-10-09T00:30:00Z
storyevent.v0310.egyptian_weighing_ani_bm.2,storyver.egyptian.weighing_ani_bm,2,阿努比斯扶稳天平,Anubis steadies the balance,胡狼头的阿努比斯跪在天平旁，拉着右边秤盘的绳子，扶稳天平的铅锤。,"Jackal-headed Anubis kneels by the balance, holding the cord of the right-hand pan and steadying its plumb bob.",claim.v0310.egypt.anubis_weighing,event.egyptian.weighing_heart_ani,,UNSPECIFIED,NO_COORDINATE,SOURCE_BACKED,,2026-10-09T00:30:00Z
storyevent.v0310.egyptian_weighing_ani_bm.3,storyver.egyptian.weighing_ani_bm,3,托特准备记录,Thoth stands ready to record,托特在画中出现两次：一只小狒狒坐在天平顶端；右边站着朱鹭头的“众神书吏”，手持调色板和芦苇笔，准备记下审问的结果。,"Thoth appears twice: as a small baboon sitting on top of the balance, and as the ibis-headed scribe of the gods standing to the right with palette and reed, ready to write down the result.",claim.v0310.egypt.thoth_weighing,event.egyptian.weighing_heart_ani,,UNSPECIFIED,NO_COORDINATE,SOURCE_BACKED,称量的最终结果和吞噬心脏的怪兽不在这条博物馆描述里，本站不补写。,2026-10-09T00:30:00Z
storyevent.v0310.hawaiian_pele_nps.1,storyver.hawaiian.pele_nps,1,生在卡希基,Born in Kahiki,国家公园管理局介绍说，按照口述传统，佩蕾是夏威夷的火山之神，是一股自然之力，也是这些火山地貌的创造者。,"The National Park Service explains that, in oral history, Pele is the Hawaiian volcano deity, an elemental force and the creator of these volcanic landscapes.",claim.v0310.hawaii.pele_kahiki,event.hawaiian.pele_journey,site.hawaii.halemaumau,REAL_SITE,ENTITY_PROFILE_ONLY,SOURCE_BACKED,坐标只引用实体档案，不为单个情节推断位置。,2026-10-09T00:30:00Z
storyevent.v0310.hawaiian_pele_nps.2,storyver.hawaiian.pele_nps,2,一路向东南,Island by island to the southeast,她一座岛一座岛地向东南迁移，寻找能安顿下来的地方。,"She moved southeast through the islands, one after another, looking for a place to settle.",claim.v0310.hawaii.pele_southeast,event.hawaiian.pele_journey,site.hawaii.halemaumau,REAL_SITE,ENTITY_PROFILE_ONLY,SOURCE_BACKED,各岛上的具体经历因版本而异，本站不补写。,2026-10-09T00:30:00Z
storyevent.v0310.hawaiian_pele_nps.3,storyver.hawaiian.pele_nps,3,哈雷茂茂的家,A home in Halemaʻumaʻu,最后她来到基拉韦厄山顶的哈雷茂茂火山口，把这里定为永久的家。,At last she came to Halemaʻumaʻu crater at the summit of Kīlauea and made it her permanent home.,claim.v0310.hawaii.pele_halemaumau,event.hawaiian.pele_journey,site.hawaii.halemaumau,REAL_SITE,ENTITY_PROFILE_ONLY,SOURCE_BACKED,坐标只引用实体档案，不为单个情节推断位置。,2026-10-09T00:30:00Z
storyevent.v0310.hawaiian_pele_nps.4,storyver.hawaiian.pele_nps,4,经过她的土地,Passing through her land,在夏威夷传统中，经过佩蕾的土地要先请求她的许可。,"In Hawaiian tradition it is customary to ask Pele's permission to travel through her land, and the park asks visitors to behave respectfully in this sacred landscape.",claim.v0310.hawaii.pele_permission,event.hawaiian.pele_journey,site.hawaii.halemaumau,REAL_SITE,ENTITY_PROFILE_ONLY,SOURCE_BACKED,这里只讲公开概述；家族与地方传统不在收集范围。,2026-10-09T00:30:00Z
storyevent.v0310.irish_mag_tuired_gray.1,storyver.irish.mag_tuired_gray,1,达格达的大锅,The Dagda's cauldron,达努神族带来了四件宝物，其中一件是从穆里亚斯城带来的达格达的大锅：凡是围着它吃饭的人，从没有一个是不饱足地离开的。,The Túatha Dé Danann brought four treasures.,claim.v0310.irish.dagda_cauldron,event.irish.second_battle_mag_tuired,,UNSPECIFIED,NO_COORDINATE,SOURCE_BACKED,,2026-10-09T00:30:00Z
storyevent.v0310.irish_mag_tuired_gray.2,storyver.irish.mag_tuired_gray,2,百艺之主来到塔拉,The master of all arts at Tara,鲁格来到塔拉的大门前，守门人问他会什么手艺。,"Lug comes to the door of Tara, and the doorkeeper asks what art he brings.",claim.v0310.irish.lugh_samildanach,event.irish.second_battle_mag_tuired,,UNSPECIFIED,NO_COORDINATE,SOURCE_BACKED,,2026-10-09T00:30:00Z
storyevent.v0310.irish_mag_tuired_gray.3,storyver.irish.mag_tuired_gray,3,萨温节的河边,By the river at Samain,萨温节前后，达格达在乌恩辛河边遇见一个女人正在洗东西，一只脚踩在南岸，一只脚踩在北岸。,"Around Samain the Dagda meets a woman washing at the river Unshin, one foot on the southern bank and one on the northern.",claim.v0310.irish.dagda_morrigan,event.irish.second_battle_mag_tuired,,UNSPECIFIED,NO_COORDINATE,SOURCE_BACKED,,2026-10-09T00:30:00Z
storyevent.v0310.irish_mag_tuired_gray.4,storyver.irish.mag_tuired_gray,4,第一次哀歌,The first keening,布里格是达格达的女儿，她和布雷斯的儿子鲁阿丹被派去刺杀铁匠戈伊布纽，却被戈伊布纽杀死。,"Rúadán, son of Bres and of Bríg the Dagda's daughter, is sent to kill the smith Goibniu and is killed instead.",claim.v0310.irish.brig_keens,event.irish.second_battle_mag_tuired,,UNSPECIFIED,NO_COORDINATE,SOURCE_BACKED,文本写作 Bríg；与数据库中“布里吉德”实体的对应依学界通行用法。,2026-10-09T00:30:00Z
storyevent.v0310.irish_mag_tuired_gray.5,storyver.irish.mag_tuired_gray,5,巴洛尔的毒眼,Balor's deadly eye,弗魔族勇士巴洛尔有一只毒眼，只在战场上睁开，要四个人用把手才能抬起眼皮。,"The Fomorian champion Balor has a deadly eye, opened only on the battlefield, its lid lifted by four men with a handle.",claim.v0310.irish.lugh_kills_balor,event.irish.second_battle_mag_tuired,,UNSPECIFIED,NO_COORDINATE,SOURCE_BACKED,,2026-10-09T00:30:00Z
storyevent.v0310.irish_mag_tuired_gray.6,storyver.irish.mag_tuired_gray,6,莫莉甘宣告胜利,The Morrígan proclaims the victory,战斗结束后，恩玛斯的女儿莫莉甘把这场大胜宣告给爱尔兰的王者高地、神丘里的众灵、各条大河与河口，然后又说出关于未来的预言。,"When the battle is won, the Morrígan, daughter of Ernmas, proclaims the great victory to the royal heights of Ireland, its síd-hosts, its chief waters and river-mouths — and then speaks prophecy.",claim.v0310.irish.morrigan_proclaims,event.irish.second_battle_mag_tuired,,UNSPECIFIED,NO_COORDINATE,SOURCE_BACKED,预言诗的内容未逐句建模。,2026-10-09T00:30:00Z
storyevent.v0310.japanese_izanagi_izanami_kojiki.1,storyver.japanese.izanagi_izanami_kojiki,1,天浮桥上的长矛,A spear from the Floating Bridge,天上的众神命令伊邪那岐和伊邪那美去巩固还在漂浮的大地，并交给他们一支镶玉的天沼矛。,The heavenly deities command Izanagi and Izanami to make firm the drifting land and give them a jewelled spear.,claim.v0310.japan.onogoro_result,event.japanese.onogoro_creation,,UNSPECIFIED,NO_COORDINATE,SOURCE_BACKED,《日本书纪》说两神是自己决定动手，本版不合并。,2026-10-09T00:30:00Z
storyevent.v0310.japanese_izanagi_izanami_kojiki.2,storyver.japanese.izanagi_izanami_kojiki,2,火神出生,The birth of the fire deity,两神结合，生出许多岛屿和神灵。,"Joined together, the pair bring forth islands and deities.",claim.v0310.japan.izanami_death,event.japanese.onogoro_creation,,UNSPECIFIED,NO_COORDINATE,SOURCE_BACKED,,2026-10-09T00:30:00Z
storyevent.v0310.japanese_izanagi_izanami_kojiki.3,storyver.japanese.izanagi_izanami_kojiki,3,追到黄泉,Following her to Yomi,伊邪那岐想再见到妻子，便追到黄泉，请她回去：“我们造的国土还没有完成。,"Longing to see her, Izanagi follows Izanami to Yomi and asks her to come back, for the lands they made are not yet finished.",claim.v0310.japan.izanagi_yomi,event.japanese.onogoro_creation,,UNSPECIFIED,NO_COORDINATE,SOURCE_BACKED,之后的逃离情节可参看本库“黄泉中的八雷神”故事。,2026-10-09T00:30:00Z
storyevent.v0310.japanese_izanagi_izanami_kojiki.4,storyver.japanese.izanagi_izanami_kojiki,4,洗出三位贵神,Three deities born of washing,伊邪那岐回来后在水中洗净自己，身上不断化生出神。,"Back from Yomi, Izanagi bathes to purify himself, and deities are born as he washes.",claim.v0310.japan.tsukuyomi_born,event.japanese.onogoro_creation,,UNSPECIFIED,NO_COORDINATE,SOURCE_BACKED,三神的通行名称来自译者注释。,2026-10-09T00:30:00Z
storyevent.v0310.maori_creation_common_threads.1,storyver.maori.creation_common_threads,1,从黑暗中出现,Out of darkness,Te Ara 写道：在毛利传统中，创世的核心行动是天与地的分离。,Te Ara writes that in Māori tradition the central act of creation is the separation of earth and sky.,claim.v0310.maori.rangi_papa_joined,event.maori.separation_rangi_papa,,UNSPECIFIED,NO_COORDINATE,SOURCE_BACKED,,2026-10-09T00:30:00Z
storyevent.v0310.maori_creation_common_threads.2,storyver.maori.creation_common_threads,2,孩子们分开父母,The children part their parents,孩子们决定把父母分开。,The children decide to separate their parents.,claim.v0310.maori.ranginui_separated,event.maori.separation_rangi_papa,,UNSPECIFIED,NO_COORDINATE,SOURCE_BACKED,Te Ara 说明：在部分部族版本中，塔内在分开天地时起重要作用；本站不选定某一部族的说法。,2026-10-09T00:30:00Z
storyevent.v0310.maori_creation_common_threads.3,storyver.maori.creation_common_threads,3,自然的众神,Atua of the natural world,分离之后，孩子们成为自然各部分的神（atua）：塔内是森林之神，塔加罗阿是海洋之神，还有地震之神鲁奥莫科、风与天气之神塔维里马特阿。,"After the separation the children become atua of different parts of nature: Tāne of the forests, Tangaroa of the sea, Rūaumoko of earthquakes, Tāwhirimātea of winds and weather.",claim.v0310.maori.tane_forests,event.maori.separation_rangi_papa,,UNSPECIFIED,NO_COORDINATE,SOURCE_BACKED,鲁奥莫科与塔维里马特阿尚未建立独立实体。,2026-10-09T00:30:00Z
storyevent.v0310.maori_creation_common_threads.4,storyver.maori.creation_common_threads,4,不是只有一个版本,Not a single version,Te Ara 也提醒，各部族的创世故事差异很大，特别是关于至高存在的角色。,"Te Ara also cautions that tribal versions vary considerably, especially on the role of a supreme being.",claim.v0310.maori.diversity,event.maori.separation_rangi_papa,,UNSPECIFIED,NO_COORDINATE,SOURCE_BACKED,具名 iwi／hapū 版本仍为权限阻塞。,2026-10-09T00:30:00Z
storyevent.v0310.maya_chahk_met.1,storyver.maya.chahk_met,1,水中的雨神,The rain god in the water,这只古典期的玛雅陶盘上，雨神恰克半身浸在水波纹里，四周写着表示“海”的象形文字。,"On this Classic Maya plate the rain god Chahk stands waist-deep in watery motifs, surrounded by hieroglyphs for 'sea'.",claim.v0310.maya.chahk_plate,,,UNSPECIFIED,NO_COORDINATE,SOURCE_BACKED,,2026-10-09T00:30:00Z
storyevent.v0310.maya_chahk_met.2,storyver.maya.chahk_met,2,Chahk 这个名字,The name Chahk,在古典期的玛雅象形文字里，这位雨神的名字写作 Chahk；人们常写的“恰克”就是这个名字。,In Classic-period Maya hieroglyphs the rain god's name is written Chahk — the familiar 'Chaac'.,claim.v0310.maya.chahk_name,,,UNSPECIFIED,NO_COORDINATE,SOURCE_BACKED,,2026-10-09T00:30:00Z
storyevent.v0310.maya_chahk_met.3,storyver.maya.chahk_met,3,进入博物馆,Into the museum,这只陶盘在 2021 年由 Mol 收藏捐赠给大都会艺术博物馆。,The plate entered The Metropolitan Museum of Art in 2021 as a gift of the Mol Collection.,claim.v0310.maya.chahk_held_met,,,UNSPECIFIED,NO_COORDINATE,SOURCE_BACKED,这是物质见证，本站不补写神话情节。,2026-10-09T00:30:00Z
storyevent.v0310.maya_itzamnaaj_met.1,storyver.maya.itzamnaaj_met,1,年老的天神,The aged god,2022 年的展览按“众神的一生”展开：从婴儿、壮年到老年。,"The 2022 exhibition followed the gods through life — infancy, prime and old age.",claim.v0310.maya.itzamnaaj_aged,,,UNSPECIFIED,NO_COORDINATE,SOURCE_BACKED,,2026-10-09T00:30:00Z
storyevent.v0310.maya_itzamnaaj_met.2,storyver.maya.itzamnaaj_met,2,名字仍有疑问,A name still in question,“Itzamnaaj”是殖民时期尤卡坦一位重要神祇的名字。,'Itzamnaaj' is the name of a major deity in colonial Yucatán.,claim.v0310.maya.itzamnaaj_name,,,UNSPECIFIED,NO_COORDINATE,SOURCE_BACKED,名字读法未定，本站同时保留“伊察姆纳”与“Itzamnaaj”。,2026-10-09T00:30:00Z
storyevent.v0310.maya_itzamnaaj_met.3,storyver.maya.itzamnaaj_met,3,故事还要等更多见证,The story awaits more witnesses,这里依据的是一份现代展览介绍，而不是古代文本。,"This version rests on a modern exhibition text, not an ancient one.",claim.v0310.maya.itzamnaaj_scope,,,UNSPECIFIED,NO_COORDINATE,SOURCE_BACKED,待找到可定位的古代或殖民时期文本见证后再扩充。,2026-10-09T00:30:00Z
storyevent.v0310.maya_kukulkan_unesco.1,storyver.maya.kukulkan_unesco,1,奇琴伊察的金字塔,A pyramid at Chichen-Itza,奇琴伊察是尤卡坦半岛上的前西班牙时期古城，已列入世界遗产名录。,"Chichen-Itza is a pre-Hispanic city on the Yucatán peninsula, inscribed on the World Heritage List.",claim.v0310.maya.castillo_part,,monument.maya.el_castillo_chichen,REAL_SITE,ENTITY_PROFILE_ONLY,SOURCE_BACKED,坐标只引用实体档案，不为单个情节推断位置。,2026-10-09T00:30:00Z
storyevent.v0310.maya_kukulkan_unesco.2,storyver.maya.kukulkan_unesco,2,库库尔坎神庙,The Temple of Kukulkan,奇琴伊察北区最重要的建筑是卡斯蒂略金字塔，联合国教科文组织的记录说，它又被称为“库库尔坎神庙”。,"The chief monument of Chichen-Itza's northern group is El Castillo, which UNESCO's record says is also known as the Temple of Kukulkan.",claim.v0310.maya.castillo_kukulkan,,monument.maya.el_castillo_chichen,REAL_SITE,ENTITY_PROFILE_ONLY,SOURCE_BACKED,坐标只引用实体档案，不为单个情节推断位置。,2026-10-09T00:30:00Z
storyevent.v0310.maya_kukulkan_unesco.3,storyver.maya.kukulkan_unesco,3,一个名字的翻译,A name in translation,同一记录提到一种最常见的说法：图拉之王“一芦苇·托皮尔钦·羽蛇”占领了这座城市，而“库库尔坎”正是玛雅人对“羽蛇”这个名字的翻译。,"The same record cites the most common version: the King of Tula, Ce Acatl Topiltzin Quetzalcoatl, took the city — and 'Kukulkan' is how the Maya translated his name.",claim.v0310.maya.kukulkan_name,,monument.maya.el_castillo_chichen,REAL_SITE,ENTITY_PROFILE_ONLY,SOURCE_BACKED,这是关于统治者名号的传统说法，不把玛雅与墨西加的神合并为同一实体。,2026-10-09T00:30:00Z
storyevent.v0310.mexica_coatepec_fc.1,storyver.mexica.coatepec_fc,1,一团羽毛,A ball of feathers,科阿特利库埃住在蛇山上。,Coatlicue lives on Coatepec.,claim.v0310.mexica.coatlicue_feathers,event.mexica.birth_of_huitzilopochtli,place.mexica.coatepec,MYTHIC_PLACE,NO_COORDINATE,SOURCE_BACKED,神话地点不推测坐标。,2026-10-09T00:30:00Z
storyevent.v0310.mexica_coatepec_fc.2,storyver.mexica.coatepec_fc,2,兄妹要杀母亲,Her children turn against her,她的女儿科约尔沙乌基对兄弟们——四百个南方人——说：母亲让我们蒙羞，我们必须杀了她。,"Her daughter Coyolxauhqui tells her brothers, the four hundred Centzon Huitznahua, that their mother has shamed them and must be killed.",claim.v0310.mexica.coyol_event,event.mexica.birth_of_huitzilopochtli,place.mexica.coatepec,MYTHIC_PLACE,NO_COORDINATE,SOURCE_BACKED,神话地点不推测坐标。,2026-10-09T00:30:00Z
storyevent.v0310.mexica_coatepec_fc.3,storyver.mexica.coatepec_fc,3,全副武装地出生,Born fully armed,腹中的维齐洛波奇特利安慰母亲：不要怕，我知道该怎么做。,"From the womb Huitzilopochtli comforts his mother: do not be afraid, I know what to do.",claim.v0310.mexica.huitz_armed,event.mexica.birth_of_huitzilopochtli,place.mexica.coatepec,MYTHIC_PLACE,NO_COORDINATE,SOURCE_BACKED,神话地点不推测坐标。,2026-10-09T00:30:00Z
storyevent.v0310.mexica_coatepec_fc.4,storyver.mexica.coatepec_fc,4,山顶的胜利,Victory on the summit,维齐洛波奇特利砍下科约尔沙乌基的头，她的身体沿着蛇山滚落下去。,"Huitzilopochtli cuts off Coyolxauhqui's head, and her body tumbles down the side of Coatepec.",claim.v0310.mexica.huitz_kills_coyol,event.mexica.birth_of_huitzilopochtli,place.mexica.coatepec,MYTHIC_PLACE,NO_COORDINATE,SOURCE_BACKED,学者认为这段叙事与大神庙的布局相呼应，属于解释，不写成事实。,2026-10-09T00:30:00Z
storyevent.v0310.mexica_templo_mayor_inah.1,storyver.mexica.templo_mayor_inah,1,南边的战神,The war god on the south,大神庙南侧的神殿属于维齐洛波奇特利——墨西加人的太阳战神，也是他们的守护神。,"The southern chapel of the Templo Mayor belongs to Huitzilopochtli, the Mexica's solar god of war and their patron.",claim.v0310.mexica.huitz_templo,,site.mexico.templo_mayor,REAL_SITE,ENTITY_PROFILE_ONLY,SOURCE_BACKED,坐标只引用实体档案，不为单个情节推断位置。,2026-10-09T00:30:00Z
storyevent.v0310.mexica_templo_mayor_inah.2,storyver.mexica.templo_mayor_inah,2,北边的雨神,The rain god on the north,北侧的神殿属于特拉洛克——掌管雨水、与农业紧密相连的神。,"The northern temple belongs to Tlaloc, god of rain and closely tied to agriculture.",claim.v0310.mexica.tlaloc_templo,,site.mexico.templo_mayor,REAL_SITE,ENTITY_PROFILE_ONLY,SOURCE_BACKED,坐标只引用实体档案，不为单个情节推断位置。,2026-10-09T00:30:00Z
storyevent.v0310.mexica_templo_mayor_inah.3,storyver.mexica.templo_mayor_inah,3,一层层长高的神庙,A temple that grew in layers,据 INAH 介绍，墨西加人在1325年建立特诺奇蒂特兰时修了一座小神庙，此后经过多次重建和扩建，越修越高。,"According to INAH, the Mexica built a small temple when they founded Tenochtitlan in 1325, and it was rebuilt and enlarged many times over.",claim.v0310.mexica.templo_layers,,site.mexico.templo_mayor,REAL_SITE,ENTITY_PROFILE_ONLY,SOURCE_BACKED,各建造阶段的具体年代仍有不确定之处。,2026-10-09T00:30:00Z
storyevent.v0310.mexica_tollan_fc.1,storyver.mexica.tollan_fc,1,被当作神的蒂特拉卡瓦,"Titlacauan, held to be a god",第三卷第2章讲人们怎样把一位叫蒂特拉卡瓦、也叫特斯卡特利波卡的人物当作神来敬奉。,"Chapter 2 of Book 3 tells how one called Titlacauan, or Tezcatlipoca, came to be regarded as a god.",claim.v0310.mexica.tezca_titlacauan,event.mexica.quetzalcoatl_tollan_end,,UNSPECIFIED,NO_COORDINATE,SOURCE_BACKED,,2026-10-09T00:30:00Z
storyevent.v0310.mexica_tollan_fc.2,storyver.mexica.tollan_fc,2,图拉的大法师,The great wizard of Tollan,第3章讲羽蛇神——图拉的一位大法师。,"Chapter 3 tells of Quetzalcoatl, a great wizard at Tollan.",claim.v0310.mexica.quetzal_event,event.mexica.quetzalcoatl_tollan_end,,UNSPECIFIED,NO_COORDINATE,SOURCE_BACKED,本段依据章节标题与概要，具体情节尚未逐句核对。,2026-10-09T00:30:00Z
storyevent.v0310.mexica_tollan_fc.3,storyver.mexica.tollan_fc,3,雪山之间,Between the snow mountains,第14章记载，羽蛇神离去时，追随他的人经过伊斯塔克特佩特尔与波波卡特佩特尔两座雪山之间，被冻死在冰雪里。,"Chapter 14 records that as Quetzalcoatl departs, his vassals freeze to death in the ice as they pass between Iztactepetl and Popocatepetl.",claim.v0310.mexica.vassals_froze,event.mexica.quetzalcoatl_tollan_end,,UNSPECIFIED,NO_COORDINATE,SOURCE_BACKED,,2026-10-09T00:30:00Z
storyevent.v0310.norse_frigg_gylf.1,storyver.norse.frigg_gylf,1,知晓命运的女神,The goddess who knows all fates,弗丽嘉是奥丁的妻子。,Frigg is Odin's wife.,claim.v0310.norse.frigg_wife,event.norse.death_of_baldr,,UNSPECIFIED,NO_COORDINATE,SOURCE_BACKED,,2026-10-09T00:30:00Z
storyevent.v0310.norse_frigg_gylf.2,storyver.norse.frigg_gylf,2,万物发誓,Everything swears,巴德尔做了不祥的梦。,"Baldr has ominous dreams, so Frigg makes fire, water, iron and all metals, stones, earth, trees, sicknesses, beasts, birds and serpents swear not to harm him.",claim.v0310.norse.frigg_oaths,event.norse.death_of_baldr,,UNSPECIFIED,NO_COORDINATE,SOURCE_BACKED,,2026-10-09T00:30:00Z
storyevent.v0310.norse_frigg_gylf.3,storyver.norse.frigg_gylf,3,槲寄生,The mistletoe,众神以为巴德尔刀枪不入，便拿东西扔他取乐。,"Believing Baldr unharmable, the gods amuse themselves by throwing things at him.",claim.v0310.norse.baldr_death,event.norse.death_of_baldr,,UNSPECIFIED,NO_COORDINATE,SOURCE_BACKED,投掷者与幕后之人的情节将在后续批次逐段登记。,2026-10-09T00:30:00Z
storyevent.v0310.norse_heimdall_gylf.1,storyver.norse.heimdall_gylf,1,桥头的守望者,Watchman at the bridge,海姆达尔是众神的守望者。,Heimdallr is the watchman of the gods.,claim.v0310.norse.heimdall_watchman,,place.norse.himinbjorg,MYTHIC_PLACE,NO_COORDINATE,SOURCE_BACKED,神话地点不推测坐标。,2026-10-09T00:30:00Z
storyevent.v0310.norse_heimdall_gylf.2,storyver.norse.heimdall_gylf,2,看得远，听得清,Keen eyes and ears,他需要的睡眠比鸟还少，无论白天黑夜都能看见一百里远；他还能听见草在地上生长、羊毛在羊身上生长的声音。,He needs less sleep than a bird and sees a hundred leagues by day or night; he can hear grass growing in the ground and wool growing on sheep.,claim.v0310.norse.heimdall_senses,,place.norse.himinbjorg,MYTHIC_PLACE,NO_COORDINATE,SOURCE_BACKED,神话地点不推测坐标。,2026-10-09T00:30:00Z
storyevent.v0310.norse_heimdall_gylf.3,storyver.norse.heimdall_gylf,3,加拉尔号角与九位母亲,Gjallarhorn and nine mothers,海姆达尔有一支号角，叫加拉尔号角，吹响时所有世界都能听见。,"Heimdallr has a horn called Gjallarhorn, whose blast is heard in all worlds.",claim.v0310.norse.heimdall_horn,,place.norse.himinbjorg,MYTHIC_PLACE,NO_COORDINATE,SOURCE_BACKED,九位母亲的名字见其他诗篇，本版不列出。,2026-10-09T00:30:00Z
storyevent.v0310.norse_tyr_gylf.1,storyver.norse.tyr_gylf,1,最勇敢的神,The boldest god,斯诺里说，提尔是众神中最勇敢、最无畏的一位，打仗时人们向他祈求胜利。,"Snorri says Týr is the boldest and most valiant of the gods, invoked for victory in battle — and he has only one hand.",claim.v0310.norse.tyr_brave,event.norse.binding_of_fenrir,,UNSPECIFIED,NO_COORDINATE,SOURCE_BACKED,,2026-10-09T00:30:00Z
storyevent.v0310.norse_tyr_gylf.2,storyver.norse.tyr_gylf,2,一只手作担保,A hand as a pledge,众神想用一条魔法绳索捆住狼芬里尔。,The gods mean to bind the wolf Fenrir with a magic fetter.,claim.v0310.norse.tyr_fenrir,event.norse.binding_of_fenrir,,UNSPECIFIED,NO_COORDINATE,SOURCE_BACKED,,2026-10-09T00:30:00Z
storyevent.v0310.norse_tyr_gylf.3,storyver.norse.tyr_gylf,3,狼咬断了手,The wolf bites,绳索越挣越紧，狼发现自己被骗了，便咬断了提尔的手。,"The more the wolf struggles, the tighter the fetter grows.",claim.v0310.norse.fenrir_bound,event.norse.binding_of_fenrir,,UNSPECIFIED,NO_COORDINATE,SOURCE_BACKED,,2026-10-09T00:30:00Z
storyevent.v0310.norse_vanir_gylf.1,storyver.norse.vanir_gylf,1,海风之神尼奥尔德,Njörðr of wind and sea,尼奥尔德住在天上一个叫诺欧通的地方。,Njörðr lives in heaven at a place called Nóatún.,claim.v0310.norse.njord_wind_sea,,,UNSPECIFIED,NO_COORDINATE,SOURCE_BACKED,,2026-10-09T00:30:00Z
storyevent.v0310.norse_vanir_gylf.2,storyver.norse.vanir_gylf,2,弗雷与芙蕾雅,Freyr and Freyja,尼奥尔德有一儿一女。,Njörðr has a son and a daughter.,claim.v0310.norse.freyja_slain,,,UNSPECIFIED,NO_COORDINATE,SOURCE_BACKED,,2026-10-09T00:30:00Z
storyevent.v0310.norse_vanir_gylf.3,storyver.norse.vanir_gylf,3,弗雷交出宝剑,Freyr gives away his sword,后来，弗雷爱上了巨人之女葛德。,"Later Freyr falls in love with Gerðr, a giant's daughter.",claim.v0310.norse.freyr_sword,,,UNSPECIFIED,NO_COORDINATE,SOURCE_BACKED,葛德尚未单独建立实体；诸神黄昏中的后果另行登记。,2026-10-09T00:30:00Z
storyevent.v0310.norse_ymir_gylf.1,storyver.norse.ymir_gylf,1,冰与火之间,Between ice and fire,世界还不存在时，只有一道叫金伦加的深渊。,Before the world exists there is only the void of Ginnungagap.,claim.v0310.norse.ymir_origin,event.norse.slaying_of_ymir,,UNSPECIFIED,NO_COORDINATE,SOURCE_BACKED,,2026-10-09T00:30:00Z
storyevent.v0310.norse_ymir_gylf.2,storyver.norse.ymir_gylf,2,奥丁兄弟杀死尤弥尔,Odin and his brothers kill Ymir,布尔的儿子们——奥丁、维利和维——杀死了巨人尤弥尔。,"The sons of Borr — Odin, Vili and Vé — kill the giant Ymir.",claim.v0310.norse.odin_kills_ymir,event.norse.slaying_of_ymir,,UNSPECIFIED,NO_COORDINATE,SOURCE_BACKED,,2026-10-09T00:30:00Z
storyevent.v0310.norse_ymir_gylf.3,storyver.norse.ymir_gylf,3,用身体造世界,A world made from a body,他们用尤弥尔的身体造出世界：肉变成大地，血变成海洋和湖泊，骨头变成山岩，头骨被举起来成为天空。,"From Ymir's body they make the world: his flesh becomes the earth, his blood the sea and lakes, his bones the rocks, and his skull is raised up as the sky.",claim.v0310.norse.ymir_world,event.norse.slaying_of_ymir,,UNSPECIFIED,NO_COORDINATE,SOURCE_BACKED,斯诺里的散文综述与诗歌见证可能有细节差异。,2026-10-09T00:30:00Z
storyevent.v0310.slavic_kyiv_idols_pvl.1,storyver.slavic.kyiv_idols_pvl,1,山岗上的神像,Idols on the hill,《往年纪事》980 年条记载：弗拉基米尔开始在基辅独自为王，就在宫殿庭院外的山岗上立起一排神像。,"The Primary Chronicle's annal for 980 records that when Volodimer began to reign alone in Kyiv, he set up a row of idols on the hill outside the palace courtyard.",claim.v0310.slavic.pvl_980_witness,event.slavic.kyiv_idols_980,,UNSPECIFIED,NO_COORDINATE,SOURCE_BACKED,,2026-10-09T00:30:00Z
storyevent.v0310.slavic_kyiv_idols_pvl.2,storyver.slavic.kyiv_idols_pvl,2,银头金须的佩伦,Perun with a silver head,最前面的是佩伦：木头雕成，头是银的，胡须是金的。,"First stood Perun, carved of wood, with a silver head and a golden moustache.",claim.v060.slavic.perun_980_image,event.slavic.kyiv_idols_980,,UNSPECIFIED,NO_COORDINATE,SOURCE_BACKED,,2026-10-09T00:30:00Z
storyevent.v0310.slavic_kyiv_idols_pvl.3,storyver.slavic.kyiv_idols_pvl,3,名单最后的莫科什,Mokosh at the end of the list,接下来是霍尔斯、达日博格、斯特里博格、西马尔格尔，名单的最后一位是莫科什。,"Then came Khors, Dazhbog, Stribog and Simargl, and last on the list, Mokosh.",claim.v0310.slavic.mokosh_980,event.slavic.kyiv_idols_980,,UNSPECIFIED,NO_COORDINATE,SOURCE_BACKED,关于莫科什职能的说法来自其他材料与现代研究，本故事不补写。,2026-10-09T00:30:00Z
storyevent.v0310.slavic_kyiv_idols_pvl.4,storyver.slavic.kyiv_idols_pvl,4,988 年：神像倒下,988: the idols fall,八年后，弗拉基米尔受洗，下令推倒这些神像：有的砍碎，有的烧掉。,"Eight years later Volodimer was baptized and ordered the idols overthrown — some cut to pieces, others burned.",claim.v0310.slavic.perun_cast_down,event.slavic.kyiv_idols_980,,UNSPECIFIED,NO_COORDINATE,SOURCE_BACKED,这是皈依一方的记载，不是对斯拉夫宗教的中立描述。,2026-10-09T00:30:00Z
storyevent.v0310.sumerian_enki_ninhursag_etcsl.1,storyver.sumerian.enki_ninhursag_etcsl,1,纯净的迪尔蒙,Pure Dilmun,故事开头描写迪尔蒙：一片纯净、安宁的土地，一切都还处在最初的状态。,"The composition opens with Dilmun, a pure and peaceful land where everything is still in its first state.",claim.v0310.sumer.dilmun_setting,event.sumerian.enki_ninhursag,place.sumerian.dilmun,MYTHIC_PLACE,NO_COORDINATE,SOURCE_BACKED,神话中的迪尔蒙不等同于历史上的同名地区。,2026-10-09T00:30:00Z
storyevent.v0310.sumerian_enki_ninhursag_etcsl.2,storyver.sumerian.enki_ninhursag_etcsl,2,吃下植物，招来诅咒,Eating the plants brings a curse,恩基把那里长出的植物一一吃掉。,"Enki eats the plants that have grown there, one after another.",claim.v0310.sumer.ninhursag_curse,event.sumerian.enki_ninhursag,place.sumerian.dilmun,MYTHIC_PLACE,NO_COORDINATE,SOURCE_BACKED,具体植物名单尚未逐项建模。,2026-10-09T00:30:00Z
storyevent.v0310.sumerian_enki_ninhursag_etcsl.3,storyver.sumerian.enki_ninhursag_etcsl,3,为每一处病痛生出神,A deity for every ailment,后来宁胡尔萨格回到恩基身边。,Later Ninhursaĝa returns to Enki.,claim.v0310.sumer.ninhursag_heals,event.sumerian.enki_ninhursag,place.sumerian.dilmun,MYTHIC_PLACE,NO_COORDINATE,SOURCE_BACKED,神话地点不推测坐标。,2026-10-09T00:30:00Z
storyevent.v0310.sumerian_gilgamesh_huwawa_etcsl.1,storyver.sumerian.gilgamesh_huwawa_etcsl,1,要进山去,To the mountains,吉尔伽美什决定动身进山。,Gilgameš resolves to set off for the mountains.,claim.v0310.sumer.gilgamesh_event,event.sumerian.gilgamesh_huwawa,,UNSPECIFIED,NO_COORDINATE,SOURCE_BACKED,,2026-10-09T00:30:00Z
storyevent.v0310.sumerian_gilgamesh_huwawa_etcsl.2,storyver.sumerian.gilgamesh_huwawa_etcsl,2,先告诉乌图,First tell Utu,恩奇都说：山是乌图管的，这件事应该先让乌图知道。,"Enkidu says the mountains are Utu's concern, so Utu should be told of the plan.",claim.v0310.sumer.utu_told,event.sumerian.gilgamesh_huwawa,,UNSPECIFIED,NO_COORDINATE,SOURCE_BACKED,,2026-10-09T00:30:00Z
storyevent.v0310.sumerian_gilgamesh_huwawa_etcsl.3,storyver.sumerian.gilgamesh_huwawa_etcsl,3,眼泪换来的向导,Guides granted for tears,吉尔伽美什向乌图祈求。,"Gilgameš prays to Utu, who accepts his tears as a gift and grants him seven warriors to guide him toward Ḫuwawa.",claim.v0310.sumer.utu_helps,event.sumerian.gilgamesh_huwawa,,UNSPECIFIED,NO_COORDINATE,SOURCE_BACKED,七位勇士的具体身份描述尚未逐句建模。,2026-10-09T00:30:00Z
storyevent.v0310.sumerian_nanna_journey_etcsl.1,storyver.sumerian.nanna_journey_etcsl,1,想念父亲的城市,Longing for his father's city,英勇的南纳一心想着父亲的城市——尼普尔。,"Heroic Nanna-Suen sets his mind on his father's city, Nibru.",claim.v0310.sumer.nanna_child_enlil,event.sumerian.nanna_journey,site.iraq.nippur,REAL_SITE,ENTITY_PROFILE_ONLY,SOURCE_BACKED,坐标只引用实体档案，不为单个情节推断位置。,2026-10-09T00:30:00Z
storyevent.v0310.sumerian_nanna_journey_etcsl.2,storyver.sumerian.nanna_journey_etcsl,2,满船的礼物,A boat full of gifts,他准备了一条船，装满各种礼物，顺着河道一路航行，前往尼普尔。,"He prepares a boat, loads it with gifts and sails along the waterways toward Nibru.",claim.v0310.sumer.nanna_journey,event.sumerian.nanna_journey,site.iraq.nippur,REAL_SITE,ENTITY_PROFILE_ONLY,SOURCE_BACKED,沿途停靠的城市尚未逐项登记。,2026-10-09T00:30:00Z
storyevent.v0310.sumerian_nanna_journey_etcsl.3,storyver.sumerian.nanna_journey_etcsl,3,带回乌尔的祝福,Blessings for Urim,恩利尔欢迎儿子的到来，赐给他丰饶的物产，让他带回自己的城市乌尔。,"Enlil welcomes his son and grants him abundance to take back to his own city, Urim.",claim.v0310.sumer.enlil_blesses,event.sumerian.nanna_journey,site.iraq.nippur,REAL_SITE,ENTITY_PROFILE_ONLY,SOURCE_BACKED,学者把这首诗与城市间运送供品的仪式相联系，属于解释层。,2026-10-09T00:30:00Z
storyevent.v0310.zoroastrian_mihr_yasht_darmesteter.1,storyver.zoroastrian.mihr_yasht_darmesteter,1,与造物主同样尊贵,As worthy as his maker,颂歌一开头，阿胡拉·马兹达对查拉图斯特拉说：我创造广阔牧场之主密特拉时，使他与我自己一样，值得献祭、值得祈祷。,"The hymn opens with Ahura Mazda telling Zarathustra: when I created Mithra, lord of wide pastures, I made him as worthy of sacrifice and as worthy of prayer as myself.",claim.v0310.zoro.mithra_created,,,UNSPECIFIED,NO_COORDINATE,SOURCE_BACKED,,2026-10-09T00:30:00Z
storyevent.v0310.zoroastrian_mihr_yasht_darmesteter.2,storyver.zoroastrian.mihr_yasht_darmesteter,2,不可背弃契约,Never break the contract,对密特拉说谎、背弃契约的恶人，会给整个国家带来死亡。,"The wretch who lies to Mithra, breaking the contract, brings death upon the whole land.",claim.v0310.zoro.mithra_contract,,,UNSPECIFIED,NO_COORDINATE,SOURCE_BACKED,“契约”是译者对 miθra 一词的理解，学界另有讨论。,2026-10-09T00:30:00Z
storyevent.v0310.zoroastrian_mihr_yasht_darmesteter.3,storyver.zoroastrian.mihr_yasht_darmesteter,3,千耳万眼,"A thousand ears, ten thousand eyes",颂歌赞美密特拉说真话，是集会中的首领；他有一千只耳朵，一万只眼睛，什么都瞒不过他。,"The hymn praises Mithra as truth-speaking, a chief in assemblies, with a thousand ears and ten thousand eyes — nothing escapes him.",claim.v0310.zoro.mithra_eyes,,,UNSPECIFIED,NO_COORDINATE,SOURCE_BACKED,,2026-10-09T00:30:00Z
storyevent.v0310.zoroastrian_mihr_yasht_darmesteter.4,storyver.zoroastrian.mihr_yasht_darmesteter,4,越过哈拉山,Over Mount Hara,每天清晨，他是天上诸神中第一个越过哈拉山的，比不朽的、驾着快马的太阳还要早。,"Each morning he is the first of the heavenly gods to reach over Mount Hara, ahead of the undying, swift-horsed sun.",claim.v0310.zoro.mithra_hara,,,UNSPECIFIED,NO_COORDINATE,SOURCE_BACKED,,2026-10-09T00:30:00Z
storyevent.v0310.zoroastrian_vd1_darmesteter.1,storyver.zoroastrian.vd1_darmesteter,1,第一片良地,The first good land,阿胡拉·马兹达说：我所创造的良地中，第一片是雅利安瓦伊贾，在善河岱提亚旁边。,"Ahura Mazda says: the first of the good lands I created was Airyana Vaejah, by the good river Daitya.",claim.v0310.zoro.airyana_vaejah,event.zoroastrian.sixteen_lands,place.zoroastrian.airyana_vaejah,MYTHIC_PLACE,NO_COORDINATE,SOURCE_BACKED,雅利安瓦伊贾不映射为现代坐标。,2026-10-09T00:30:00Z
storyevent.v0310.zoroastrian_vd1_darmesteter.2,storyver.zoroastrian.vd1_darmesteter,2,全然是死亡的对手,The one who is all death,随后，“全然是死亡”的安格拉·曼纽来了，他针对这片良地造出了河中之蛇和寒冬，那是恶魔们的作品。,"Then came Angra Mainyu, who is all death, and against it he counter-created the serpent in the river and winter, a work of the daevas.",claim.v0310.zoro.angra_counter,event.zoroastrian.sixteen_lands,place.zoroastrian.airyana_vaejah,MYTHIC_PLACE,NO_COORDINATE,SOURCE_BACKED,神话地点不推测坐标。,2026-10-09T00:30:00Z
storyevent.v0310.zoroastrian_vd1_darmesteter.3,storyver.zoroastrian.vd1_darmesteter,3,十六地，十六灾,"Sixteen lands, sixteen plagues",名单一片接一片地继续：第二片是粟特人居住的平原，安格拉·曼纽就造出蝗虫。,"The list goes on land by land: the second is the plain where the Sughdhas dwell, and Angra Mainyu makes the locust.",claim.v0310.zoro.locust,event.zoroastrian.sixteen_lands,place.zoroastrian.airyana_vaejah,MYTHIC_PLACE,NO_COORDINATE,SOURCE_BACKED,译者认为这是宗教地理，混合了神话之地与真实国家；只有部分地名可以确认。,2026-10-09T00:30:00Z
storyevent.yamm.1,storyver.ugaritic.baal_yamm_ktu12,1,泥板中的对手,Opponents on the tablet,KTU 1.2 IV把巴力与雅姆置于同一战斗事件中；库存记录确保故事锚定到具体泥板。,KTU 1.2 IV places Baal and Yamm in the same combat event; the inventory record anchors the story to a specific tablet.,claim.v060.ugaritic.event_appears_baal_cycle,,,UNSPECIFIED,NO_COORDINATE,PARTIAL,库存页本身不是完整译文。,2026-08-30T03:30:00Z
storyevent.yamm.2,storyver.ugaritic.baal_yamm_ktu12,2,两件有名武器,Two named weapons,已登记的学术资料把Yagrush与Ayyamur列为巴力依次使用的有名武器。,Registered scholarship identifies Yagrush and Ayyamur as named weapons used in sequence by Baal.,claim.v060.ugaritic.baal_uses_yagrush,,,UNSPECIFIED,NO_COORDINATE,PARTIAL,武器中文名采用音译，不推定功能相同。,2026-08-30T03:30:00Z
storyevent.yamm.3,storyver.ugaritic.baal_yamm_ktu12,3,倒地与缺口,Fall and textual gaps,事件档案记录第二件武器使雅姆倒地；后续层仍受泥板状态与当前校勘范围限制。,The event profile records the second weapon bringing Yamm down; what follows remains limited by tablet condition and current editorial coverage.,claim.v060.ugaritic.baal_uses_ayyamur,,,UNSPECIFIED,NO_COORDINATE,PARTIAL,不把残缺处补成连续对白。,2026-08-30T03:30:00Z
