id,story_id,version_label_zh,version_label_en,source_id,source_location,language_id,witness_scope,narrative_scope,evidence_status,access_level,version_order,rights_note,created_at
storyver.akkadian.anzu_oracc,story.akkadian.anzu_tablet,ORACC安祖叙事纲要,ORACC Anzu narrative synopsis,source.mesopotamia.anzu_ninurta.oracc,Anzu narrative synopsis,lang.akk,ORACC学术数字展览,安祖夺取泥板、宁努尔塔击败对手并取回泥板,SOURCE_BACKED,PUBLIC_CONTEXT,1,不是全文译本；独立概述。,2026-08-29T10:00:00Z
storyver.babylonian.enuma_elish,story.babylonian.marduk_tiamat,《埃努玛·埃利什》电子版,Electronic Babylonian Library witness,source.babylonian.enuma_elish.ebl,Poem of Creation corpus L/1/2,lang.akk,电子巴比伦图书馆数字校勘语料,当前登记马尔杜克与提亚马特的创世战斗参与层,PARTIAL,PUBLIC_CONTEXT,1,语料与翻译条款依来源；本站仅发证据导读。,2026-08-29T10:00:00Z
storyver.chinese.fuxi_xici,story.chinese.fuxi_eight_trigrams,《周易·系辞下》,"Zhouyi, Xi Ci II",source.china.zhouyi_xici_xia.ctext,"Xi Ci II, ch. 2",lang.lzh,中国哲学书电子化计划所收《周易·系辞下》传世本,包牺氏观象、作八卦、结网,SOURCE_BACKED,PUBLIC_CONTEXT,1,古籍原文属公共领域；只发布篇章定位与独立白话概述。,2026-10-09T00:30:00Z
storyver.chinese.gonggong_huainanzi_tianwen,story.chinese.gonggong_buzhou,《淮南子·天文训》见证,Huainanzi Tian Wen witness,source.china.huainanzi.tianwenxun.ctext,"Huainanzi, Tian Wen Xun — passage opening 昔者共工",lang.lzh,《淮南子·天文训》中的天地形势起源段落,共工与颛顼争帝、触不周山、天倾西北与地不满东南；不含女娲,SOURCE_BACKED,PUBLIC_CONTEXT,1,古籍原文属公共领域；数字版遵循网站条款。本站只发布定位与独立概述。,2026-10-02T05:40:00Z
storyver.chinese.gonggong_liezi_tangwen,story.chinese.gonggong_buzhou,《列子·汤问》见证,Liezi Tang Wen witness,source.china.liezi.tangwen.ctext,"Liezi, Tang Wen — sentence opening 其後共工氏",lang.lzh,《列子·汤问》中紧接女娲补天之后的共工段落,以“其后”接续、共工氏与颛顼争帝、触山与天倾西北,SOURCE_BACKED,PUBLIC_CONTEXT,2,古籍原文属公共领域；数字版遵循网站条款。本站只发布定位与独立概述。,2026-10-02T05:40:00Z
storyver.chinese.leize_shanhaijing,story.chinese.leize_thunder,《山海经·海内东经》见证,Hai Nei Dong Jing witness,source.chinese.shanhaijing_leize.ctext,Hai Nei Dong Jing,lang.lzh,传世《山海经》数字文本段落,雷泽地点、无名雷神与击腹发雷的短段,SOURCE_BACKED,PUBLIC_CONTEXT,1,独立概述。,2026-08-29T10:00:00Z
storyver.chinese.nezha_xiyouji_ch4,story.chinese.nezha_wukong,《西游记》第四回,"Journey to the West, chapter 4",source.china.xiyouji_ch004.wikisource,ch. 4,lang.zh,维基文库所收《西游记》第四回,天兵讨伐、三头六臂与毫毛分身,SOURCE_BACKED,PUBLIC_CONTEXT,1,小说原文属公共领域；只发布回目定位与独立概述。,2026-10-09T00:30:00Z
storyver.chinese.nuwa_huainanzi_lanming,story.chinese.nuwa_repairs_sky,《淮南子·览冥训》见证,Huainanzi Lan Ming witness,source.china.huainanzi.lanmingxun.ctext,"Huainanzi, Lan Ming Xun — passage opening 往古之時",lang.lzh,西汉刘安主持编纂的《淮南子》传世本；Chinese Text Project 数字版章节定位,四极崩坏、炼石补天、断鳌足、杀黑龙、积芦灰；不含共工,SOURCE_BACKED,PUBLIC_CONTEXT,1,古籍原文属公共领域；数字版遵循网站条款。本站只发布定位与独立概述。,2026-10-02T05:40:00Z
storyver.chinese.nuwa_liezi_tangwen,story.chinese.nuwa_repairs_sky,《列子·汤问》见证,Liezi Tang Wen witness,source.china.liezi.tangwen.ctext,"Liezi, Tang Wen — Tang and Xia Ge dialogue",lang.lzh,托名列御寇的《列子》传世本，成书年代有争议；Chinese Text Project 数字版章节定位,天地亦物、炼石补阙、断鳌足立四极，其后共工触山与天倾西北,SOURCE_BACKED,PUBLIC_CONTEXT,2,古籍原文属公共领域；数字版遵循网站条款。本站只发布定位与独立概述。,2026-10-02T05:40:00Z
storyver.chinese.pangu_yiwen_leiju,story.chinese.pangu_sanwu_liji,《艺文类聚》卷一引《三五历纪》,Yiwen leiju juan 1 quoting the Sanwu liji,source.china.yiwen_leiju_juan001.wikisource,"juan 1, Heaven",lang.lzh,维基文库所收《艺文类聚》卷一（据明本补）,混沌如鸡子、天地开辟与盘古日长一丈,SOURCE_BACKED,PUBLIC_CONTEXT,1,古籍原文属公共领域；只发布篇章定位与独立白话概述。,2026-10-09T00:30:00Z
storyver.chinese.zhuolu_shiji,story.chinese.huangdi_chiyou,《史记·五帝本纪》,"Shiji, Annals of the Five Emperors",source.china.shiji_wudi_benji.ctext,Wu di ben ji,lang.lzh,中国哲学书电子化计划所收《史记·五帝本纪》传世本,轩辕崛起、蚩尤作乱、涿鹿之战与尊为天子,SOURCE_BACKED,PUBLIC_CONTEXT,1,古籍原文属公共领域；只发布篇章定位与独立白话概述。,2026-10-09T00:30:00Z
storyver.egyptian.heavenly_cow_ucl,story.egyptian.heavenly_cow,UCL 数字埃及概述,UCL Digital Egypt summary,source.egypt.creation.ucl,Gods and goddesses: creation — the Tale of the Heavenly Cow,lang.en,UCL 对新王国宗教文献《天牛之书》的概述,人类反叛、拉的眼睛化为塞赫麦特、红色啤酒与哈托尔,SOURCE_BACKED,PUBLIC_CONTEXT,1,只发布定位与独立概述。,2026-10-09T00:30:00Z
storyver.egyptian.heliopolis_ucl,story.egyptian.heliopolitan_family,UCL 数字埃及综述,UCL Digital Egypt synthesis,source.egypt.creation.ucl,Gods and goddesses: creation,lang.en,伦敦大学学院 Digital Egypt 的学术综述页面,阿图姆的子女、天地分离与奥西里斯故事的概要,SOURCE_BACKED,PUBLIC_CONTEXT,1,只发布定位与独立概述。,2026-10-09T00:30:00Z
storyver.egyptian.mourning_sisters_met,story.egyptian.mourning_sisters,大都会艺术博物馆藏品说明,Metropolitan Museum catalogue,source.egypt.mourning_nephthys.met.12_182_23a,12.182.23a — catalogue description,lang.en,大都会艺术博物馆 12.182.23a／23b 两件木像的藏品说明,哀悼姿势、成对关系与奥西里斯,SOURCE_BACKED,PUBLIC_CONTEXT,1,博物馆记录；只发布定位与独立概述，不复制图像。,2026-10-09T00:30:00Z
storyver.egyptian.opet_mota,story.egyptian.opet_procession,埃及文物主管部门卢克索神庙档案,Egyptian antiquities authority Luxor Temple record,source.egypt.luxor.mota,"Official Luxor Temple record, monument description",lang.en,现代埃及官方遗址档案对古代祭典路线与纪念物的公开说明,只概述卡纳克出发、仪仗联系、抵达卢克索和柱廊图像；不声称重建完整祭仪,SOURCE_BACKED,PUBLIC_CONTEXT,1,版权归埃及主管部门；公开快照只含独立概述、元数据与定位。,2026-08-30T03:30:00Z
storyver.egyptian.solar_met,story.egyptian.solar_night,大都会艺术博物馆馆藏说明层,Met Museum funerary-object context,source.egypt.nauny_book_dead.met.30_3_31,Nauny object catalogue context,lang.egy,娜乌妮《亡灵书》对象与公开馆藏说明,太阳神夜行冥界与太阳舟的博物馆／丧葬文本综合层,PARTIAL,PUBLIC_CONTEXT,1,对象数据与开放图像遵守大都会条款；独立概述。,2026-08-29T10:00:00Z
storyver.egyptian.weighing_ani_bm,story.egyptian.weighing_heart_ani,"大英博物馆 EA10470,3","British Museum EA10470,3",source.egypt.papyrus_ani.bm.ea10470_3,"EA10470,3 — museum description of the Hall of Judgment",lang.en,大英博物馆对《阿尼纸草》第3框的藏品描述,天平、心脏与羽毛、阿努比斯与托特,SOURCE_BACKED,PUBLIC_CONTEXT,1,博物馆记录；只发布定位与独立概述，不复制图像。,2026-10-09T00:30:00Z
storyver.greek.aphrodite_iliad,story.greek.aphrodite_origins,《伊利亚特》宙斯—狄俄涅谱系,Iliad Zeus-Dione genealogy,source.greek.iliad.scaife,"Book 5, lines 370–372; Book 14, line 193",lang.grc,史诗中的亲属称谓见证,这不是完整诞生故事，而是父母谱系的文本见证,SOURCE_BACKED,PUBLIC_CONTEXT,2,独立概述。,2026-08-29T10:00:00Z
storyver.greek.aphrodite_theogony,story.greek.aphrodite_origins,《神谱》海中诞生版本,Theogony sea-birth account,source.greek.theogony.perseus_eng1,lines 188–206,lang.grc,赫西俄德谱系诗见证,乌拉诺斯受创后的海中诞生叙事,SOURCE_BACKED,PUBLIC_CONTEXT,1,独立概述。,2026-08-29T10:00:00Z
storyver.greek.demeter_hymn2,story.greek.demeter_persephone,《荷马颂歌·致得墨忒耳》版本,Homeric Hymn to Demeter witness,source.greek.homeric_hymn_demeter.scaife,"Hymn 2, lines 1–495",lang.grc,古希腊赞歌的数字文本见证,只转述已登记的劫持、寻找、厄琉息斯与回返／仪式框架,SOURCE_BACKED,PUBLIC_CONTEXT,1,来源页面与现代呈现按其条款使用；本站仅发独立概述。,2026-08-29T10:00:00Z
storyver.greek.eleusinia_acropolis,story.greek.eleusinia_procession,雅典卫城博物馆展览档案,Acropolis Museum exhibition record,source.greek.eleusis_acropolis_exhibition2018,"Exhibition description, route paragraph",lang.en,现代希腊博物馆对古代公开宗教进程及其考古语境的说明,雅典厄琉西尼翁、圣道、厄琉息斯与特勒斯特里翁的公开路线；不进入保密仪式,SOURCE_BACKED,PUBLIC_CONTEXT,1,博物馆页面受版权保护；本站仅发布独立概述与来源链接。,2026-08-30T03:30:00Z
storyver.greek.medea_library,story.greek.medea_restoration,《书库》1.9.28版本,Library 1.9.28,source.greek.apollodorus.library.topostext,Library 1.9.28,lang.grc,伪阿波罗多洛斯神话汇编见证,美狄亚回返、珀耳塞斯被杀、埃厄忒斯复位,SOURCE_BACKED,PUBLIC_CONTEXT,1,独立概述。,2026-08-29T10:00:00Z
storyver.greek.titanomachy_theogony,story.greek.titanomachy,《神谱》617–735行,Theogony 617–735,source.greek.theogony.perseus_eng1,lines 617–735,lang.grc,赫西俄德《神谱》的英语数字版定位,神战、百臂巨人介入、雷霆与战败囚禁的本见证框架,SOURCE_BACKED,PUBLIC_CONTEXT,1,Perseus呈现许可另见来源登记；本站正文为独立概述。,2026-08-29T10:00:00Z
storyver.greek.typhon_theogony,story.greek.zeus_typhon,《神谱》820–885行,Theogony 820–885,source.greek.theogony.perseus_eng1,lines 820–885,lang.grc,赫西俄德提丰战斗段落,宙斯、提丰、雷霆武器与结果,SOURCE_BACKED,PUBLIC_CONTEXT,1,独立概述。,2026-08-29T10:00:00Z
storyver.hawaiian.pele_nps,story.hawaiian.pele_journey,美国国家公园管理局公开介绍,U.S. National Park Service public interpretation,source.hawaii.pele.nps,Pele; Holo Mai Pele,lang.en,夏威夷火山国家公园的公开解说页面,卡希基、东南方向的迁移、哈雷茂茂与请求许可,SOURCE_BACKED,ATTRIBUTION_REQUIRED,1,须署名美国国家公园管理局；不收集 oli、mele 或非公开的家族传统。,2026-10-09T00:30:00Z
storyver.hindu.churning_bhagavata,story.hindu.samudra_manthana_texts,《薄伽梵往世书》8.5–8.9,Bhāgavata Purāṇa 8.5–8.9,source.india.bhagavatapurana.gretil,"Bhāgavatapurāṇa, Skandha 8, adhyāyas 5–9",lang.san,仍在虔信传统中使用的往世书经文（GRETIL 电子转写）,诸神与阿修罗结盟拔山、毗湿奴化龟托山、湿婆饮毒、檀文陀利、摩希尼与罗睺,SOURCE_BACKED,PUBLIC_CONTEXT,2,活态经典：只发布定位与描述性概述，不裁定神学或仪轨，不复制现代虔信译本。,2026-10-02T05:40:00Z
storyver.hindu.churning_mbh_ce,story.hindu.samudra_manthana_texts,《摩诃婆罗多》精校本初篇 1.15–1.17,"Mahābhārata critical edition, Ādiparvan 1.15–1.17",source.india.mahabharata.adiparvan.gretil,"Mahābhārata CE, Ādiparvan 1.15–1.17 (Āstīkaparvan)",lang.san,班达卡尔东方研究所精校本的正文（GRETIL 电子转写）；只代表一种学术重建见证,诸神求甘露、阿难陀拔山、婆苏吉为绳、龟王阿库帕拉托山、檀文陀利、迷惑女身、罗睺与诸神之战,SOURCE_BACKED,PUBLIC_CONTEXT,1,只发布定位、元数据与独立概述；GRETIL 文件条款与现代译本版权另行适用。,2026-10-02T05:40:00Z
storyver.irish.mag_tuired_gray,story.irish.second_battle_mag_tuired,Gray 校译本（CELT T300010）,Gray edition (CELT T300010),source.irish.cath_maige_tuired.celt,§§6–167,lang.en,科克大学 CELT 电子文本库所收 Gray 英译,四宝、鲁格入塔拉、萨温之约、布里格哀哭、巴洛尔之死与莫莉甘的宣告,SOURCE_BACKED,PUBLIC_CONTEXT,1,Gray 译文受版权保护；只发布段落定位与独立概述。,2026-10-09T00:30:00Z
storyver.japanese.eight_thunder_kojiki,story.japanese.eight_thunder_yomi,《古事记》黄泉段落索引,Kojiki Yomi episode index,source.japanese.kojiki_kami_index.kokugakuin,"Upper Scroll, Yomi episode",lang.ojp,國學院大学《古事记》神名学术索引,八雷神名称与黄泉段落的见证范围,SOURCE_BACKED,PUBLIC_CONTEXT,1,学术索引版权适用；元数据、定位与独立概述。,2026-08-29T10:00:00Z
storyver.japanese.izanagi_izanami_kojiki,story.japanese.izanagi_izanami,《古事记》张伯伦译本,"Kojiki, Chamberlain translation",source.japanese.kojiki.chamberlain,Sections III–X (kj010–kj017),lang.en,张伯伦 1882 年《古事记》英译（公共领域）,淤能碁吕岛、伊邪那美之死、黄泉、禊祓与三贵子诞生,SOURCE_BACKED,PUBLIC_CONTEXT,1,公共领域译本；只发布定位与独立概述。,2026-10-09T00:30:00Z
storyver.japanese.kamo_fudoki_fragment,story.japanese.kamo_arrow,《山城国风土记》逸文的学术条目,Academic record of the Yamashiro Fudoki fragment,source.japanese.kamo_genealogy.kokugakuin,Fragmentary Yamashiro no kuni fudoki genealogy discussion,lang.ojp,國學院大学神道百科对逸文的公开学术说明,玉依姬、红箭、火雷神与贺茂别雷大神的片段谱系,PARTIAL,ATTRIBUTION_REQUIRED,1,保留来源署名；不复制现代条目正文。,2026-08-29T10:00:00Z
storyver.japanese.kusanagi_atsuta,story.japanese.kusanagi_transmission,热田神宫当代公开传承层,Atsuta Jingu current public tradition layer,source.japanese.kusanagi.atsuta_official,Introduction — Enshrined Deities and History,lang.jpn,热田神宫官方网站的当代公开说明,草薙剑、热田奉祀与日本武尊关联；不延伸到非公开仪式或物质鉴定,SOURCE_BACKED,PUBLIC_CONTEXT,2,仅依据神社公开网页；隐藏神器、受限仪式和物质连续性均不推断。,2026-09-01T06:30:00Z
storyver.japanese.kusanagi_orochi,story.japanese.kusanagi_transmission,國學院《八岐大蛇》学术综述层,Kokugakuin Yamatanoorochi academic layer,source.japanese.kusanagi.yamatanoorochi.kokugakuin,Yamatanoorochi — Kojiki/Nihongi narrative summary,lang.ojp,國學院大学神道百科对《古事记》《日本书纪》相关叙事的公开学术综述,须佐之男击败大蛇、发现草薙剑并将剑呈给天照大神,SOURCE_BACKED,PUBLIC_CONTEXT,1,All rights reserved；只发布元数据、定位与独立概述。,2026-09-01T06:30:00Z
storyver.khmer.angkor_churning_apsara,story.khmer.angkor_wat_churning_relief,APSARA 吴哥寺回廊浮雕层,APSARA Angkor Wat gallery relief layer,source.khmer.angkor_wat.apsara,Angkor Wat — southern section of the eastern gallery,lang.khm,APSARA 官方遗产页面对原址浮雕主题与位置的公开说明,只登记“乳海搅拌”主题、东侧回廊南段定位及其作为高棉物质见证的边界,SOURCE_BACKED,PUBLIC_CONTEXT,1,只发布官方元数据、位置与独立概述；不复制遗产媒体。,2026-09-01T06:30:00Z
storyver.maori.creation_common_threads,story.maori.creation_many,Te Ara：创世故事的共同线索,Te Ara: common threads in creation stories,source.maori.creation.teara,Page 1 — Common threads in creation stories,lang.en,Te Ara 新西兰百科中 Te Ahukaramū Charles Royal 撰写的“毛利创世传统”第1页,从黑暗到光明、天父地母的分离与自然之神,SOURCE_BACKED,ATTRIBUTION_REQUIRED,2,须署名 Te Ahukaramū Charles Royal 与 Te Ara；只发布公开页面的独立概述，不收集具名部族版本。,2026-10-09T00:30:00Z
storyver.maori.creation_teara,story.maori.creation_many,Te Ara公开概述层,Te Ara public overview,source.maori.creation.teara,Māori creation traditions public overview,lang.mai,新西兰政府Te Ara的公开、具原住民语境的策展概述,只介绍多版本事实、Io分布差异和访问边界，不重述受限知识,SOURCE_BACKED,ATTRIBUTION_REQUIRED,1,必须署名Te Ara；社区专属非公开材料默认不收集。,2026-08-29T10:00:00Z
storyver.maya.chahk_met,story.maya.divine_images,大都会博物馆：恰克陶盘,Met: Chahk plate,source.maya.chahk_plate.met.2021_320,2021.320 — catalogue description,lang.en,大都会艺术博物馆 2021.320 号藏品说明,雨神恰克的图像,SOURCE_BACKED,PUBLIC_CONTEXT,2,官方或博物馆记录；只发布定位与独立概述，不复制图像。,2026-10-09T00:30:00Z
storyver.maya.hero_twins_nmai,story.maya.hero_twins_seven_macaw,Smithsonian 公开基切语境概述,Smithsonian public K'iche'-context overview,source.maya.creation.nmai,Creation Story of the Maya — Hero Twins and Seven Macaw sections,lang.quc,Smithsonian National Museum of the American Indian 的公开教育页面，明确放在 K'iche' Maya《Popol Vuh》语境中,只登记英雄双子、七金刚鹦鹉与击败关系；不复制全文，不推广为所有玛雅共同版本,SOURCE_BACKED,ATTRIBUTION_REQUIRED,1,署名 Smithsonian NMAI 与 K'iche' Maya 语境；不复制页面长文或受限社区内容。,2026-09-01T06:30:00Z
storyver.maya.itzamnaaj_met,story.maya.divine_images,大都会博物馆：“众神的一生”展,Met: Lives of the Gods,source.maya.lives_of_gods.met2022,2022 exhibition description,lang.en,大都会艺术博物馆 2022 年玛雅神祇展的说明,年老的天神伊察姆纳,SOURCE_BACKED,PUBLIC_CONTEXT,3,官方或博物馆记录；只发布定位与独立概述，不复制图像。,2026-10-09T00:30:00Z
storyver.maya.kukulkan_unesco,story.maya.divine_images,联合国教科文组织：奇琴伊察,UNESCO: Chichen-Itza,source.unesco.chichen_itza.483,World Heritage property 483 — brief synthesis,lang.en,联合国教科文组织世界遗产 483 号记录,卡斯蒂略金字塔与库库尔坎之名,SOURCE_BACKED,PUBLIC_CONTEXT,1,官方或博物馆记录；只发布定位与独立概述，不复制图像。,2026-10-09T00:30:00Z
storyver.mexica.coatepec_fc,story.mexica.birth_huitzilopochtli,《佛罗伦萨手抄本》第三卷,"Florentine Codex, Book 3",source.mexica.florentine.getty,"Book 3, chapter 1",lang.nci,萨阿贡主持编纂的纳瓦特尔语—西班牙语手抄本（盖蒂数字版）,科阿特利库埃怀孕、科约尔沙乌基率众攻山、维齐洛波奇特利诞生与胜利,SOURCE_BACKED,PUBLIC_CONTEXT,1,手抄本数字版遵循盖蒂条款；现代英译受版权保护，只发布定位与独立概述。,2026-10-09T00:30:00Z
storyver.mexica.templo_mayor_inah,story.mexica.templo_mayor_twin_shrines,INAH 大神庙遗址博物馆,INAH Templo Mayor site museum,source.mexica.templo_mayor_museum.inah,Museum description,lang.en,墨西哥国家人类学与历史研究所的官方博物馆页面,双神殿的布局、两位神的职能与建造历史,SOURCE_BACKED,PUBLIC_CONTEXT,1,官方网页；只发布定位与独立概述。,2026-10-09T00:30:00Z
storyver.mexica.tollan_fc,story.mexica.quetzalcoatl_tollan,《佛罗伦萨手抄本》第三卷,"Florentine Codex, Book 3",source.mexica.florentine.getty,"Book 3, chapters 2–5 and 14",lang.nci,萨阿贡主持编纂的纳瓦特尔语—西班牙语手抄本（盖蒂数字版）,特斯卡特利波卡的名号、羽蛇神在图拉、荣光的终结与离去途中的严寒,SOURCE_BACKED,PUBLIC_CONTEXT,1,手抄本数字版遵循盖蒂条款；现代英译受版权保护，只发布定位与独立概述。,2026-10-09T00:30:00Z
storyver.norse.ask_embla_gylf,story.norse.ask_embla,《欺骗古鲁菲》8–9章,Gylfaginning 8–9,source.norse.gylfaginning.vsnr2005,Gylfaginning 8–9,lang.non,斯诺里《埃达》学术版见证,阿斯克、恩布拉以及奥丁、维利、维的组合,SOURCE_BACKED,PUBLIC_CONTEXT,2,学术版版权适用；本站仅发独立概述。,2026-08-29T10:00:00Z
storyver.norse.ask_embla_voluspa,story.norse.ask_embla,《女巫预言》17–18节,Voluspa 17–18,source.norse.poetic_edda.gks2365,Völuspá stanzas 17–18,lang.non,《诗体埃达》手稿数字版见证,阿斯克、恩布拉以及奥丁、赫尼尔、洛杜尔的组合,SOURCE_BACKED,PUBLIC_CONTEXT,1,电子版许可见来源登记；独立概述。,2026-08-29T10:00:00Z
storyver.norse.forging_skald,story.norse.forging_treasures,《诗语法》第35章,Skaldskaparmal 35,source.norse.skaldskaparmal.vsnr1998,Skáldskaparmál 35,lang.non,斯诺里《诗语法》学术版见证,布罗克、铁匠及三件宝物的锻造序列,PARTIAL,PUBLIC_CONTEXT,1,学术版版权适用；独立概述。,2026-08-29T10:00:00Z
storyver.norse.frigg_gylf,story.norse.frigg_baldr,斯诺里《埃达·欺骗古鲁菲》,"Snorri's Edda, Gylfaginning",source.norse.prose_edda.vsnr,Gylfaginning 20 and 49,lang.en,维京北方研究学会（VSNR）出版的斯诺里《埃达》英译,弗丽嘉的身份、誓言与巴德尔之死,SOURCE_BACKED,PUBLIC_CONTEXT,1,现代译本受版权保护；只发布章节定位与独立概述。,2026-10-09T00:30:00Z
storyver.norse.hammer_thrymskvida,story.norse.hammer_recovery,《索列姆之歌》1–32节,Thrymskvida stanzas 1–32,source.norse.poetic_edda.gks2365,Þrymskviða stanzas 1–32,lang.non,《诗体埃达》手稿数字版见证,索尔寻找妙尔尼尔与洛基同行的已登记框架,PARTIAL,PUBLIC_CONTEXT,1,电子版许可见来源登记；独立概述。,2026-08-29T10:00:00Z
storyver.norse.heimdall_gylf,story.norse.heimdall_watchman,斯诺里《埃达·欺骗古鲁菲》,"Snorri's Edda, Gylfaginning",source.norse.prose_edda.vsnr,Gylfaginning 27,lang.en,维京北方研究学会（VSNR）出版的斯诺里《埃达》英译,海姆达尔的居所、感官、号角与九位母亲,SOURCE_BACKED,PUBLIC_CONTEXT,1,现代译本受版权保护；只发布章节定位与独立概述。,2026-10-09T00:30:00Z
storyver.norse.odin_mimir_gylf,story.norse.odin_mimir,《欺骗古鲁菲》第15章,Gylfaginning 15,source.norse.prose_edda.vsnr,Gylfaginning 15,lang.non,斯诺里《埃达》学术版见证,密米尔之泉与奥丁交换眼睛的段落,SOURCE_BACKED,PUBLIC_CONTEXT,1,独立概述。,2026-08-29T10:00:00Z
storyver.norse.ragnarok_gylf,story.norse.ragnarok,《欺骗古鲁菲》诸神黄昏段落,Gylfaginning Ragnarok account,source.norse.prose_edda.vsnr,"Gylfaginning, Ragnarök account",lang.non,斯诺里《埃达》学术版见证,当前只开放已登记的奥丁与芬里尔参与层,PARTIAL,PUBLIC_CONTEXT,1,不以现代再创作补齐。,2026-08-29T10:00:00Z
storyver.norse.tyr_gylf,story.norse.tyr_fenrir,斯诺里《埃达·欺骗古鲁菲》,"Snorri's Edda, Gylfaginning",source.norse.prose_edda.vsnr,Gylfaginning 25 and 34,lang.en,维京北方研究学会（VSNR）出版的斯诺里《埃达》英译,提尔的勇气与束缚芬里尔,SOURCE_BACKED,PUBLIC_CONTEXT,1,现代译本受版权保护；只发布章节定位与独立概述。,2026-10-09T00:30:00Z
storyver.norse.vanir_gylf,story.norse.vanir_family,斯诺里《埃达·欺骗古鲁菲》,"Snorri's Edda, Gylfaginning",source.norse.prose_edda.vsnr,"Gylfaginning 23, 24 and 37",lang.en,维京北方研究学会（VSNR）出版的斯诺里《埃达》英译,尼奥尔德、弗雷与芙蕾雅的居所、职能与弗雷的宝剑,SOURCE_BACKED,PUBLIC_CONTEXT,1,现代译本受版权保护；只发布章节定位与独立概述。,2026-10-09T00:30:00Z
storyver.norse.ymir_gylf,story.norse.ymir_world,斯诺里《埃达·欺骗古鲁菲》,"Snorri's Edda, Gylfaginning",source.norse.prose_edda.vsnr,Gylfaginning 5–8,lang.en,维京北方研究学会（VSNR）出版的斯诺里《埃达》英译,尤弥尔的出现、被杀与世界成形,SOURCE_BACKED,PUBLIC_CONTEXT,1,现代译本受版权保护；只发布章节定位与独立概述。,2026-10-09T00:30:00Z
storyver.slavic.kyiv_idols_pvl,story.slavic.kyiv_idols,《往年纪事》980／988 年条,"Primary Chronicle, annals 980 and 988",source.slavic.pvl.obdurodon,annals 980 and 988,lang.en,Obdurodon 数字校勘版《往年纪事》,山岗神像、神名名单与 988 年毁像,SOURCE_BACKED,PUBLIC_CONTEXT,1,只发布年条定位与独立概述。,2026-10-09T00:30:00Z
storyver.sumerian.enki_ninhursag_etcsl,story.sumerian.enki_ninhursag,ETCSL 综合文本译本,ETCSL composite translation,source.sumerian.enki_ninhursag.etcsl,ETCSL 1.1.1,lang.sux,牛津大学苏美尔文学电子文本库（ETCSL）的综合文本英译,迪尔蒙、恩基吃下植物、诅咒与疗愈,SOURCE_BACKED,PUBLIC_CONTEXT,1,ETCSL 条款适用；只发布定位与独立概述。,2026-10-09T00:30:00Z
storyver.sumerian.gilgamesh_huwawa_etcsl,story.sumerian.gilgamesh_huwawa_utu,ETCSL 综合文本译本,ETCSL composite translation,source.sumerian.gilgamesh_huwawa_a.etcsl,ETCSL 1.8.1.5,lang.sux,牛津大学苏美尔文学电子文本库（ETCSL）的综合文本英译,出发、乌图的帮助与胡瓦瓦,SOURCE_BACKED,PUBLIC_CONTEXT,1,ETCSL 条款适用；只发布定位与独立概述。,2026-10-09T00:30:00Z
storyver.sumerian.inanna_etcsl,story.sumerian.inanna_descent,ETCSL作品1.4.1,ETCSL composition 1.4.1,source.sumerian.inanna_descent.etcsl,Composition 1.4.1,lang.sux,牛津ETCSL苏美尔复合文本与公开译文,当前登记伊南娜下降事件；细分章节将继续逐行扩张,PARTIAL,PUBLIC_CONTEXT,1,ETCSL条款适用；本站仅发独立概述。,2026-08-29T10:00:00Z
storyver.sumerian.nanna_journey_etcsl,story.sumerian.nanna_journey,ETCSL 综合文本译本,ETCSL composite translation,source.sumerian.nanna_nibru.etcsl,ETCSL 1.5.1,lang.sux,牛津大学苏美尔文学电子文本库（ETCSL）的综合文本英译,南纳的航行与恩利尔的赐福,SOURCE_BACKED,PUBLIC_CONTEXT,1,ETCSL 条款适用；只发布定位与独立概述。,2026-10-09T00:30:00Z
storyver.ugaritic.baal_mot_ktu15_16,story.ugaritic.baal_mot,KTU 1.5–1.6语料见证,KTU 1.5–1.6 corpus witness,source.ugaritic.baal_corpus_ktu15_16.goettingen,KTU 1.5–1.6 corpus overview,lang.uga,哥廷根巴力史诗语料与泥板对照,巴力、穆特、阿纳特参与的残缺事件序列,PARTIAL,PUBLIC_CONTEXT,1,项目条款适用；独立概述。,2026-08-29T10:00:00Z
storyver.ugaritic.baal_yamm_ktu12,story.ugaritic.baal_yamm,KTU 1.2 IV见证,KTU 1.2 IV witness,source.ugaritic.ktu1_2.inventory.uchicago,KTU 1.2 IV,lang.uga,拉斯沙姆拉泥板库存与已登记学术见证,巴力、雅姆及有名武器的战斗层,PARTIAL,PUBLIC_CONTEXT,1,库存记录不等于完整翻译；独立概述。,2026-08-29T10:00:00Z
storyver.vedic.indra_vritra_rv132,story.vedic.indra_vritra,《梨俱吠陀》1.32,Rigveda 1.32,source.vedic.rigveda.1_32.vhp,"Mandala 1, Sukta 32, verses 1–15",lang.san,印度国家英迪拉甘地艺术中心吠陀遗产门户,因陀罗、弗栗多、金刚杵与水流的颂歌叙事,SOURCE_BACKED,PUBLIC_CONTEXT,1,门户内容再使用须获许可；本站仅发独立概述。,2026-08-29T10:00:00Z
storyver.zoroastrian.mihr_yasht_darmesteter,story.zoroastrian.mihr_yasht,达梅斯特泰尔英译《密赫尔颂》,Darmesteter's Mihr Yasht,source.zoroastrian.mihr_yasht.avesta_org,Yt 10.1–13,lang.en,avesta.org 所收达梅斯特泰尔《东方圣书》译本,与阿胡拉·马兹达同受崇拜、守护契约、千耳万眼与越过哈拉山,SOURCE_BACKED,PUBLIC_CONTEXT,1,达梅斯特泰尔 19 世纪译本属公共领域；这是活态宗教的经典，只作尊重的独立概述，不涉及仪轨。,2026-10-09T00:30:00Z
storyver.zoroastrian.vd1_darmesteter,story.zoroastrian.sixteen_lands,达梅斯特泰尔英译《万迪达德》第一章,"Darmesteter's Vendidad, Fargard 1",source.zoroastrian.videvdad_1.avesta_org,Fargard 1,lang.en,avesta.org 所收达梅斯特泰尔《东方圣书》译本,十六片良地与安格拉·曼纽的反创造,SOURCE_BACKED,PUBLIC_CONTEXT,1,达梅斯特泰尔 19 世纪译本属公共领域；这是活态宗教的经典，只作尊重的独立概述，不涉及仪轨。,2026-10-09T00:30:00Z
