story_id,story_version_id,entity_id,role,sort_order,notes
story.akkadian.anzu_tablet,storyver.akkadian.anzu_oracc,creature.akkadian.anzu,CHARACTER,10,Derived from an explicitly linked story claim subject.
story.akkadian.anzu_tablet,storyver.akkadian.anzu_oracc,deity.akkadian.ninurta,CHARACTER,10,Derived from an explicitly linked story claim subject.
story.akkadian.anzu_tablet,storyver.akkadian.anzu_oracc,text.akkadian.anzu,TEXT,20,Derived from an explicitly linked story claim object.
story.akkadian.anzu_tablet,storyver.akkadian.anzu_oracc,artifact.mesopotamian.tablet_destinies,ARTIFACT,20,Derived from an explicitly linked story claim object.
story.babylonian.marduk_tiamat,storyver.babylonian.enuma_elish,deity.babylonian.marduk,CHARACTER,10,Derived from an explicitly linked story claim subject.
story.babylonian.marduk_tiamat,storyver.babylonian.enuma_elish,deity.babylonian.tiamat,CHARACTER,10,Derived from an explicitly linked story claim subject.
story.babylonian.marduk_tiamat,storyver.babylonian.enuma_elish,event.babylonian.marduk_tiamat,EVENT,20,Derived from an explicitly linked story claim object.
story.chinese.leize_thunder,storyver.chinese.leize_shanhaijing,deity.chinese.leize_thunder_spirit,CHARACTER,10,Derived from an explicitly linked story claim subject.
story.chinese.leize_thunder,storyver.chinese.leize_shanhaijing,concept.comparative.thunder,RELATED,20,Derived from an explicitly linked story claim object.
story.chinese.leize_thunder,storyver.chinese.leize_shanhaijing,text.chinese.shanhaijing,TEXT,20,Derived from an explicitly linked story claim object.
story.egyptian.solar_night,storyver.egyptian.solar_met,event.egyptian.nocturnal_solar_journey,EVENT,10,Derived from an explicitly linked story claim subject.
story.egyptian.solar_night,storyver.egyptian.solar_met,deity.egyptian.ra,CHARACTER,10,Derived from an explicitly linked story claim subject.
story.egyptian.solar_night,storyver.egyptian.solar_met,text.egypt.amduat,TEXT,20,Derived from an explicitly linked story claim object.
story.egyptian.solar_night,storyver.egyptian.solar_met,artifact.egyptian.solar_barque,RELATED,20,Derived from an explicitly linked story claim object.
story.greek.aphrodite_origins,storyver.greek.aphrodite_theogony,deity.greek.aphrodite,CHARACTER,10,Derived from an explicitly linked story claim subject.
story.greek.aphrodite_origins,storyver.greek.aphrodite_iliad,deity.greek.aphrodite,CHARACTER,10,Derived from an explicitly linked story claim subject.
story.greek.aphrodite_origins,storyver.greek.aphrodite_iliad,deity.greek.dione,CHARACTER,10,Derived from an explicitly linked story claim subject.
story.greek.aphrodite_origins,storyver.greek.aphrodite_iliad,deity.greek.zeus,CHARACTER,20,Derived from an explicitly linked story claim object.
story.greek.aphrodite_origins,storyver.greek.aphrodite_iliad,text.greek.iliad,RELATED,20,Derived from an explicitly linked story claim object.
story.greek.demeter_persephone,storyver.greek.demeter_hymn2,deity.greek.demeter,CHARACTER,10,Derived from an explicitly linked story claim subject.
story.greek.demeter_persephone,storyver.greek.demeter_hymn2,hero.greek.triptolemos,CHARACTER,10,Derived from an explicitly linked story claim subject.
story.greek.demeter_persephone,storyver.greek.demeter_hymn2,deity.greek.hecate,CHARACTER,10,Derived from an explicitly linked story claim subject.
story.greek.demeter_persephone,storyver.greek.demeter_hymn2,deity.greek.helios,CHARACTER,10,Derived from an explicitly linked story claim subject.
story.greek.demeter_persephone,storyver.greek.demeter_hymn2,deity.greek.persephone,CHARACTER,10,Derived from an explicitly linked story claim subject.
story.greek.demeter_persephone,storyver.greek.demeter_hymn2,deity.greek.hades,CHARACTER,10,Derived from an explicitly linked story claim subject.
story.greek.demeter_persephone,storyver.greek.demeter_hymn2,event.greek.persephone_abduction,EVENT,10,Derived from an explicitly linked story claim subject.
story.greek.demeter_persephone,storyver.greek.demeter_hymn2,text.greek.homeric_hymn_demeter,TEXT,20,Derived from an explicitly linked story claim object.
story.greek.medea_restoration,storyver.greek.medea_library,deity.greek.perses_helios,CHARACTER,10,Derived from an explicitly linked story claim subject.
story.greek.medea_restoration,storyver.greek.medea_library,hero.greek.medea,CHARACTER,10,Derived from an explicitly linked story claim subject.
story.greek.medea_restoration,storyver.greek.medea_library,hero.greek.aeetes,CHARACTER,10,Derived from an explicitly linked story claim subject.
story.greek.medea_restoration,storyver.greek.medea_library,event.greek.medea_restores_aeetes,EVENT,20,Derived from an explicitly linked story claim object.
story.greek.titanomachy,storyver.greek.titanomachy_theogony,event.greek.titanomachy,EVENT,10,Derived from an explicitly linked story claim subject.
story.greek.titanomachy,storyver.greek.titanomachy_theogony,deity.greek.zeus,CHARACTER,10,Derived from an explicitly linked story claim subject.
story.greek.titanomachy,storyver.greek.titanomachy_theogony,deity.greek.cronus,CHARACTER,10,Derived from an explicitly linked story claim subject.
story.greek.titanomachy,storyver.greek.titanomachy_theogony,text.greek.theogony,RELATED,20,Derived from an explicitly linked story claim object.
story.greek.zeus_typhon,storyver.greek.typhon_theogony,creature.greek.typhon,CHARACTER,10,Derived from an explicitly linked story claim subject.
story.greek.zeus_typhon,storyver.greek.typhon_theogony,deity.greek.zeus,CHARACTER,10,Derived from an explicitly linked story claim subject.
story.greek.zeus_typhon,storyver.greek.typhon_theogony,deity.greek.gaia,CHARACTER,20,Derived from an explicitly linked story claim object.
story.greek.zeus_typhon,storyver.greek.typhon_theogony,realm.greek.tartarus,RELATED,20,Derived from an explicitly linked story claim object.
story.greek.zeus_typhon,storyver.greek.typhon_theogony,event.greek.zeus_typhon_battle,EVENT,20,Derived from an explicitly linked story claim object.
story.japanese.eight_thunder_yomi,storyver.japanese.eight_thunder_kojiki,group.japanese.eight_thunder_kami,RELATED,10,Derived from an explicitly linked story claim subject.
story.japanese.eight_thunder_yomi,storyver.japanese.eight_thunder_kojiki,deity.japanese.ooikazuchi,CHARACTER,10,Derived from an explicitly linked story claim subject.
story.japanese.eight_thunder_yomi,storyver.japanese.eight_thunder_kojiki,deity.japanese.honoikazuchi,CHARACTER,10,Derived from an explicitly linked story claim subject.
story.japanese.eight_thunder_yomi,storyver.japanese.eight_thunder_kojiki,deity.japanese.kuroikazuchi,CHARACTER,10,Derived from an explicitly linked story claim subject.
story.japanese.eight_thunder_yomi,storyver.japanese.eight_thunder_kojiki,deity.japanese.sakuikazuchi,CHARACTER,10,Derived from an explicitly linked story claim subject.
story.japanese.eight_thunder_yomi,storyver.japanese.eight_thunder_kojiki,deity.japanese.wakaikazuchi,CHARACTER,10,Derived from an explicitly linked story claim subject.
story.japanese.eight_thunder_yomi,storyver.japanese.eight_thunder_kojiki,deity.japanese.tsuchiikazuchi,CHARACTER,10,Derived from an explicitly linked story claim subject.
story.japanese.eight_thunder_yomi,storyver.japanese.eight_thunder_kojiki,deity.japanese.naruikazuchi,CHARACTER,10,Derived from an explicitly linked story claim subject.
story.japanese.eight_thunder_yomi,storyver.japanese.eight_thunder_kojiki,deity.japanese.fusuikazuchi,CHARACTER,10,Derived from an explicitly linked story claim subject.
story.japanese.eight_thunder_yomi,storyver.japanese.eight_thunder_kojiki,text.japanese.kojiki,TEXT,20,Derived from an explicitly linked story claim object.
story.japanese.kamo_arrow,storyver.japanese.kamo_fudoki_fragment,text.japan.yamashiro_fudoki_kamo_fragment,TEXT,10,Derived from an explicitly linked story claim subject.
story.japanese.kamo_arrow,storyver.japanese.kamo_fudoki_fragment,deity.japanese.tamayorihime_kamo,CHARACTER,10,Derived from an explicitly linked story claim subject.
story.japanese.kamo_arrow,storyver.japanese.kamo_fudoki_fragment,deity.japanese.kamo_taketsunumi,CHARACTER,10,Derived from an explicitly linked story claim subject.
story.japanese.kamo_arrow,storyver.japanese.kamo_fudoki_fragment,deity.japanese.honoikazuchi_otokuni,CHARACTER,10,Derived from an explicitly linked story claim subject.
story.japanese.kamo_arrow,storyver.japanese.kamo_fudoki_fragment,deity.japanese.kamo_wakeikazuchi,CHARACTER,20,Derived from an explicitly linked story claim object.
story.maori.creation_many,storyver.maori.creation_teara,text.maori.creation_traditions,RELATED,10,Derived from an explicitly linked story claim subject.
story.maori.creation_many,storyver.maori.creation_teara,concept.maori.iwi_variant_scope,RELATED,10,Derived from an explicitly linked story claim subject.
story.norse.ask_embla,storyver.norse.ask_embla_voluspa,text.norse.voluspa.st17_18,TEXT,10,Derived from an explicitly linked story claim subject.
story.norse.ask_embla,storyver.norse.ask_embla_gylf,text.norse.gylfaginning.ch8_9,TEXT,10,Derived from an explicitly linked story claim subject.
story.norse.ask_embla,storyver.norse.ask_embla_voluspa,deity.norse.odin,CHARACTER,20,Derived from an explicitly linked story claim object.
story.norse.ask_embla,storyver.norse.ask_embla_voluspa,deity.norse.hoenir,CHARACTER,20,Derived from an explicitly linked story claim object.
story.norse.ask_embla,storyver.norse.ask_embla_voluspa,deity.norse.lodurr,CHARACTER,20,Derived from an explicitly linked story claim object.
story.norse.ask_embla,storyver.norse.ask_embla_voluspa,person.norse.ask,RELATED,20,Derived from an explicitly linked story claim object.
story.norse.ask_embla,storyver.norse.ask_embla_voluspa,person.norse.embla,RELATED,20,Derived from an explicitly linked story claim object.
story.norse.ask_embla,storyver.norse.ask_embla_gylf,deity.norse.odin,CHARACTER,20,Derived from an explicitly linked story claim object.
story.norse.ask_embla,storyver.norse.ask_embla_gylf,deity.norse.vili,CHARACTER,20,Derived from an explicitly linked story claim object.
story.norse.ask_embla,storyver.norse.ask_embla_gylf,deity.norse.ve,CHARACTER,20,Derived from an explicitly linked story claim object.
story.norse.ask_embla,storyver.norse.ask_embla_gylf,person.norse.ask,RELATED,20,Derived from an explicitly linked story claim object.
story.norse.ask_embla,storyver.norse.ask_embla_gylf,person.norse.embla,RELATED,20,Derived from an explicitly linked story claim object.
story.norse.forging_treasures,storyver.norse.forging_skald,being.norse.brokkr,RELATED,10,Derived from an explicitly linked story claim subject.
story.norse.forging_treasures,storyver.norse.forging_skald,being.norse.eitri,RELATED,10,Derived from an explicitly linked story claim subject.
story.norse.forging_treasures,storyver.norse.forging_skald,weapon.norse.mjolnir,ARTIFACT,20,Derived from an explicitly linked story claim object.
story.norse.forging_treasures,storyver.norse.forging_skald,artifact.norse.draupnir,RELATED,20,Derived from an explicitly linked story claim object.
story.norse.forging_treasures,storyver.norse.forging_skald,creature.norse.gullinbursti,RELATED,20,Derived from an explicitly linked story claim object.
story.norse.forging_treasures,storyver.norse.forging_skald,event.norse.forging_divine_treasures,EVENT,20,Derived from an explicitly linked story claim object.
story.norse.hammer_recovery,storyver.norse.hammer_thrymskvida,deity.norse.loki,CHARACTER,10,Derived from an explicitly linked story claim subject.
story.norse.hammer_recovery,storyver.norse.hammer_thrymskvida,deity.norse.thor,CHARACTER,10,Derived from an explicitly linked story claim subject.
story.norse.hammer_recovery,storyver.norse.hammer_thrymskvida,text.norse.thrymskvida,TEXT,20,Derived from an explicitly linked story claim object.
story.norse.odin_mimir,storyver.norse.odin_mimir_gylf,being.norse.mimir,CHARACTER,10,Derived from an explicitly linked story claim subject.
story.norse.odin_mimir,storyver.norse.odin_mimir_gylf,deity.norse.odin,CHARACTER,10,Derived from an explicitly linked story claim subject.
story.norse.odin_mimir,storyver.norse.odin_mimir_gylf,place.norse.mimisbrunnr,PLACE,20,Derived from an explicitly linked story claim object.
story.norse.ragnarok,storyver.norse.ragnarok_gylf,creature.norse.fenrir,CHARACTER,10,Derived from an explicitly linked story claim subject.
story.norse.ragnarok,storyver.norse.ragnarok_gylf,deity.norse.odin,CHARACTER,10,Derived from an explicitly linked story claim subject.
story.norse.ragnarok,storyver.norse.ragnarok_gylf,event.norse.ragnarok,EVENT,20,Derived from an explicitly linked story claim object.
story.sumerian.inanna_descent,storyver.sumerian.inanna_etcsl,deity.sumerian.inanna,CHARACTER,10,Derived from an explicitly linked story claim subject.
story.sumerian.inanna_descent,storyver.sumerian.inanna_etcsl,event.sumerian.inanna_descent,EVENT,20,Derived from an explicitly linked story claim object.
story.ugaritic.baal_mot,storyver.ugaritic.baal_mot_ktu15_16,deity.ugaritic.baal,CHARACTER,10,Derived from an explicitly linked story claim subject.
story.ugaritic.baal_mot,storyver.ugaritic.baal_mot_ktu15_16,deity.ugaritic.mot,CHARACTER,10,Derived from an explicitly linked story claim subject.
story.ugaritic.baal_mot,storyver.ugaritic.baal_mot_ktu15_16,deity.ugaritic.anat,CHARACTER,10,Derived from an explicitly linked story claim subject.
story.ugaritic.baal_mot,storyver.ugaritic.baal_mot_ktu15_16,event.ugaritic.baal_mot_ktu15_16,EVENT,10,Derived from an explicitly linked story claim subject.
story.ugaritic.baal_yamm,storyver.ugaritic.baal_yamm_ktu12,deity.ugaritic.baal,CHARACTER,10,Derived from an explicitly linked story claim subject.
story.ugaritic.baal_yamm,storyver.ugaritic.baal_yamm_ktu12,deity.ugaritic.yam,CHARACTER,10,Derived from an explicitly linked story claim subject.
story.ugaritic.baal_yamm,storyver.ugaritic.baal_yamm_ktu12,event.ugaritic.baal_yamm_ktu12,EVENT,10,Derived from an explicitly linked story claim subject.
story.ugaritic.baal_yamm,storyver.ugaritic.baal_yamm_ktu12,deity.ugaritic.kothar_wa_khasis,CHARACTER,10,Derived from an explicitly linked story claim subject.
story.ugaritic.baal_yamm,storyver.ugaritic.baal_yamm_ktu12,weapon.ugaritic.yagrush,ARTIFACT,10,Derived from an explicitly linked story claim subject.
story.ugaritic.baal_yamm,storyver.ugaritic.baal_yamm_ktu12,weapon.ugaritic.ayyamur,ARTIFACT,10,Derived from an explicitly linked story claim subject.
story.ugaritic.baal_yamm,storyver.ugaritic.baal_yamm_ktu12,text.ugaritic.baal_cycle,RELATED,20,Derived from an explicitly linked story claim object.
story.vedic.indra_vritra,storyver.vedic.indra_vritra_rv132,deity.vedic.indra,CHARACTER,10,Derived from an explicitly linked story claim subject.
story.vedic.indra_vritra,storyver.vedic.indra_vritra_rv132,creature.vedic.vritra,CHARACTER,10,Derived from an explicitly linked story claim subject.
story.vedic.indra_vritra,storyver.vedic.indra_vritra_rv132,event.vedic.indra_vritra_rv132,EVENT,10,Derived from an explicitly linked story claim subject.
story.vedic.indra_vritra,storyver.vedic.indra_vritra_rv132,deity.vedic.tvastr,CHARACTER,10,Derived from an explicitly linked story claim subject.
story.vedic.indra_vritra,storyver.vedic.indra_vritra_rv132,weapon.vedic.vajra,ARTIFACT,10,Derived from an explicitly linked story claim subject.
story.vedic.indra_vritra,storyver.vedic.indra_vritra_rv132,text.vedic.rigveda,RELATED,20,Derived from an explicitly linked story claim object.
