entity_id,text_type,original_language_id,attributed_author,compiler,composition_period,earliest_extant_witness,chapter_structure,repository,shelfmark,copyright_status,summary
museum.ugarit.baal_cycle_ao16643,TABLET,,,,,,,,,,
site.norse.runestones_scope,INSCRIPTION,,,,,,,,,,
text.africa.epics,CORPUS_SCOPE,,Multiple communities,,Living and historical traditions,,,,,,
text.akkadian.adapa,MYTHIC_COMPOSITION,lang.akk,Multiple,,Multiple witnesses,,,,,,
text.akkadian.anzu,MYTHIC_COMPOSITION,lang.akk,Multiple,,Multiple versions,,,,,,
text.akkadian.erra_epic,EPIC,lang.akk,Kabti-ilani-Marduk (traditional attribution),,First millennium BCE witnesses,,,,,,
text.akkadian.etana,EPIC,lang.akk,Multiple,,Multiple witnesses,,,,,,
text.andean.huarochiri,MANUSCRIPT_TRADITION,,Indigenous testimony in colonial compilation,,Early colonial period,,,,,,
text.archaeology.darius_statue_susa_dossier_1972,SCHOLARLY_REPORT_DOSSIER,lang.fra,"Kervran, Stronach, Vallat and Yoyotte",,1972,Journal asiatique 260,Four separately paginated specialist contributions,University and research libraries,"Journal asiatique 260, pp. 235-266",Modern article copyright applies,"Composite publication record preserving its archaeology, object description, cuneiform and hieroglyphic divisions."
text.babylonian.atrahasis,EPIC,lang.akk,Multiple,,Old Babylonian onward,,,,,,
text.babylonian.enuma_elish,CREATION_EPIC,lang.akk,Multiple,,Second millennium BCE tradition,,,,,,
text.buddhist.corpus,CORPUS_SCOPE,,Multiple,,Multiple periods,,,,,,
text.central_asian.epics,CORPUS_SCOPE,,Multiple communities,,Multiple periods,,,,,,
text.chinese.buddhist_translations,CORPUS_SCOPE,lang.lzh,Multiple translators,,Multiple periods,,,,,,
text.chinese.chuci,POETRY_COLLECTION,lang.lzh,Multiple,,Warring States to Han compilation,,,,,,
text.chinese.daoist_corpus,CORPUS_SCOPE,lang.lzh,Multiple,,Multiple periods,,,,,,
text.chinese.fengshen_yanyi,LATER_LITERATURE,lang.lzh,Traditional attributions disputed,,Ming dynasty,,,,,,
text.chinese.folk_archives,CORPUS_SCOPE,lang.zh,Multiple communities,,Living and historical traditions,,,,,,
text.chinese.han_shu_wuxing_zhi,HISTORIOGRAPHICAL_TREATISE,lang.lzh,Ban Gu tradition,Eastern Han court historiographical compilation,Eastern Han,,"Treatise on wuxing, multiple parts",,,Ancient text public domain; digital edition terms vary,Develops omen-historical readings of the five xing and quotes earlier formulations.
text.chinese.hanshu.wuxing_omen_passage,DYNASTIC_HISTORY_TREATISE,lang.lzh,,,Han Shu compilation,Received editions represented by CTP,Wuxing Zhi,Chinese Text Project bibliography links multiple editions,"Han Shu, Wuxing Zhi",Ancient text public domain; digital edition terms apply,Correlates phase disorder with moral-political and anomaly discourse in Han historiography.
text.chinese.hong_fan,CHAPTER,lang.lzh,,,Received chapter with complex dating history,,Section within Zhou Documents,,,Ancient text public domain; digital edition terms vary,Enumerates nine divisions including the five xing and their dispositions.
text.chinese.hongfan.wuxing_passage,RECEIVED_CLASSICAL_PASSAGE,lang.lzh,,,Textual layers and received dating debated,Received editions represented by CTP bibliography,"Hong Fan, first division",Chinese Text Project bibliography links multiple editions,Hong Fan / Great Plan,Ancient text public domain; digital edition terms apply,"Names water, fire, wood, metal and earth and describes characteristic operations."
text.chinese.huainanzi,PHILOSOPHICAL_COMPENDIUM,lang.lzh,Compiled under Liu An,,Western Han,,,,,,
text.chinese.huainanzi.lanming_nuwa_passage,RECEIVED_CLASSICAL_PASSAGE,lang.lzh,,Compiled under Liu An,Western Han,,"Lan Ming Xun, passage opening with the collapse of the four poles",Chinese Text Project,,Ancient text public domain; digital edition terms apply,"Cosmic collapse, five-colored stones, the turtle's legs, the black dragon and reed ash."
text.chinese.huainanzi.tianwen_gonggong_passage,RECEIVED_CLASSICAL_PASSAGE,lang.lzh,,Compiled under Liu An,Western Han,,"Tian Wen Xun, Gonggong and Mount Buzhou passage",Chinese Text Project,,Ancient text public domain; digital edition terms apply,"Gonggong contends with Zhuanxu, strikes Mount Buzhou, and heaven and earth tilt."
text.chinese.liezi,PHILOSOPHICAL_COMPENDIUM,lang.lzh,Attributed to Lie Yukou,,Attributed Warring States; date of the received compilation debated,,Eight chapters in the received text,Chinese Text Project bibliography links received editions,,Ancient text public domain; digital edition terms apply,Received compendium whose Tang Wen chapter contains the Nüwa repair followed by the Gonggong episode.
text.chinese.liezi.tangwen_nuwa_gonggong_passage,RECEIVED_CLASSICAL_PASSAGE,lang.lzh,Attributed to Lie Yukou,,Received Liezi; compilation date debated,,"Tang Wen, Tang–Xia Ge dialogue",Chinese Text Project,,Ancient text public domain; digital edition terms apply,"Heaven and earth as deficient things, Nüwa's repair, then the Gonggong episode."
text.chinese.local_gazetteers,CORPUS_SCOPE,lang.lzh,Multiple,,Multiple periods,,,,,,
text.chinese.lunheng,PHILOSOPHICAL_TEXT,lang.lzh,Wang Chong,,Eastern Han,Transmitted editions,Thematic chapters including Lei Xu,Chinese Text Project,urn:ctext:lunheng/lei-xu,Traditional witness and site rights differ,Lei Xu records and argues against a thunder-god image explanation.
text.chinese.mutianzizhuan,NARRATIVE,lang.lzh,Unknown,,Ancient text with complex transmission,,,,,,
text.chinese.shang_shu,RECEIVED_CLASSIC,lang.lzh,,Layered received compilation,Multiple textual layers; do not assign a single date,,Canon includes Zhou Documents and Hong Fan,,,Ancient text public domain; digital edition terms vary,Documents and speeches transmitted in received and excavated traditions.
text.chinese.shangshu,CLASSIC,lang.lzh,Multiple,,Layered compilation,,,,,,
text.chinese.shanhaijing,GEOGRAPHIC_MYTHOGRAPHY,lang.lzh,Multiple/unknown,,Layered ancient text,,,,,,
text.chinese.shiji_ancient,HISTORIOGRAPHY,lang.lzh,Sima Qian,,Western Han,,,,,,
text.chinese.soushenji,MIRABILIA,lang.lzh,Gan Bao,,Six Dynasties,,,,,,
text.chinese.tianwen,POEM,lang.lzh,Attributed to Qu Yuan,,Preserved in Chu Ci,,,,,,
text.chinese.xiyouji,LATER_LITERATURE,lang.lzh,Traditionally attributed to Wu Cheng'en,,Ming dynasty,,,,,,
text.egypt.amduat,UNDERWORLD_BOOK,lang.egy,Multiple,,New Kingdom,,,,,,
text.egypt.book_caverns,UNDERWORLD_BOOK,lang.egy,Multiple,,New Kingdom,,,,,,
text.egypt.book_dead,FUNERARY_CORPUS,lang.egy,Multiple,,New Kingdom onward,,,,,,
text.egypt.book_dead_chapter15,Sun-hymn chapter grouping,lang.egy,,Modern numbering initiated by Lepsius,New Kingdom and later transmitted variants,Multiple papyri and tomb-chapel witnesses,Modern Chapter 15 grouping; variant hymns and vignettes,Multiple repositories,,Ancient text public domain; modern edition and translation rights apply,A modern chapter grouping for diverse hymns to the sun god.
text.egypt.book_dead_spell17,FUNERARY_TEXT_SECTION,lang.egy,,,Developed across multiple funerary witnesses,,Spell/chapter 17 with explanatory glosses and variants,Multiple repositories; UCL digital study entry,,Ancient witnesses public domain; modern editions and translations retain separate rights,"Section-level index for Khepri, Ra-Horakhty, Atum and variant explanatory identifications."
text.egypt.book_gates,UNDERWORLD_BOOK,lang.egy,Multiple,,New Kingdom,,,,,,
text.egypt.coffin_texts,FUNERARY_CORPUS,lang.egy,Multiple,,First Intermediate Period and Middle Kingdom,,,,,,
text.egypt.darius_susa.hieroglyph_text_1,MONUMENTAL_INSCRIPTION,lang.egy,,Modern segmentation after Yoyotte,Reign of Darius I,The stone carrier itself,One numbered segment within a five-text scholarly programme,National Museum of Iran,Darius statue; exact inventory audit remains open,Ancient inscription is public domain; modern editions retain rights,"学术版编号的雕像象形文字见证；“文本1”是现代定位符，不是古代题名。 / Editorially numbered hieroglyphic witness; Text 1 is a modern locator, not an ancient title."
text.egypt.darius_susa.hieroglyph_text_2,MONUMENTAL_INSCRIPTION,lang.egy,,Modern segmentation after Yoyotte,Reign of Darius I,The stone carrier itself,One numbered segment within a five-text scholarly programme,National Museum of Iran,Darius statue; exact inventory audit remains open,Ancient inscription is public domain; modern editions retain rights,"学术版编号的第二组象形文字见证；与整套铭文及其他编号分开。 / Second editorially numbered hieroglyphic witness, distinct from the programme and other segments."
text.egypt.darius_susa.hieroglyph_text_3,MONUMENTAL_INSCRIPTION,lang.egy,,Modern segmentation after Yoyotte,Reign of Darius I,The stone carrier itself,One numbered segment within a five-text scholarly programme,National Museum of Iran,Darius statue; exact inventory audit remains open,Ancient inscription is public domain; modern editions retain rights,学术版编号的第三组象形文字见证。 / Third editorially numbered hieroglyphic witness.
text.egypt.darius_susa.hieroglyph_text_4,MONUMENTAL_INSCRIPTION,lang.egy,,Modern segmentation after Yoyotte,Reign of Darius I,The stone carrier itself,One numbered segment within a five-text scholarly programme,National Museum of Iran,Darius statue; exact inventory audit remains open,Ancient inscription is public domain; modern editions retain rights,学术版编号的第四组象形文字见证。 / Fourth editorially numbered hieroglyphic witness.
text.egypt.darius_susa.subject_list.left_twelve,MONUMENTAL_LABEL_SET,lang.egy,,Modern grouping after Roaf and object documentation,Reign of Darius I,The stone carrier itself,Twelve figure-label units on one base side,National Museum of Iran,Darius statue base; exact inventory audit remains open,Ancient inscription is public domain; modern editions retain rights,雕像底座一侧十二组跪姿人物与名框的集合见证；不自动映射现代民族。 / One side-set of twelve kneeling figures and labels; no automatic modern ethnic mapping.
text.egypt.darius_susa.subject_list.right_twelve,MONUMENTAL_LABEL_SET,lang.egy,,Modern grouping after Roaf and object documentation,Reign of Darius I,The stone carrier itself,Twelve figure-label units on one base side,National Museum of Iran,Darius statue base; exact inventory audit remains open,Ancient inscription is public domain; modern editions retain rights,雕像底座另一侧十二组跪姿人物与名框的集合见证；方位词按观察与出版约定保存。 / The other set of twelve figures and labels; side terminology follows the publication/viewing convention.
text.egypt.darius_susa_hieroglyphic_program,Royal monumental inscription corpus,lang.egy,Darius I royal authority,,Egyptian Dynasty 27,The statue itself,Five separately located hieroglyphic texts,National Museum of Iran,,Ancient text public domain; modern editions/translations protected,Five-text Egyptian hieroglyphic program associated with the statue.
text.egypt.darius_susa_hieroglyphic_province_list,Royal monumental list,lang.egy,Darius I royal authority,,Egyptian Dynasty 27,The statue base,Twenty-four labelled subject figures on two sides of the base,National Museum of Iran,,Ancient text public domain; modern editions/translations protected,Hieroglyphic labels identify represented subject peoples on the statue base.
text.egypt.litany_re,FUNERARY_TEXT,lang.egy,Multiple,,New Kingdom,,,,,,
text.egypt.memphite_theology,THEOLOGICAL_TEXT,lang.egy,Multiple,,Known through later inscriptional witness,,,,,,
text.egypt.pyramid_texts,FUNERARY_CORPUS,lang.egy,Multiple,,Old Kingdom onward,,,,,,
text.egypt.sun_hymn_standard_c_prime,Sun hymn,lang.egy,,Assmann scholarly classification,New Kingdom hymn tradition,UCL page presents a transliterated and translated witness,Section-level hymn within the Chapter 15 research entry,UCL Digital Egypt,,Ancient text public domain; UCL edition and translation rights apply,The registered passage addresses Ra in rising with the composite form Atum-Horakhty.
text.egypt.temple_tomb_inscriptions,CORPUS_SCOPE,lang.egy,,,Multiple periods,,,,,,
text.greek.apollodorus_library,MYTHOGRAPHIC_COMPILATION,lang.grc,Pseudo-Apollodorus,,Commonly dated to the first or second century CE,,Books and numbered sections,,,Ancient text public domain; digital editions retain presentation terms,Genealogical and narrative compendium with separate Perses contexts.
text.greek.argonautica,EPIC,lang.grc,Apollonius of Rhodes,,Hellenistic,,,,,,
text.greek.bibliotheca,MYTHOGRAPHY,lang.grc,Pseudo-Apollodorus,,Roman imperial period,,,,,,
text.greek.diodorus_library,HISTORIOGRAPHY,lang.grc,Diodorus Siculus,,First century BCE,,Books and numbered sections,,,Ancient text public domain; modern editions retain presentation terms,"Book 4 includes an Argonautic excursus naming Helios, Aeetes and Perses."
text.greek.herodotus_histories,HISTORIOGRAPHY,lang.grc,Herodotus,,Fifth century BCE,,Nine books and numbered sections,,,Ancient text public domain; digital editions retain presentation terms,Book 7.61 contains a Greek aition connecting Perses to the Persian name.
text.greek.homeric_hymn_aphrodite_5,HYMN,lang.grc,Anonymous Homeric Hymn tradition,,Ancient Greek poetic tradition; individual dating debated,,Hymn 5,Perseus / Scaife digital edition,urn:cts:greekLit:tlg0013.tlg005,Ancient text public domain; digital presentation terms apply,阿佛洛狄忒影响众神与生灵、以及例外范围的古代文本见证。 / Ancient witness for Aphrodite’s influence and its stated exceptions.
text.greek.homeric_hymn_apollo_3,HYMN,lang.grc,Anonymous Homeric Hymn tradition,,Ancient Greek poetic tradition; individual dating debated,,Hymn 3,Perseus / Scaife digital edition,urn:cts:greekLit:tlg0013.tlg003,Ancient text public domain; digital presentation terms apply,"阿波罗的提洛岛诞生、弓、琴与神谕中心的主要古代文本见证。 / Major ancient witness for Apollo’s Delian birth, bow, lyre and oracle."
text.greek.homeric_hymn_ares_8,HYMN,lang.grc,Anonymous Homeric Hymn tradition,,Ancient Greek poetic tradition; individual dating debated,,"Hymn 8, 17 lines",Perseus / Scaife digital edition,urn:cts:greekLit:tlg0013.tlg008,Ancient text public domain; digital presentation terms apply,阿瑞斯的武力称号与克制、和平祈愿并见的短颂歌。 / Short hymn combining martial titles with a prayer for restraint and peace.
text.greek.homeric_hymn_artemis_27,HYMN,lang.grc,Anonymous Homeric Hymn tradition,,Ancient Greek poetic tradition; individual dating debated,,"Hymn 27, 22 lines",Perseus / Scaife digital edition,urn:cts:greekLit:tlg0013.tlg027,Ancient text public domain; digital presentation terms apply,"阿耳忒弥斯的弓箭、猎犬、鹿与阿波罗关系的颂歌见证。 / Hymnic witness for Artemis’s archery, hounds, deer and relation to Apollo."
text.greek.homeric_hymn_athena_28,HYMN,lang.grc,Anonymous Homeric Hymn tradition,,Ancient Greek poetic tradition; individual dating debated,,"Hymn 28, 18 lines",Perseus / Scaife digital edition,urn:cts:greekLit:tlg0013.tlg028,Ancient text public domain; digital presentation terms apply,雅典娜从宙斯头部出生并披挂武装的颂歌见证。 / Hymnic witness for Athena’s birth from Zeus’s head and martial equipment.
text.greek.homeric_hymn_demeter,HYMN,lang.grc,Anonymous Homeric Hymn tradition,,Archaic Greek poetic tradition; exact dating debated,,"Hymn 2, 495 lines",Perseus / Scaife digital edition,urn:cts:greekLit:tlg0013.tlg002,Ancient text public domain; digital presentation terms apply,Registers Hecate and Helios at lines 25-62 without treating the hymn as historical fact.
text.greek.homeric_hymn_dionysus_7,HYMN,lang.grc,Anonymous Homeric Hymn tradition,,Ancient Greek poetic tradition; individual dating debated,,"Hymn 7, 59 lines",Perseus / Scaife digital edition,urn:cts:greekLit:tlg0013.tlg007,Ancient text public domain; digital presentation terms apply,狄俄倪索斯与海盗故事的古代文本见证。 / Ancient witness for Dionysus and the pirate episode.
text.greek.homeric_hymn_helios_31,HYMN,lang.grc,Anonymous Homeric Hymn tradition,,Ancient Greek poetic tradition; exact dating debated,,"Hymn 31, lines 1-15a plus closing salutation",Perseus / Scaife digital edition,urn:cts:greekLit:tlg0013.tlg031,Ancient text public domain; digital presentation terms apply,"Describes Helios’s genealogy, radiance, clothing, horses and chariot."
text.greek.homeric_hymn_hephaestus_20,HYMN,lang.grc,Anonymous Homeric Hymn tradition,,Ancient Greek poetic tradition; individual dating debated,,"Hymn 20, 8 lines",Perseus / Scaife digital edition,urn:cts:greekLit:tlg0013.tlg020,Ancient text public domain; digital presentation terms apply,"赫淮斯托斯、雅典娜与工艺教导的短颂歌见证。 / Short hymnic witness for Hephaestus, Athena and craft instruction."
text.greek.homeric_hymn_hermes_4,HYMN,lang.grc,Anonymous Homeric Hymn tradition,,Ancient Greek poetic tradition; individual dating debated,,Hymn 4,Perseus / Scaife digital edition,urn:cts:greekLit:tlg0013.tlg004,Ancient text public domain; digital presentation terms apply,"赫尔墨斯诞生、制琴、盗牛与神使身份的古代文本见证。 / Ancient witness for Hermes’s birth, lyre-making, cattle theft and messenger role."
text.greek.homeric_hymn_hestia_29,HYMN,lang.grc,Anonymous Homeric Hymn tradition,,Ancient Greek poetic tradition; exact dating debated,,"Hymn 29, 14 lines",Perseus / Scaife digital edition,urn:cts:greekLit:tlg0013.tlg029,Ancient text public domain; digital presentation terms apply,Honors Hestia and Hermes and records first-and-last libation language.
text.greek.homeric_hymn_poseidon_22,HYMN,lang.grc,Anonymous Homeric Hymn tradition,,Ancient Greek poetic tradition; individual dating debated,,"Hymn 22, 7 lines",Perseus / Scaife digital edition,urn:cts:greekLit:tlg0013.tlg022,Ancient text public domain; digital presentation terms apply,"波塞冬与大地、海洋、马匹和船只的短颂歌见证。 / Short hymnic witness linking Poseidon with earth, sea, horses and ships."
text.greek.homeric_hymn_selene_32,HYMN,lang.grc,Anonymous Homeric Hymn tradition,,Ancient Greek poetic tradition; exact dating debated,,"Hymn 32, 20 lines",Perseus / Scaife digital edition,urn:cts:greekLit:tlg0013.tlg032,Ancient text public domain; digital presentation terms apply,"Describes Selene’s radiance, horses, monthly sign and Pandia genealogy."
text.greek.homeric_hymns,HYMN_COLLECTION,lang.grc,Multiple anonymous poets,,Archaic to Hellenistic,,,,,,
text.greek.ieleusis71,DECREE,lang.grc,,,ca. mid-fourth century BCE?,Fragmentary marble stele,Stoichedon 27 in PHI record,Epigraphic collection context,I.Eleusis 71; IG II² 1185,Ancient text public domain; editions retain rights,"Decree of the Eleusinians, explicitly not from the sanctuary."
text.greek.ieleusis72,HONORIFIC_DECREE,lang.grc,,,Edition date retained in PHI record,Several white-marble stele fragments,Fragmentary inscription,Epigraphic collection context,I.Eleusis 72,Ancient text public domain; editions retain rights,Decree honoring the hierophant Hierokleides; not from the sanctuary.
text.greek.ieleusis97,INSCRIPTION,lang.grc,,,321/0 BCE,,,Epigraphic find from Eleusis,"I.Eleusis 97; IG II² 2841; IG II³,4 213",Ancient text is public domain; PHI database presentation terms apply,Dedication to Demeter and Kore naming Xenokles and sculptor Aristopeithes.
text.greek.iliad,EPIC,lang.grc,Homeric tradition,,Archaic Greece,,,,,,
text.greek.inscriptions,CORPUS_SCOPE,lang.grc,,,Multiple periods,,,,,,
text.greek.odyssey,EPIC,lang.grc,Homeric tradition,,Archaic Greece,,,,,,
text.greek.orphic_hymns,HYMN_COLLECTION,lang.grc,Anonymous,,Roman imperial period,,,,,,
text.greek.theogony,DIDACTIC_EPIC,lang.grc,Hesiod,,Archaic Greece,,,,,,
text.greek.tragedies,COLLECTION_SCOPE,lang.grc,Multiple playwrights,,Classical Greece,,,,,,
text.greek.works_days,DIDACTIC_EPIC,lang.grc,Hesiod,,Archaic Greece,,,,,,
text.hawaiian.kumulipo,GENEALOGICAL_CHANT,lang.haw,Hawaiian custodians,,Living/historical Hawaiian genealogy chant,,,,,,
text.hindu.bhagavata_purana,PURANA,lang.san,,,Scholarly dating varies; commonly placed in the late first millennium CE,,Twelve skandhas,GRETIL / University of Goettingen,,Reference use; source-file rights apply,Purāṇa that remains scripture in living devotional traditions; the churning appears in Skandha 8.
text.hindu.bhagavata_purana.skandha8_churning,PURANIC_PASSAGE,lang.san,,,Scholarly dating varies,,"Skandha 8, adhyāyas 5–9",GRETIL / University of Goettingen,,Reference use; source-file rights apply,"Truce, uprooting of Mandara, Viṣṇu as tortoise, Śiva drinks the poison, Dhanvantari, Mohinī and Rāhu."
text.hindu.puranas,TEXT_CLASS,lang.san,Multiple,,Multiple periods,,,,,,
text.hindu.upanishads,TEXT_CLASS,lang.san,Multiple,,Multiple periods,,,,,,
text.indian.bhagavad_gita,DIALOGUE_SCRIPTURE,lang.san,Traditional attribution within epic,,Part of Mahābhārata,,,,,,
text.indian.mahabharata,EPIC,lang.san,Traditional attribution to Vyāsa,,Layered composition,,,,,,
text.indian.mahabharata.adiparvan_churning,CRITICAL_EDITION_PASSAGE,lang.san,Traditional attribution to Vyāsa,"BORI critical edition, ed. V. S. Sukthankar et al.",Layered epic composition; critical edition published 1933,Constituted text of the critical edition,Ādiparvan 1.15–1.17 within the Āstīkaparvan,GRETIL / University of Goettingen,,Reference use; source-file rights apply,"Gods seek the amṛta, Mandara and Vāsuki, the tortoise king Akūpāra, Dhanvantari, the deluding female form, Rāhu and the battle."
text.indian.ramayana,EPIC,lang.san,Traditional attribution to Vālmīki,,Layered composition,,,,,,
text.indian.regional_epics,CORPUS_SCOPE,,Multiple communities,,Living and historical traditions,,,,,,
text.jain.corpus,CORPUS_SCOPE,,Multiple,,Multiple periods,,,,,,
text.japan.yamashiro_fudoki_kamo_fragment,QUOTED_FRAGMENT,lang.ojp,,,Provincial gazetteer tradition; exact original date and transmission require edition audit,Later quotation witnesses,Fragment concerning Kamo genealogy,Quotation-chain repositories pending,Yamashiro no kuni fudoki itsubun,Ancient fragment public domain; modern editions retain rights,"Fragmentary witness for Tamayorihime, the red arrow, Honoikazuchi of Otokuni and Kamo Wakeikazuchi."
text.japanese.fudoki,GAZETTEER,lang.ojp,Provincial compilers,,Eighth century onward,,,,,,
text.japanese.kojiki,CHRONICLE,lang.ojp,Ō no Yasumaro (compiler attribution),,Early eighth century,,,,,,
text.japanese.local_legends,CORPUS_SCOPE,lang.jpn,Multiple communities,,Living and historical traditions,,,,,,
text.japanese.manyoshu,POETRY_COLLECTION,lang.ojp,Multiple,,Eighth-century compilation,,,,,,
text.japanese.nihon_shoki,CHRONICLE,lang.ojp,Court compilation,,Early eighth century,,,,,,
text.japanese.shrine_engisho,TEXT_CLASS,lang.jpn,Multiple,,Multiple periods,,,,,,
text.kiche.popol_vuh,MANUSCRIPT_TRADITION,,K'iche' authors; Ximénez witness,,Colonial-period manuscript preserving K'iche' narrative,,,,,,
text.maori.creation_traditions,LIVING_ORAL_CORPUS,lang.mai,Iwi and hapū custodians,,Living oral traditions,,,,,,
text.maya.dresden_codex,MAYA_CODEX,,Unknown,,Postclassic Maya,,,,,,
text.maya.madrid_codex,MAYA_CODEX,,Unknown,,Postclassic Maya,,,,,,
text.maya.paris_codex,MAYA_CODEX,,Unknown,,Postclassic Maya,,,,,,
text.mesoamerica.codex_borgia,RITUAL_CODEX,,Unknown,,Pre-Columbian/early colonial dating debated by scholarship,,,,,,
text.mesopotamia.gilgamesh,EPIC,lang.akk,Multiple,,Multiple textual stages,,,,,,
text.mexica.codex_mendoza,COLONIAL_CODEX,lang.nci,Indigenous painters and colonial annotators,,Sixteenth century,,,,,,
text.mexica.florentine_codex,ENCYCLOPEDIC_MANUSCRIPT,lang.nci,Sahagún and Nahua collaborators,,Sixteenth century,,,,,,
text.mongol.epics,CORPUS_SCOPE,,Multiple communities,,Living and historical traditions,,,,,,
text.norse.grimnismal,EDDIC_POEM,lang.non,Anonymous,,Preserved in medieval manuscripts,,,,,,
text.norse.gylfaginning,PROSE_EDDA_SECTION,lang.non,Snorri Sturluson,,Thirteenth century,,,,,,
text.norse.gylfaginning.ch8_9,PROSE_PASSAGE_WITNESS,lang.non,Snorri Sturluson,,Thirteenth century,Principal fourteenth-century manuscripts,Chapters 8–9 in Faulkes edition,Multiple repositories,GKS 2367 4to; DG 11 4to; AM 242 fol.,Medieval text public domain; edition terms apply,Sons-of-Borr creation account; manuscript/version comparison remains open.
text.norse.havamal,EDDIC_POEM,lang.non,Anonymous,,Preserved in medieval manuscripts,,,,,,
text.norse.lokasenna,EDDIC_POEM,lang.non,Anonymous,,Preserved in medieval manuscripts,,,,,,
text.norse.poetic_edda,POETRY_COLLECTION,lang.non,Anonymous,,Medieval manuscript; poems of varied dates,,,,,,
text.norse.prose_edda,PROSE_AND_POETICS,lang.non,Snorri Sturluson,,Thirteenth century,,,,,,
text.norse.runic_corpus,CORPUS_SCOPE,lang.non,,,Multiple periods,,,,,,
text.norse.sagas,COLLECTION_SCOPE,lang.non,Multiple,,Medieval,,,,,,
text.norse.skaldskaparmal,PROSE_EDDA_SECTION,lang.non,Snorri Sturluson,,Thirteenth century,,,,,,
text.norse.thrymskvida,EDDIC_POEM,lang.non,Anonymous,,Preserved in medieval manuscripts,,,,,,
text.norse.vafthrudnismal,EDDIC_POEM,lang.non,Anonymous,,Preserved in medieval manuscripts,,,,,,
text.norse.voluspa,EDDIC_POEM,lang.non,Anonymous,,Preserved in medieval manuscripts,,,,,,
text.norse.voluspa.st17_18,POETIC_PASSAGE_WITNESS,lang.non,,,Composition date debated; medieval manuscript witness,Codex Regius GKS 2365 4to,Stanzas 17–18,Árni Magnússon Institute / electronic edition,GKS 2365 4to,Medieval text public domain; edition terms apply,Three deities encounter Ask and Embla and grant qualities in the poem.
text.persia.dsab,Royal inscription,,Darius I royal authority,,Reign of Darius I,The statue itself,"Parallel Old Persian, Elamite and Akkadian versions",National Museum of Iran,Current exact inventory verification remains queued,Ancient text public domain; modern editions/translations protected,Trilingual royal inscription conventionally designated DSab.
text.persia.dsab.akkadian,Royal inscription language witness,lang.akk,Darius I royal authority,,Reign of Darius I,The statue itself,Akkadian version of DSab,National Museum of Iran,,Ancient text public domain; modern editions/translations protected,Akkadian language witness of DSab.
text.persia.dsab.elamite,Royal inscription language witness,lang.elx,Darius I royal authority,,Reign of Darius I,The statue itself,Elamite version of DSab,National Museum of Iran,,Ancient text public domain; modern editions/translations protected,Elamite language witness of DSab.
text.persia.dsab.old_persian,Royal inscription language witness,lang.peo,Darius I royal authority,,Reign of Darius I,The statue itself,Old Persian version of DSab,National Museum of Iran,,Ancient text public domain; modern editions/translations protected,Old Persian language witness of DSab.
text.persia.xsd,ROYAL_MONUMENTAL_INSCRIPTION,lang.peo,Xerxes I,,Reign of Xerxes I,Stone column-base carriers at Susa,"Parallel Old Persian, Elamite and Akkadian versions",Susa archaeological site,XSd,Ancient inscription public domain; modern editions retain rights,"Short royal inscription linking Xerxes voice, Darius and the gate portico."
text.persian.shahnameh,EPIC,,Ferdowsi,,Around 1000 CE,,,,,,
text.polynesia.creation_chants,CORPUS_SCOPE,,Multiple communities,,Living and historical traditions,,,,,,
text.roman.aeneid,EPIC,lang.lat,Virgil,,Late first century BCE,,,,,,
text.roman.metamorphoses,EPIC,lang.lat,Ovid,,Early Roman Empire,,,,,,
text.slavic.primary_chronicle,CHRONICLE,,,Traditionally associated with early Rus chronicle compilation,Early 12th-century compilation layers,Laurentian Codex 1377 among major witnesses,Annal entries,Obdurodon / National Library of Russia,PVL digital edition; Laurentian Codex,Edition and manuscript rights differ,"Perun evidence is indexed by the 907, 945, 971, 980 and 988 annal entries."
text.sumerian.enki_ninhursag,MYTHIC_COMPOSITION,lang.sux,Multiple,,Old Babylonian witnesses,,,,,,
text.sumerian.enki_world_order,MYTHIC_COMPOSITION,lang.sux,Multiple,,Old Babylonian witnesses,,,,,,
text.sumerian.inanna_descent,MYTHIC_COMPOSITION,lang.sux,Multiple,,Old Babylonian witnesses,,,,,,
text.sumerian.king_list,KING_LIST,lang.sux,Multiple,,Multiple witnesses,,,,,,
text.turkic.inscriptions,CORPUS_SCOPE,,Multiple,,Early medieval,,,,,,
text.ugaritic.baal_cycle,MYTHIC_CYCLE,lang.uga,Ilmilku (scribe attribution on tablets),,Late Bronze Age,,,,,,
text.ugaritic.baal_cycle.ktu1_5,CLAY_TABLET_WITNESS,lang.uga,,,Late Bronze Age,Ras Shamra excavation witness,KTU 1.5,Louvre / registered fragments,AO 16.641 + AO 16.642,Ancient text public domain; modern editions retain rights,Fifth tablet witness in the Baal epic sequence.
text.ugaritic.baal_cycle.ktu1_6,CLAY_TABLET_WITNESS,lang.uga,,,Late Bronze Age,Ras Shamra excavation witness,KTU 1.6,Louvre,AO 16.636,Ancient text public domain; modern editions retain rights,Sixth tablet witness in the Baal epic sequence.
text.vedic.aranyakas,TEXT_CLASS,lang.san,Multiple,,Vedic period,,,,,,
text.vedic.atharvaveda,VEDA,lang.san,Multiple,,Vedic period,,,,,,
text.vedic.brahmanas,TEXT_CLASS,lang.san,Multiple,,Vedic period,,,,,,
text.vedic.rigveda,VEDA,lang.san,Multiple,,Vedic period; layered composition,,,,,,
text.vedic.rigveda.1_32,VEDIC_HYMN_WITNESS,lang.san,,,Vedic period; precise dating debated,Śākala Saṃhitā transmission,"Mandala 1, Sukta 32",Vedic Heritage Portal,RV 1.32,Ancient text public domain; portal media terms apply,"Hymn witness for Indra’s acts, Vṛtra and vajra terminology."
text.vedic.samaveda,VEDA,lang.san,Multiple,,Vedic period,,,,,,
text.vedic.yajurveda,VEDA,lang.san,Multiple,,Vedic period,,,,,,
text.yoruba.ifa_corpus,LIVING_ORAL_CORPUS,lang.yrb,Lineages and practitioners,,Living oral tradition,,,,,,
text.zoroastrian.avesta,SCRIPTURE_CORPUS,lang.ave,Multiple,,Layered oral and manuscript history,,,,,,
text.zoroastrian.bundahishn,COSMOGONIC_TEXT,lang.pal,Multiple,,Middle Persian compilation,,,,,,
text.zoroastrian.denkard,ENCYCLOPEDIC_TEXT,lang.pal,Multiple,,Middle Persian compilation,,,,,,
