id,entity_id,source_id,authority_name,community_context,access_level,permitted_scope,prohibited_scope,attribution_requirement,permission_contact_or_process,policy_basis,reviewed_at,notes
policy.ifa.public_context,text.yoruba.ifa_corpus,source.yoruba.ifa.unesco,UNESCO ICH public registry and named Yoruba custodial communities,Ifá as a living Yoruba divination and oral-knowledge tradition,PUBLIC_CONTEXT,"UNESCO public summary, safeguarding context and registry metadata","Full verse corpus, initiatory instruction, lineage-restricted interpretations and non-public ritual detail",Cite UNESCO and identify the public registry scope,Use named community/lineage authority for anything beyond the public page,Source scope plus project non-extraction rule,2026-08-27,A public URL does not make the whole tradition public domain.
policy.ifa.restricted,text.yoruba.ifa_corpus,source.yoruba.ifa.unesco,Relevant Ifá lineage/community custodians,"Lineage-specific, initiatory or non-public knowledge",DO_NOT_COLLECT,None in this public research pipeline,"Secret verses, initiatory sequences, divination-client data, restricted ritual instructions and lineage-confidential interpretations",Not applicable because collection is prohibited,A separately authorized community-led project would be required; this database must not repurpose such permission,Precautionary community-governance rule,2026-08-27,Explicit hard stop for collection and storage.
policy.maori.iwi_variants,text.maori.creation_traditions,source.maori.creation.teara,Relevant iwi/hapū authority for a named variant,Community-specific creation narratives and whakapapa,PERMISSION_REQUIRED,"A public community-published account, or material supplied under explicit scoped permission","Unattributed pan-Māori synthesis, restricted whakapapa, sacred detail or reuse beyond consent","Name iwi/hapū, speaker/author, publication and permission scope",Obtain permission from the relevant authority for non-public or community-specific material,Community-specific attribution and variation rule,2026-08-27,Not all iwi share an Io tradition; variation is a first-class data property.
policy.maori.restricted_whakapapa,text.maori.creation_traditions,,Relevant iwi/hapū and knowledge holders,Restricted whakapapa or sacred community knowledge,DO_NOT_COLLECT,None unless a future community-led system explicitly changes the storage model,"Restricted genealogies, sacred knowledge and material whose publication status or authority is unclear",Not applicable because collection is prohibited by default,Do not solicit or store; refer to community authority,Precautionary Indigenous data-governance rule,2026-08-27,Default-deny for ambiguity.
policy.maori.teara_public,text.maori.creation_traditions,source.maori.creation.teara,Te Ahukaramū Charles Royal / Te Ara,"Public, named, curated synthesis of Māori creation traditions",ATTRIBUTION_REQUIRED,"Public text under stated CC BY-NC terms, with author and source attribution",Generalizing the synthesis as every iwi/hapū version; reusing non-text media without checking its terms,Attribute Te Ahukaramū Charles Royal and Te Ara; preserve page licence limits,Commercial reuse or non-text media requires the stated source process,Te Ara citation and licence notice,2026-08-27,Public synthesis explicitly says tribes have different versions.
policy.ose_sango.museum,artifact.yoruba.ose_sango,source.yoruba.ose_sango.met.1983_603_5,Metropolitan Museum of Art for object metadata; Yoruba custodians for living meaning,Museum object metadata and living religious context are separate authority layers,ATTRIBUTION_REQUIRED,"Catalogue number, material, dimensions, custody and museum-published interpretation","Image reuse outside terms, secret ritual use or treating a museum object as exhaustive community authority",Cite catalogue and distinguish curator interpretation from community authority,Seek custodial authority for non-public living-practice claims,Museum catalogue scope plus living-tradition distinction,2026-08-27,
policy.sango.public_festival,festival.yoruba.sango_oyo,source.yoruba.sango_festival.unesco,Oyo Ṣàngó Festival communities and UNESCO ICH public registry,Publicly documented festival and safeguarding context,ATTRIBUTION_REQUIRED,"Official public festival description, inscription decision and public safeguarding information","Non-public rites, restricted spaces, participant personal data and claims of authority not stated by custodians",Cite UNESCO record and name Oyo community context,Refer non-public questions to authorized Oyo institutions/custodians,Source terms and living-tradition attribution rule,2026-08-27,Public festival visibility does not erase ritual boundaries.
policy.sango.restricted,festival.yoruba.sango_oyo,source.yoruba.sango_festival.unesco,Authorized Oyo custodians,Non-public ritual and interior community knowledge,PERMISSION_REQUIRED,Only material specifically released by an authorized custodian for the stated use,"Secret or restricted rites, interior locations, unconsented participant data and generalized Yoruba-wide claims","Record named authority, scope and date of permission per claim",Obtain explicit purpose-specific permission before collection,Community authority and least-collection rule,2026-08-27,No permission is inferred from museum or UNESCO publication.
policy.v0280.japan.kusanagi_public,weapon.japanese.kusanagi,source.japanese.kusanagi.atsuta_official,Atsuta Jingu public website,Living shrine tradition linked to Kusanagi-no-tsurugi.,PUBLIC_CONTEXT,"Official public history, academic source metadata, source locators and independent summaries.","No non-public rites, hidden regalia details, physical authentication claims or article reproduction.",Name the academic and shrine sources according to their distinct perspectives.,Use the shrine's published contact process before any expansion beyond its public pages.,Atsuta Jingu official public page and Kokugakuin academic reference.,2026-09-01T06:30:00Z,Public source layers remain separate.
policy.v0280.khmer.angkor_material,site.khmer.angkor_wat,source.khmer.angkor_wat.apsara,APSARA National Authority,Angkor is both an archaeological property and a living Khmer heritage landscape.,PUBLIC_CONTEXT,"Public heritage metadata, official gallery locator and independent description of the in-situ relief.","No inference about current ritual authority, no reproduction of separately licensed media and no conversion of the image into a complete textual recension.",Attribute APSARA for the relief locator and UNESCO for property 668 context.,Consult APSARA or another named Khmer authority before adding non-public practices or controlled media.,APSARA public monument page and UNESCO World Heritage record.,2026-09-01T06:30:00Z,Material and living-heritage layers are kept distinct.
policy.v0280.maya.hero_twins_public,text.kiche.popol_vuh,source.maya.creation.nmai,Smithsonian National Museum of the American Indian public presentation,K'iche' Maya attribution; a living Indigenous tradition with a colonial-period manuscript transmission history.,ATTRIBUTION_REQUIRED,"Public institutional episode summary, catalogue metadata, source locator and independently written bilingual overview.","No claim of one standard Maya version; no restricted community knowledge, bulk text reproduction or inference that a colonial manuscript grants community permission.",Attribute the K'iche' Maya context and name the Smithsonian NMAI and Library of Congress roles separately.,Future community-specific expansion requires a named community or institutional public authority and scoped reuse terms.,Public NMAI presentation plus WMS living-tradition methodology.,2026-09-01T06:30:00Z,This policy permits only the bounded public Seven Macaw episode in batch 1.
policy.v0300.hindu.bhagavata_public,text.hindu.bhagavata_purana,source.india.bhagavatapurana.gretil,GRETIL public Sanskrit e-text,"The Bhāgavata Purāṇa remains scripture in living devotional traditions, notably Vaiṣṇava communities.",PUBLIC_CONTEXT,"Locators, metadata and independently written descriptive summaries of public scriptural passages.","No adjudication of theology, sectarian interpretation or ritual practice; no bulk reproduction of modern devotional translations.","Name the Purāṇa, skandha and adhyāya locator and the GRETIL e-text.","Consult named community or institutional authorities before adding ritual, commentarial or performance material.",Public scripture text plus WMS living-tradition methodology.,2026-10-02T05:40:00Z,Descriptive narrative summaries only.
policy.v0310.hawaii.pele_public,deity.hawaiian.pele,source.hawaii.pele.nps,"U.S. National Park Service, Hawaiʻi Volcanoes National Park (public interpretation)",Native Hawaiian cultural practitioners and lineal descendants connected to Kīlauea,ATTRIBUTION_REQUIRED,Attributed summary of the NPS public pages on Pele and Holo Mai Pele.,"Oli, mele, hula protocol, family or lineage traditions and any non-public cultural knowledge.",Cite the NPS pages and state that moʻolelo versions vary.,Seek guidance from Native Hawaiian cultural practitioners or community organizations before adding any further material.,Living tradition with a sacred landscape; NPS states that versions vary and asks visitors to show respect.,2026-10-09,v0.31 adds only the park's public summary.
policy.v0310.ogun.permission,deity.yoruba.ogun,source.yoruba.ifa.unesco,Relevant Yorùbá and diaspora custodial communities,Living Yorùbá religious traditions,PERMISSION_REQUIRED,"Name, civilization link and a note that no public story has been published here.","Oríkì, Ifá verses, ritual and lineage narratives without named community authorization.",,"Seek a named, public, community-led authority with an explicit publication scope.",No source with community permission has been identified; Ifá corpus material is already DO_NOT_COLLECT.,2026-10-09,The ogun story card shows this boundary instead of an invented story.
policy.v0310.olodumare.permission,deity.yoruba.olodumare,source.yoruba.ifa.unesco,Relevant Yorùbá and diaspora custodial communities,Living Yorùbá religious traditions,PERMISSION_REQUIRED,"Name, civilization link and a note that no public story has been published here.","Oríkì, Ifá verses, ritual and lineage narratives without named community authorization.",,"Seek a named, public, community-led authority with an explicit publication scope.",No source with community permission has been identified; Ifá corpus material is already DO_NOT_COLLECT.,2026-10-09,The olodumare story card shows this boundary instead of an invented story.
policy.v0310.oshun.living_practice,deity.yoruba.oshun,source.unesco.osun_osogbo.1118,Osun-Osogbo custodians and priesthood,Living Yoruba and diaspora Ọ̀ṣun devotion,PERMISSION_REQUIRED,None beyond the public heritage record until authorized.,"Narratives, praise poetry, ritual and festival detail drawn from living practice.",,Request through the grove's recognized custodial institutions.,Living religious practice; heritage listing is not permission to publish narratives.,2026-10-09,"Blocks Ọ̀ṣun story expansion only, not the rest of the batch."
policy.v0310.oshun.public_heritage,deity.yoruba.oshun,source.unesco.osun_osogbo.1118,UNESCO World Heritage Centre public record,Osogbo and wider Yoruba communities,PUBLIC_CONTEXT,The public World Heritage description of the grove and its association with Osun.,"Festival rites, oríkì, divination verses and lineage knowledge.",Cite UNESCO property 1118.,,Official public heritage description.,2026-10-09,v0.31 card-level facts only.
